#
# There is insufficient memory for the Java Runtime Environment to continue.
# Native memory allocation (mmap) failed to map 41943040 bytes for G1 virtual space
# Possible reasons:
#   The system is out of physical RAM or swap space
#   The process is running with CompressedOops enabled, and the Java Heap may be blocking the growth of the native heap
# Possible solutions:
#   Reduce memory load on the system
#   Increase physical memory or swap space
#   Check if swap backing store is full
#   Decrease Java heap size (-Xmx/-Xms)
#   Decrease number of Java threads
#   Decrease Java thread stack sizes (-Xss)
#   Set larger code cache with -XX:ReservedCodeCacheSize=
#   JVM is running with Unscaled Compressed Oops mode in which the Java heap is
#     placed in the first 4GB address space. The Java Heap base address is the
#     maximum limit for the native heap growth. Please use -XX:HeapBaseMinAddress
#     to set the Java Heap base and to place the Java Heap above 4GB virtual address.
# This output file may be truncated or incomplete.
#
#  Out of Memory Error (os_windows.cpp:3769), pid=23332, tid=30860
#
# JRE version: OpenJDK Runtime Environment (17.0.6) (build 17.0.6+0-b2043.56-10027231)
# Java VM: OpenJDK 64-Bit Server VM (17.0.6+0-b2043.56-10027231, mixed mode, tiered, compressed oops, compressed class ptrs, g1 gc, windows-amd64)
# No core dump will be written. Minidumps are not enabled by default on client versions of Windows
#

---------------  S U M M A R Y ------------

Command Line: --add-opens=java.base/java.util=ALL-UNNAMED --add-opens=java.base/java.lang=ALL-UNNAMED --add-opens=java.base/java.lang.invoke=ALL-UNNAMED --add-opens=java.prefs/java.util.prefs=ALL-UNNAMED --add-opens=java.base/java.nio.charset=ALL-UNNAMED --add-opens=java.base/java.net=ALL-UNNAMED --add-opens=java.base/java.util.concurrent.atomic=ALL-UNNAMED -Xmx2048m -Dfile.encoding=UTF-8 -Duser.country=FR -Duser.language=fr -Duser.variant org.gradle.launcher.daemon.bootstrap.GradleDaemon 8.0

Host: 13th Gen Intel(R) Core(TM) i7-1355U, 12 cores, 15G,  Windows 11 , 64 bit Build 26100 (10.0.26100.8246)
Time: Fri May  8 14:05:34 2026 Paris, Madrid (heure duild 26100 (10.0.26100.8246) elapsed time: 64.343495 seconds (0d 0h 1m 4s)

---------------  T H R E A D  ---------------

Current thread (0x0000023f650678b0):  VMThread "VM Thread" [stack: 0x000000b4c2c00000,0x000000b4c2d00000] [id=30860]

Stack: [0x000000b4c2c00000,0x000000b4c2d00000]
Native frames: (J=compiled Java code, j=interpreted, Vv=VM code, C=native code)
V  [jvm.dll+0x683c9a]
V  [jvm.dll+0x8427a4]
V  [jvm.dll+0x843f9e]
V  [jvm.dll+0x844603]
V  [jvm.dll+0x249b75]
V  [jvm.dll+0x680b69]
V  [jvm.dll+0x67505a]
V  [jvm.dll+0x309acb]
V  [jvm.dll+0x310f86]
V  [jvm.dll+0x3608ee]
V  [jvm.dll+0x360b1f]
V  [jvm.dll+0x2dfbf8]
V  [jvm.dll+0x2e2ce6]
V  [jvm.dll+0x2ed478]
V  [jvm.dll+0x322150]
V  [jvm.dll+0x848ccb]
V  [jvm.dll+0x849a04]
V  [jvm.dll+0x849f1d]
V  [jvm.dll+0x84a2f4]
V  [jvm.dll+0x84a3c0]
V  [jvm.dll+0x7f274a]
V  [jvm.dll+0x682ad5]
C  [ucrtbase.dll+0x37b0]
C  [KERNEL32.DLL+0x2e8d7]
C  [ntdll.dll+0x8c3fc]

VM_Operation (0x000000b4c28ff6c0): G1Concurrent, mode: safepoint, requested by thread 0x0000023f4a570320


---------------  P R O C E S S  ---------------

Threads class SMR info:
_java_thread_list=0x0000023f6ef051e0, length=215, elements={
0x0000023f4a503ea0, 0x0000023f6508b260, 0x0000023f6508bd20, 0x0000023f65077da0,
0x0000023f650bc410, 0x0000023f650bccd0, 0x0000023f650bd590, 0x0000023f650be180,
0x0000023f650bea80, 0x0000023f650bfb20, 0x0000023f65259060, 0x0000023f6527f8f0,
0x0000023f667e4030, 0x0000023f6650db70, 0x0000023f67880ad0, 0x0000023f6854abd0,
0x0000023f67e94a30, 0x0000023f68202f90, 0x0000023f682047a0, 0x0000023f68205140,
0x0000023f68203460, 0x0000023f68202120, 0x0000023f67c5b090, 0x0000023f67c58ee0,
0x0000023f67c5a220, 0x0000023f67c593b0, 0x0000023f67c5ea50, 0x0000023f67c5c8a0,
0x0000023f67c5bf00, 0x0000023f67c5dbe0, 0x0000023f6b110040, 0x0000023f6b10fb70,
0x0000023f6b10d4f0, 0x0000023f6b1109e0, 0x0000023f6b110eb0, 0x0000023f6b110510,
0x0000023f6b111850, 0x0000023f6e02e440, 0x0000023f67c5d240, 0x0000023f6f01fdd0,
0x0000023f6dc89c50, 0x0000023f6dc8a5f0, 0x0000023f720fc210, 0x0000023f6de0d710,
0x0000023f6ba26cb0, 0x0000023f6ba267e0, 0x0000023f6dfb03b0, 0x0000023f6dfafee0,
0x0000023f6dfb0880, 0x0000023f6ef40800, 0x0000023f6ef40cd0, 0x0000023f6ef411a0,
0x0000023f6ba284c0, 0x0000023f6f0202a0, 0x0000023f698d7a00, 0x0000023f6ba28990,
0x0000023f6ba28e60, 0x0000023f6ba27180, 0x0000023f6ba27650, 0x0000023f6ba27b20,
0x0000023f6ba26310, 0x0000023f6ba2a670, 0x0000023f692d3f20, 0x0000023f692d4d90,
0x0000023f692d5260, 0x0000023f6dfafa10, 0x0000023f6dfaf070, 0x0000023f6554b5b0,
0x0000023f65549da0, 0x0000023f6554a270, 0x0000023f65548590, 0x0000023f6554b0e0,
0x0000023f65548a60, 0x0000023f6554a740, 0x0000023f6f020770, 0x0000023f6ee66370,
0x0000023f6ee671e0, 0x0000023f6ee68520, 0x0000023f6ee66840, 0x0000023f6ee689f0,
0x0000023f6ee676b0, 0x0000023f6ee66d10, 0x0000023f6ee67b80, 0x0000023f6ee65ea0,
0x0000023f6ee68ec0, 0x0000023f6ee68050, 0x0000023f6ba29800, 0x0000023f6ba2b010,
0x0000023f6ba2b4e0, 0x0000023f6ba29cd0, 0x0000023f6ba29330, 0x0000023f6ba2b9b0,
0x0000023f6ba27ff0, 0x0000023f6ec8ca60, 0x0000023f6ec8b250, 0x0000023f6ec8bbf0,
0x0000023f6ec8c0c0, 0x0000023f6ec8b720, 0x0000023f6ec8c590, 0x0000023f6b2fe580,
0x0000023f6b2fea50, 0x0000023f6b2fef20, 0x0000023f6b2fd710, 0x0000023f6b2fcd70,
0x0000023f6ece5f70, 0x0000023f6ece6440, 0x0000023f6ece6de0, 0x0000023f6ece6910,
0x0000023f6ece55d0, 0x0000023f6ef3c080, 0x0000023f6ef3b6e0, 0x0000023f6ef3d3c0,
0x0000023f6ef3e230, 0x0000023f6ee8ba60, 0x0000023f6ee8a720, 0x0000023f65548f30,
0x0000023f6554ac10, 0x0000023f655480c0, 0x0000023f6554ba80, 0x0000023f65549400,
0x0000023f655498d0, 0x0000023f699b5340, 0x0000023f699b44d0, 0x0000023f699b49a0,
0x0000023f699b4e70, 0x0000023f699b3660, 0x0000023f699b27f0, 0x0000023f699b5ce0,
0x0000023f699b3b30, 0x0000023f699b5810, 0x0000023f698d8870, 0x0000023f698d7ed0,
0x0000023f698d83a0, 0x0000023f698d9210, 0x0000023f698d96e0, 0x0000023f698d7530,
0x0000023f698d8d40, 0x0000023f698d9bb0, 0x0000023f698da550, 0x0000023f698da080,
0x0000023f698daa20, 0x0000023f698d7060, 0x0000023f6e08e290, 0x0000023f6e08d8f0,
0x0000023f6e08c5b0, 0x0000023f6dccf0c0, 0x0000023f6dccf590, 0x0000023f6dccebf0,
0x0000023f6dcd0400, 0x0000023f6dccfa60, 0x0000023f72eb7500, 0x0000023f72eb79d0,
0x0000023f72eb7ea0, 0x0000023f72eba9f0, 0x0000023f72eba520, 0x0000023f6ba2ccf0,
0x0000023f6ba2d1c0, 0x0000023f6ba2be80, 0x0000023f6ba2c820, 0x0000023f6ba2c350,
0x0000023f6ba2d690, 0x0000023f6ba2db60, 0x0000023f6b10a4d0, 0x0000023f6b10bce0,
0x0000023f6b10ae70, 0x0000023f6b10b340, 0x0000023f6b10de90, 0x0000023f6b10b810,
0x0000023f6b10c1b0, 0x0000023f6b10c680, 0x0000023f6b10d020, 0x0000023f6b10cb50,
0x0000023f6b10d9c0, 0x0000023f6b10e360, 0x0000023f6b10a9a0, 0x0000023f6b10e830,
0x0000023f6ef3c550, 0x0000023f6ee8b0c0, 0x0000023f6ee8a250, 0x0000023f720e4e80,
0x0000023f720e7500, 0x0000023f720e5350, 0x0000023f720e44e0, 0x0000023f720e61c0,
0x0000023f720e49b0, 0x0000023f720e5820, 0x0000023f720e5cf0, 0x0000023f720e7030,
0x0000023f720fda20, 0x0000023f6b10f1d0, 0x0000023f72eb8370, 0x0000023f690eb950,
0x0000023f690e9af0, 0x0000023f699b2cc0, 0x0000023f720faed0, 0x0000023f720fa060,
0x0000023f720fa530, 0x0000023f720faa00, 0x0000023f720fb3a0, 0x0000023f720fb870,
0x0000023f72eb8d10, 0x0000023f6de0d240, 0x0000023f720e6b60, 0x0000023f720e3b40,
0x0000023f69291fc0, 0x0000023f6b87fc00, 0x0000023f6b87e8c0, 0x0000023f720e6690,
0x0000023f699b3190, 0x0000023f720e4010, 0x0000023f6ee69390, 0x0000023f6f495260,
0x0000023f6b880a70, 0x0000023f699b61b0, 0x0000023f72eb8840
}

Java Threads: ( => current thread )
  0x0000023f4a503ea0 JavaThread "main" [_thread_blocked, id=37104, stack(0x000000b4c2600000,0x000000b4c2700000)]
  0x0000023f6508b260 JavaThread "Reference Handler" daemon [_thread_blocked, id=24524, stack(0x000000b4c2d00000,0x000000b4c2e00000)]
  0x0000023f6508bd20 JavaThread "Finalizer" daemon [_thread_blocked, id=16240, stack(0x000000b4c2e00000,0x000000b4c2f00000)]
  0x0000023f65077da0 JavaThread "Signal Dispatcher" daemon [_thread_blocked, id=17224, stack(0x000000b4c2f00000,0x000000b4c3000000)]
  0x0000023f650bc410 JavaThread "Attach Listener" daemon [_thread_blocked, id=36724, stack(0x000000b4c3000000,0x000000b4c3100000)]
  0x0000023f650bccd0 JavaThread "Service Thread" daemon [_thread_blocked, id=26780, stack(0x000000b4c3100000,0x000000b4c3200000)]
  0x0000023f650bd590 JavaThread "Monitor Deflation Thread" daemon [_thread_blocked, id=17444, stack(0x000000b4c3200000,0x000000b4c3300000)]
  0x0000023f650be180 JavaThread "C2 CompilerThread0" daemon [_thread_blocked, id=25732, stack(0x000000b4c3300000,0x000000b4c3400000)]
  0x0000023f650bea80 JavaThread "C1 CompilerThread0" daemon [_thread_blocked, id=40756, stack(0x000000b4c3400000,0x000000b4c3500000)]
  0x0000023f650bfb20 JavaThread "Sweeper thread" daemon [_thread_blocked, id=14532, stack(0x000000b4c3500000,0x000000b4c3600000)]
  0x0000023f65259060 JavaThread "Common-Cleaner" daemon [_thread_blocked, id=31488, stack(0x000000b4c3600000,0x000000b4c3700000)]
  0x0000023f6527f8f0 JavaThread "Notification Thread" daemon [_thread_blocked, id=20640, stack(0x000000b4c3700000,0x000000b4c3800000)]
  0x0000023f667e4030 JavaThread "Daemon health stats" [_thread_blocked, id=36788, stack(0x000000b4c4000000,0x000000b4c4100000)]
  0x0000023f6650db70 JavaThread "Incoming local TCP Connector on port 56985" [_thread_in_native, id=22380, stack(0x000000b4c3a00000,0x000000b4c3b00000)]
  0x0000023f67880ad0 JavaThread "Daemon periodic checks" [_thread_blocked, id=29404, stack(0x000000b4c4100000,0x000000b4c4200000)]
  0x0000023f6854abd0 JavaThread "Daemon" [_thread_blocked, id=40984, stack(0x000000b4c4200000,0x000000b4c4300000)]
  0x0000023f67e94a30 JavaThread "Daemon worker" [_thread_blocked, id=29520, stack(0x000000b4c4500000,0x000000b4c4600000)]
  0x0000023f68202f90 JavaThread "Cache worker for journal cache (C:\Users\Ashley (etu-arakoto)\.gradle\caches\journal-1)" [_thread_blocked, id=9884, stack(0x000000b4c4f00000,0x000000b4c5000000)]
  0x0000023f682047a0 JavaThread "File lock request listener" [_thread_in_native, id=10080, stack(0x000000b4c5000000,0x000000b4c5100000)]
  0x0000023f68205140 JavaThread "Cache worker for file hash cache (C:\Users\Ashley (etu-arakoto)\.gradle\caches\8.0\fileHashes)" [_thread_blocked, id=12768, stack(0x000000b4c5100000,0x000000b4c5200000)]
  0x0000023f68203460 JavaThread "File watcher server" daemon [_thread_blocked, id=11052, stack(0x000000b4c3900000,0x000000b4c3a00000)]
  0x0000023f68202120 JavaThread "File watcher consumer" daemon [_thread_blocked, id=25260, stack(0x000000b4c5200000,0x000000b4c5300000)]
  0x0000023f67c5b090 JavaThread "Cache worker for file content cache (C:\Users\Ashley (etu-arakoto)\.gradle\caches\8.0\fileContent)" [_thread_blocked, id=25544, stack(0x000000b4c5500000,0x000000b4c5600000)]
  0x0000023f67c58ee0 JavaThread "Cache worker for execution history cache (C:\Users\Ashley (etu-arakoto)\.gradle\caches\8.0\executionHistory)" [_thread_blocked, id=19152, stack(0x000000b4c5800000,0x000000b4c5900000)]
  0x0000023f67c5a220 JavaThread "jar transforms" [_thread_blocked, id=31104, stack(0x000000b4c5a00000,0x000000b4c5b00000)]
  0x0000023f67c593b0 JavaThread "jar transforms Thread 2" [_thread_blocked, id=4496, stack(0x000000b4c5b00000,0x000000b4c5c00000)]
  0x0000023f67c5ea50 JavaThread "Cache worker for kotlin-dsl (C:\Users\Ashley (etu-arakoto)\.gradle\caches\8.0\kotlin-dsl)" [_thread_blocked, id=22344, stack(0x000000b4c5d00000,0x000000b4c5e00000)]
  0x0000023f67c5c8a0 JavaThread "jar transforms Thread 3" [_thread_blocked, id=31252, stack(0x000000b4c5e00000,0x000000b4c5f00000)]
  0x0000023f67c5bf00 JavaThread "jar transforms Thread 4" [_thread_blocked, id=14616, stack(0x000000b4c5f00000,0x000000b4c6000000)]
  0x0000023f67c5dbe0 JavaThread "jar transforms Thread 5" [_thread_blocked, id=17072, stack(0x000000b4c6100000,0x000000b4c6200000)]
  0x0000023f6b110040 JavaThread "jar transforms Thread 6" [_thread_blocked, id=10784, stack(0x000000b4cdb00000,0x000000b4cdc00000)]
  0x0000023f6b10fb70 JavaThread "jar transforms Thread 7" [_thread_blocked, id=28208, stack(0x000000b4cdc00000,0x000000b4cdd00000)]
  0x0000023f6b10d4f0 JavaThread "jar transforms Thread 8" [_thread_blocked, id=14992, stack(0x000000b4cdd00000,0x000000b4cde00000)]
  0x0000023f6b1109e0 JavaThread "jar transforms Thread 9" [_thread_blocked, id=14020, stack(0x000000b4cde00000,0x000000b4cdf00000)]
  0x0000023f6b110eb0 JavaThread "jar transforms Thread 10" [_thread_blocked, id=21600, stack(0x000000b4cdf00000,0x000000b4ce000000)]
  0x0000023f6b110510 JavaThread "jar transforms Thread 11" [_thread_blocked, id=38924, stack(0x000000b4ce000000,0x000000b4ce100000)]
  0x0000023f6b111850 JavaThread "jar transforms Thread 12" [_thread_blocked, id=22968, stack(0x000000b4ce100000,0x000000b4ce200000)]
  0x0000023f6e02e440 JavaThread "Memory manager" [_thread_blocked, id=19256, stack(0x000000b4ce200000,0x000000b4ce300000)]
  0x0000023f67c5d240 JavaThread "included builds" [_thread_blocked, id=31624, stack(0x000000b4ce400000,0x000000b4ce500000)]
  0x0000023f6f01fdd0 JavaThread "RMI Scheduler(0)" daemon [_thread_blocked, id=31632, stack(0x000000b4cfe00000,0x000000b4cff00000)]
  0x0000023f6dc89c50 JavaThread "RMI GC Daemon" daemon [_thread_blocked, id=27456, stack(0x000000b4d0000000,0x000000b4d0100000)]
  0x0000023f6dc8a5f0 JavaThread "RMI TCP Accept-0" daemon [_thread_in_native, id=8048, stack(0x000000b4d0100000,0x000000b4d0200000)]
  0x0000023f720fc210 JavaThread "RMI Reaper" [_thread_blocked, id=28172, stack(0x000000b4d0200000,0x000000b4d0300000)]
  0x0000023f6de0d710 JavaThread "RMI TCP Connection(1)-127.0.0.1" daemon [_thread_in_native, id=36600, stack(0x000000b4d0300000,0x000000b4d0400000)]
  0x0000023f6ba26cb0 JavaThread "Handler for socket connection from /127.0.0.1:56985 to /127.0.0.1:57063" [_thread_in_native, id=32556, stack(0x000000b4c4300000,0x000000b4c4400000)]
  0x0000023f6ba267e0 JavaThread "Cancel handler" [_thread_blocked, id=35184, stack(0x000000b4c4400000,0x000000b4c4500000)]
  0x0000023f6dfb03b0 JavaThread "Asynchronous log dispatcher for DefaultDaemonConnection: socket connection from /127.0.0.1:56985 to /127.0.0.1:57063" [_thread_blocked, id=16548, stack(0x000000b4c4600000,0x000000b4c4700000)]
  0x0000023f6dfafee0 JavaThread "Stdin handler" [_thread_blocked, id=14692, stack(0x000000b4c4700000,0x000000b4c4800000)]
  0x0000023f6dfb0880 JavaThread "Daemon client event forwarder" [_thread_blocked, id=34868, stack(0x000000b4c4800000,0x000000b4c4900000)]
  0x0000023f6ef40800 JavaThread "Cache worker for checksums cache (C:\Users\Ashley (etu-arakoto)\Documents\Informatique\suivi_candidatures\candidatures_android\.gradle\8.0\checksums)" [_thread_blocked, id=24616, stack(0x000000b4c5600000,0x000000b4c5700000)]
  0x0000023f6ef40cd0 JavaThread "Cache worker for cache directory md-rule (C:\Users\Ashley (etu-arakoto)\.gradle\caches\8.0\md-rule)" [_thread_blocked, id=5424, stack(0x000000b4c5700000,0x000000b4c5800000)]
  0x0000023f6ef411a0 JavaThread "Cache worker for file hash cache (C:\Users\Ashley (etu-arakoto)\Documents\Informatique\suivi_candidatures\candidatures_android\.gradle\8.0\fileHashes)" [_thread_blocked, id=11896, stack(0x000000b4c5900000,0x000000b4c5a00000)]
  0x0000023f6ba284c0 JavaThread "Cache worker for cache directory md-supplier (C:\Users\Ashley (etu-arakoto)\.gradle\caches\8.0\md-supplier)" [_thread_blocked, id=16208, stack(0x000000b4c6000000,0x000000b4c6100000)]
  0x0000023f6f0202a0 JavaThread "Cache worker for dependencies-accessors (C:\Users\Ashley (etu-arakoto)\Documents\Informatique\suivi_candidatures\candidatures_android\.gradle\8.0\dependencies-accessors)" [_thread_blocked, id=28240, stack(0x000000b4c6200000,0x000000b4c6300000)]
  0x0000023f698d7a00 JavaThread "Cache worker for Build Output Cleanup Cache (C:\Users\Ashley (etu-arakoto)\Documents\Informatique\suivi_candidatures\candidatures_android\.gradle\buildOutputCleanup)" [_thread_blocked, id=37564, stack(0x000000b4c6300000,0x000000b4c6400000)]
  0x0000023f6ba28990 JavaThread "Unconstrained build operations" [_thread_blocked, id=16552, stack(0x000000b4c6400000,0x000000b4c6500000)]
  0x0000023f6ba28e60 JavaThread "Unconstrained build operations Thread 2" [_thread_blocked, id=39764, stack(0x000000b4c6500000,0x000000b4c6600000)]
  0x0000023f6ba27180 JavaThread "Unconstrained build operations Thread 3" [_thread_blocked, id=8704, stack(0x000000b4c6600000,0x000000b4c6700000)]
  0x0000023f6ba27650 JavaThread "Unconstrained build operations Thread 4" [_thread_blocked, id=10816, stack(0x000000b4c6700000,0x000000b4c6800000)]
  0x0000023f6ba27b20 JavaThread "Unconstrained build operations Thread 5" [_thread_blocked, id=22724, stack(0x000000b4c6800000,0x000000b4c6900000)]
  0x0000023f6ba26310 JavaThread "Unconstrained build operations Thread 6" [_thread_blocked, id=41724, stack(0x000000b4c6900000,0x000000b4c6a00000)]
  0x0000023f6ba2a670 JavaThread "Unconstrained build operations Thread 7" [_thread_blocked, id=35152, stack(0x000000b4c6a00000,0x000000b4c6b00000)]
  0x0000023f692d3f20 JavaThread "Unconstrained build operations Thread 8" [_thread_blocked, id=26256, stack(0x000000b4c6b00000,0x000000b4c6c00000)]
  0x0000023f692d4d90 JavaThread "Unconstrained build operations Thread 9" [_thread_blocked, id=24468, stack(0x000000b4c6c00000,0x000000b4c6d00000)]
  0x0000023f692d5260 JavaThread "Unconstrained build operations Thread 10" [_thread_blocked, id=28288, stack(0x000000b4c6d00000,0x000000b4c6e00000)]
  0x0000023f6dfafa10 JavaThread "Unconstrained build operations Thread 11" [_thread_blocked, id=22720, stack(0x000000b4c6e00000,0x000000b4c6f00000)]
  0x0000023f6dfaf070 JavaThread "Unconstrained build operations Thread 12" [_thread_blocked, id=23452, stack(0x000000b4c6f00000,0x000000b4c7000000)]
  0x0000023f6554b5b0 JavaThread "Unconstrained build operations Thread 13" [_thread_blocked, id=11244, stack(0x000000b4c7000000,0x000000b4c7100000)]
  0x0000023f65549da0 JavaThread "Unconstrained build operations Thread 14" [_thread_blocked, id=38460, stack(0x000000b4c7100000,0x000000b4c7200000)]
  0x0000023f6554a270 JavaThread "Unconstrained build operations Thread 15" [_thread_blocked, id=2984, stack(0x000000b4c7200000,0x000000b4c7300000)]
  0x0000023f65548590 JavaThread "Unconstrained build operations Thread 16" [_thread_blocked, id=30776, stack(0x000000b4c7300000,0x000000b4c7400000)]
  0x0000023f6554b0e0 JavaThread "Unconstrained build operations Thread 17" [_thread_blocked, id=25252, stack(0x000000b4c7400000,0x000000b4c7500000)]
  0x0000023f65548a60 JavaThread "Unconstrained build operations Thread 18" [_thread_blocked, id=36152, stack(0x000000b4c7500000,0x000000b4c7600000)]
  0x0000023f6554a740 JavaThread "Unconstrained build operations Thread 19" [_thread_blocked, id=1068, stack(0x000000b4c7600000,0x000000b4c7700000)]
  0x0000023f6f020770 JavaThread "Unconstrained build operations Thread 20" [_thread_blocked, id=9752, stack(0x000000b4c7700000,0x000000b4c7800000)]
  0x0000023f6ee66370 JavaThread "Unconstrained build operations Thread 21" [_thread_blocked, id=22680, stack(0x000000b4c7800000,0x000000b4c7900000)]
  0x0000023f6ee671e0 JavaThread "Unconstrained build operations Thread 22" [_thread_blocked, id=22808, stack(0x000000b4c7900000,0x000000b4c7a00000)]
  0x0000023f6ee68520 JavaThread "Unconstrained build operations Thread 23" [_thread_blocked, id=28420, stack(0x000000b4c7a00000,0x000000b4c7b00000)]
  0x0000023f6ee66840 JavaThread "Unconstrained build operations Thread 24" [_thread_blocked, id=33160, stack(0x000000b4c7b00000,0x000000b4c7c00000)]
  0x0000023f6ee689f0 JavaThread "Unconstrained build operations Thread 25" [_thread_blocked, id=34916, stack(0x000000b4c7c00000,0x000000b4c7d00000)]
  0x0000023f6ee676b0 JavaThread "Unconstrained build operations Thread 26" [_thread_blocked, id=28600, stack(0x000000b4c7d00000,0x000000b4c7e00000)]
  0x0000023f6ee66d10 JavaThread "Unconstrained build operations Thread 27" [_thread_blocked, id=38812, stack(0x000000b4c7e00000,0x000000b4c7f00000)]
  0x0000023f6ee67b80 JavaThread "Unconstrained build operations Thread 28" [_thread_blocked, id=3832, stack(0x000000b4c7f00000,0x000000b4c8000000)]
  0x0000023f6ee65ea0 JavaThread "Unconstrained build operations Thread 29" [_thread_blocked, id=21684, stack(0x000000b4c8000000,0x000000b4c8100000)]
  0x0000023f6ee68ec0 JavaThread "Unconstrained build operations Thread 30" [_thread_blocked, id=17200, stack(0x000000b4c8100000,0x000000b4c8200000)]
  0x0000023f6ee68050 JavaThread "Unconstrained build operations Thread 31" [_thread_blocked, id=37272, stack(0x000000b4c8200000,0x000000b4c8300000)]
  0x0000023f6ba29800 JavaThread "Unconstrained build operations Thread 32" [_thread_blocked, id=34164, stack(0x000000b4c8300000,0x000000b4c8400000)]
  0x0000023f6ba2b010 JavaThread "Unconstrained build operations Thread 33" [_thread_blocked, id=20220, stack(0x000000b4c8400000,0x000000b4c8500000)]
  0x0000023f6ba2b4e0 JavaThread "Unconstrained build operations Thread 34" [_thread_blocked, id=33188, stack(0x000000b4c8500000,0x000000b4c8600000)]
  0x0000023f6ba29cd0 JavaThread "Unconstrained build operations Thread 35" [_thread_blocked, id=35156, stack(0x000000b4c8600000,0x000000b4c8700000)]
  0x0000023f6ba29330 JavaThread "Unconstrained build operations Thread 36" [_thread_blocked, id=9160, stack(0x000000b4c8700000,0x000000b4c8800000)]
  0x0000023f6ba2b9b0 JavaThread "Unconstrained build operations Thread 37" [_thread_blocked, id=26804, stack(0x000000b4c8800000,0x000000b4c8900000)]
  0x0000023f6ba27ff0 JavaThread "Unconstrained build operations Thread 38" [_thread_blocked, id=19832, stack(0x000000b4c8900000,0x000000b4c8a00000)]
  0x0000023f6ec8ca60 JavaThread "Unconstrained build operations Thread 39" [_thread_blocked, id=3584, stack(0x000000b4c8a00000,0x000000b4c8b00000)]
  0x0000023f6ec8b250 JavaThread "Unconstrained build operations Thread 40" [_thread_blocked, id=40456, stack(0x000000b4c8b00000,0x000000b4c8c00000)]
  0x0000023f6ec8bbf0 JavaThread "Unconstrained build operations Thread 41" [_thread_blocked, id=36080, stack(0x000000b4c8c00000,0x000000b4c8d00000)]
  0x0000023f6ec8c0c0 JavaThread "Unconstrained build operations Thread 42" [_thread_blocked, id=21472, stack(0x000000b4c8d00000,0x000000b4c8e00000)]
  0x0000023f6ec8b720 JavaThread "Unconstrained build operations Thread 43" [_thread_blocked, id=36836, stack(0x000000b4c8e00000,0x000000b4c8f00000)]
  0x0000023f6ec8c590 JavaThread "Unconstrained build operations Thread 44" [_thread_blocked, id=7756, stack(0x000000b4c8f00000,0x000000b4c9000000)]
  0x0000023f6b2fe580 JavaThread "Unconstrained build operations Thread 45" [_thread_blocked, id=21132, stack(0x000000b4c9000000,0x000000b4c9100000)]
  0x0000023f6b2fea50 JavaThread "Unconstrained build operations Thread 46" [_thread_blocked, id=23344, stack(0x000000b4c9100000,0x000000b4c9200000)]
  0x0000023f6b2fef20 JavaThread "Unconstrained build operations Thread 47" [_thread_blocked, id=14108, stack(0x000000b4c9200000,0x000000b4c9300000)]
  0x0000023f6b2fd710 JavaThread "Unconstrained build operations Thread 48" [_thread_blocked, id=10156, stack(0x000000b4c9300000,0x000000b4c9400000)]
  0x0000023f6b2fcd70 JavaThread "Unconstrained build operations Thread 49" [_thread_blocked, id=22524, stack(0x000000b4c9400000,0x000000b4c9500000)]
  0x0000023f6ece5f70 JavaThread "Unconstrained build operations Thread 50" [_thread_blocked, id=27768, stack(0x000000b4c9500000,0x000000b4c9600000)]
  0x0000023f6ece6440 JavaThread "Unconstrained build operations Thread 51" [_thread_blocked, id=16304, stack(0x000000b4c9600000,0x000000b4c9700000)]
  0x0000023f6ece6de0 JavaThread "Unconstrained build operations Thread 52" [_thread_blocked, id=2364, stack(0x000000b4c9700000,0x000000b4c9800000)]
  0x0000023f6ece6910 JavaThread "Unconstrained build operations Thread 53" [_thread_blocked, id=35480, stack(0x000000b4c9800000,0x000000b4c9900000)]
  0x0000023f6ece55d0 JavaThread "Unconstrained build operations Thread 54" [_thread_blocked, id=2568, stack(0x000000b4c9900000,0x000000b4c9a00000)]
  0x0000023f6ef3c080 JavaThread "Unconstrained build operations Thread 55" [_thread_blocked, id=3080, stack(0x000000b4c9a00000,0x000000b4c9b00000)]
  0x0000023f6ef3b6e0 JavaThread "Unconstrained build operations Thread 56" [_thread_blocked, id=14980, stack(0x000000b4c9b00000,0x000000b4c9c00000)]
  0x0000023f6ef3d3c0 JavaThread "Unconstrained build operations Thread 57" [_thread_blocked, id=34440, stack(0x000000b4c9c00000,0x000000b4c9d00000)]
  0x0000023f6ef3e230 JavaThread "Unconstrained build operations Thread 58" [_thread_blocked, id=33892, stack(0x000000b4c9d00000,0x000000b4c9e00000)]
  0x0000023f6ee8ba60 JavaThread "Unconstrained build operations Thread 59" [_thread_blocked, id=15968, stack(0x000000b4c9e00000,0x000000b4c9f00000)]
  0x0000023f6ee8a720 JavaThread "Unconstrained build operations Thread 60" [_thread_blocked, id=1924, stack(0x000000b4c9f00000,0x000000b4ca000000)]
  0x0000023f65548f30 JavaThread "Unconstrained build operations Thread 61" [_thread_blocked, id=26992, stack(0x000000b4ca000000,0x000000b4ca100000)]
  0x0000023f6554ac10 JavaThread "Unconstrained build operations Thread 62" [_thread_blocked, id=20812, stack(0x000000b4ca100000,0x000000b4ca200000)]
  0x0000023f655480c0 JavaThread "Unconstrained build operations Thread 63" [_thread_blocked, id=20436, stack(0x000000b4ca200000,0x000000b4ca300000)]
  0x0000023f6554ba80 JavaThread "Unconstrained build operations Thread 64" [_thread_blocked, id=36056, stack(0x000000b4ca300000,0x000000b4ca400000)]
  0x0000023f65549400 JavaThread "Unconstrained build operations Thread 65" [_thread_blocked, id=38856, stack(0x000000b4ca400000,0x000000b4ca500000)]
  0x0000023f655498d0 JavaThread "Unconstrained build operations Thread 66" [_thread_blocked, id=25012, stack(0x000000b4ca500000,0x000000b4ca600000)]
  0x0000023f699b5340 JavaThread "Unconstrained build operations Thread 67" [_thread_blocked, id=11900, stack(0x000000b4ca600000,0x000000b4ca700000)]
  0x0000023f699b44d0 JavaThread "Unconstrained build operations Thread 68" [_thread_blocked, id=31180, stack(0x000000b4ca700000,0x000000b4ca800000)]
  0x0000023f699b49a0 JavaThread "Unconstrained build operations Thread 69" [_thread_blocked, id=28452, stack(0x000000b4ca800000,0x000000b4ca900000)]
  0x0000023f699b4e70 JavaThread "Unconstrained build operations Thread 70" [_thread_blocked, id=16596, stack(0x000000b4ca900000,0x000000b4caa00000)]
  0x0000023f699b3660 JavaThread "Unconstrained build operations Thread 71" [_thread_blocked, id=19988, stack(0x000000b4caa00000,0x000000b4cab00000)]
  0x0000023f699b27f0 JavaThread "Unconstrained build operations Thread 72" [_thread_blocked, id=37608, stack(0x000000b4cab00000,0x000000b4cac00000)]
  0x0000023f699b5ce0 JavaThread "Unconstrained build operations Thread 73" [_thread_blocked, id=35768, stack(0x000000b4cac00000,0x000000b4cad00000)]
  0x0000023f699b3b30 JavaThread "Unconstrained build operations Thread 74" [_thread_blocked, id=19356, stack(0x000000b4cad00000,0x000000b4cae00000)]
  0x0000023f699b5810 JavaThread "Unconstrained build operations Thread 75" [_thread_blocked, id=30872, stack(0x000000b4cae00000,0x000000b4caf00000)]
  0x0000023f698d8870 JavaThread "Unconstrained build operations Thread 76" [_thread_blocked, id=38352, stack(0x000000b4caf00000,0x000000b4cb000000)]
  0x0000023f698d7ed0 JavaThread "Unconstrained build operations Thread 77" [_thread_blocked, id=18980, stack(0x000000b4cb000000,0x000000b4cb100000)]
  0x0000023f698d83a0 JavaThread "Unconstrained build operations Thread 78" [_thread_blocked, id=26532, stack(0x000000b4cb100000,0x000000b4cb200000)]
  0x0000023f698d9210 JavaThread "Unconstrained build operations Thread 79" [_thread_blocked, id=19500, stack(0x000000b4cb200000,0x000000b4cb300000)]
  0x0000023f698d96e0 JavaThread "Unconstrained build operations Thread 80" [_thread_blocked, id=36748, stack(0x000000b4cb300000,0x000000b4cb400000)]
  0x0000023f698d7530 JavaThread "Unconstrained build operations Thread 81" [_thread_blocked, id=13656, stack(0x000000b4cb400000,0x000000b4cb500000)]
  0x0000023f698d8d40 JavaThread "Unconstrained build operations Thread 82" [_thread_blocked, id=15200, stack(0x000000b4cb500000,0x000000b4cb600000)]
  0x0000023f698d9bb0 JavaThread "Unconstrained build operations Thread 83" [_thread_blocked, id=24392, stack(0x000000b4cb600000,0x000000b4cb700000)]
  0x0000023f698da550 JavaThread "Unconstrained build operations Thread 84" [_thread_blocked, id=39168, stack(0x000000b4cb700000,0x000000b4cb800000)]
  0x0000023f698da080 JavaThread "Unconstrained build operations Thread 85" [_thread_blocked, id=36920, stack(0x000000b4cb800000,0x000000b4cb900000)]
  0x0000023f698daa20 JavaThread "Unconstrained build operations Thread 86" [_thread_blocked, id=32972, stack(0x000000b4cb900000,0x000000b4cba00000)]
  0x0000023f698d7060 JavaThread "Unconstrained build operations Thread 87" [_thread_blocked, id=17348, stack(0x000000b4cba00000,0x000000b4cbb00000)]
  0x0000023f6e08e290 JavaThread "Unconstrained build operations Thread 88" [_thread_blocked, id=18536, stack(0x000000b4cbb00000,0x000000b4cbc00000)]
  0x0000023f6e08d8f0 JavaThread "Unconstrained build operations Thread 89" [_thread_blocked, id=14444, stack(0x000000b4cbc00000,0x000000b4cbd00000)]
  0x0000023f6e08c5b0 JavaThread "Unconstrained build operations Thread 90" [_thread_blocked, id=17952, stack(0x000000b4cbd00000,0x000000b4cbe00000)]
  0x0000023f6dccf0c0 JavaThread "Unconstrained build operations Thread 91" [_thread_blocked, id=32568, stack(0x000000b4cbe00000,0x000000b4cbf00000)]
  0x0000023f6dccf590 JavaThread "Unconstrained build operations Thread 92" [_thread_blocked, id=10112, stack(0x000000b4cbf00000,0x000000b4cc000000)]
  0x0000023f6dccebf0 JavaThread "Unconstrained build operations Thread 93" [_thread_blocked, id=30392, stack(0x000000b4cc000000,0x000000b4cc100000)]
  0x0000023f6dcd0400 JavaThread "Unconstrained build operations Thread 94" [_thread_blocked, id=26620, stack(0x000000b4cc100000,0x000000b4cc200000)]
  0x0000023f6dccfa60 JavaThread "Unconstrained build operations Thread 95" [_thread_blocked, id=31964, stack(0x000000b4cc200000,0x000000b4cc300000)]
  0x0000023f72eb7500 JavaThread "Unconstrained build operations Thread 96" [_thread_blocked, id=7892, stack(0x000000b4cc300000,0x000000b4cc400000)]
  0x0000023f72eb79d0 JavaThread "Unconstrained build operations Thread 97" [_thread_blocked, id=2852, stack(0x000000b4cc400000,0x000000b4cc500000)]
  0x0000023f72eb7ea0 JavaThread "Unconstrained build operations Thread 98" [_thread_blocked, id=37116, stack(0x000000b4cc500000,0x000000b4cc600000)]
  0x0000023f72eba9f0 JavaThread "Unconstrained build operations Thread 99" [_thread_blocked, id=37148, stack(0x000000b4cc600000,0x000000b4cc700000)]
  0x0000023f72eba520 JavaThread "Unconstrained build operations Thread 100" [_thread_blocked, id=16372, stack(0x000000b4cc700000,0x000000b4cc800000)]
  0x0000023f6ba2ccf0 JavaThread "Unconstrained build operations Thread 101" [_thread_blocked, id=12828, stack(0x000000b4cc800000,0x000000b4cc900000)]
  0x0000023f6ba2d1c0 JavaThread "Unconstrained build operations Thread 102" [_thread_blocked, id=12148, stack(0x000000b4cc900000,0x000000b4cca00000)]
  0x0000023f6ba2be80 JavaThread "Unconstrained build operations Thread 103" [_thread_blocked, id=38388, stack(0x000000b4cca00000,0x000000b4ccb00000)]
  0x0000023f6ba2c820 JavaThread "Unconstrained build operations Thread 104" [_thread_blocked, id=15788, stack(0x000000b4ccb00000,0x000000b4ccc00000)]
  0x0000023f6ba2c350 JavaThread "Unconstrained build operations Thread 105" [_thread_blocked, id=7636, stack(0x000000b4ccc00000,0x000000b4ccd00000)]
  0x0000023f6ba2d690 JavaThread "Unconstrained build operations Thread 106" [_thread_blocked, id=8012, stack(0x000000b4ccd00000,0x000000b4cce00000)]
  0x0000023f6ba2db60 JavaThread "Unconstrained build operations Thread 107" [_thread_blocked, id=24288, stack(0x000000b4cce00000,0x000000b4ccf00000)]
  0x0000023f6b10a4d0 JavaThread "Unconstrained build operations Thread 108" [_thread_blocked, id=30856, stack(0x000000b4ccf00000,0x000000b4cd000000)]
  0x0000023f6b10bce0 JavaThread "Unconstrained build operations Thread 109" [_thread_blocked, id=32832, stack(0x000000b4cd000000,0x000000b4cd100000)]
  0x0000023f6b10ae70 JavaThread "Unconstrained build operations Thread 110" [_thread_blocked, id=36560, stack(0x000000b4cd100000,0x000000b4cd200000)]
  0x0000023f6b10b340 JavaThread "Unconstrained build operations Thread 111" [_thread_blocked, id=12112, stack(0x000000b4cd200000,0x000000b4cd300000)]
  0x0000023f6b10de90 JavaThread "Unconstrained build operations Thread 112" [_thread_blocked, id=16432, stack(0x000000b4cd300000,0x000000b4cd400000)]
  0x0000023f6b10b810 JavaThread "Unconstrained build operations Thread 113" [_thread_blocked, id=36300, stack(0x000000b4cd400000,0x000000b4cd500000)]
  0x0000023f6b10c1b0 JavaThread "Unconstrained build operations Thread 114" [_thread_blocked, id=28564, stack(0x000000b4cd500000,0x000000b4cd600000)]
  0x0000023f6b10c680 JavaThread "Unconstrained build operations Thread 115" [_thread_blocked, id=21124, stack(0x000000b4cd600000,0x000000b4cd700000)]
  0x0000023f6b10d020 JavaThread "Unconstrained build operations Thread 116" [_thread_blocked, id=12804, stack(0x000000b4cd700000,0x000000b4cd800000)]
  0x0000023f6b10cb50 JavaThread "Unconstrained build operations Thread 117" [_thread_blocked, id=38272, stack(0x000000b4cd800000,0x000000b4cd900000)]
  0x0000023f6b10d9c0 JavaThread "Unconstrained build operations Thread 118" [_thread_blocked, id=34108, stack(0x000000b4cd900000,0x000000b4cda00000)]
  0x0000023f6b10e360 JavaThread "Unconstrained build operations Thread 119" [_thread_blocked, id=32500, stack(0x000000b4cda00000,0x000000b4cdb00000)]
  0x0000023f6b10a9a0 JavaThread "Unconstrained build operations Thread 120" [_thread_blocked, id=28476, stack(0x000000b4ce500000,0x000000b4ce600000)]
  0x0000023f6b10e830 JavaThread "build event listener" [_thread_blocked, id=23760, stack(0x000000b4ce600000,0x000000b4ce700000)]
  0x0000023f6ef3c550 JavaThread "included builds" [_thread_blocked, id=35316, stack(0x000000b4ce700000,0x000000b4ce800000)]
  0x0000023f6ee8b0c0 JavaThread "Execution worker" [_thread_blocked, id=36584, stack(0x000000b4ce800000,0x000000b4ce900000)]
  0x0000023f6ee8a250 JavaThread "Execution worker Thread 2" [_thread_blocked, id=12268, stack(0x000000b4ce900000,0x000000b4cea00000)]
  0x0000023f720e4e80 JavaThread "Execution worker Thread 3" [_thread_blocked, id=27108, stack(0x000000b4cea00000,0x000000b4ceb00000)]
  0x0000023f720e7500 JavaThread "Execution worker Thread 4" [_thread_blocked, id=23144, stack(0x000000b4ceb00000,0x000000b4cec00000)]
  0x0000023f720e5350 JavaThread "Execution worker Thread 5" [_thread_blocked, id=35232, stack(0x000000b4cec00000,0x000000b4ced00000)]
  0x0000023f720e44e0 JavaThread "Execution worker Thread 6" [_thread_blocked, id=7712, stack(0x000000b4ced00000,0x000000b4cee00000)]
  0x0000023f720e61c0 JavaThread "Execution worker Thread 7" [_thread_blocked, id=16416, stack(0x000000b4cee00000,0x000000b4cef00000)]
  0x0000023f720e49b0 JavaThread "Execution worker Thread 8" [_thread_blocked, id=11472, stack(0x000000b4cef00000,0x000000b4cf000000)]
  0x0000023f720e5820 JavaThread "Execution worker Thread 9" [_thread_blocked, id=2828, stack(0x000000b4cf000000,0x000000b4cf100000)]
  0x0000023f720e5cf0 JavaThread "Execution worker Thread 10" [_thread_blocked, id=17196, stack(0x000000b4cf500000,0x000000b4cf600000)]
  0x0000023f720e7030 JavaThread "Execution worker Thread 11" [_thread_blocked, id=4556, stack(0x000000b4cf600000,0x000000b4cf700000)]
  0x0000023f720fda20 JavaThread "Cache worker for execution history cache (C:\Users\Ashley (etu-arakoto)\Documents\Informatique\suivi_candidatures\candidatures_android\.gradle\8.0\executionHistory)" [_thread_blocked, id=31308, stack(0x000000b4cf700000,0x000000b4cf800000)]
  0x0000023f6b10f1d0 JavaThread "WorkerExecutor Queue" [_thread_blocked, id=32200, stack(0x000000b4cf800000,0x000000b4cf900000)]
  0x0000023f72eb8370 JavaThread "RMI TCP Connection(2)-127.0.0.1" daemon [_thread_in_native, id=3612, stack(0x000000b4cfa00000,0x000000b4cfb00000)]
  0x0000023f690eb950 JavaThread "C2 CompilerThread1" daemon [_thread_blocked, id=9076, stack(0x000000b4c5300000,0x000000b4c5400000)]
  0x0000023f690e9af0 JavaThread "C2 CompilerThread2" daemon [_thread_blocked, id=19468, stack(0x000000b4c5400000,0x000000b4c5500000)]
  0x0000023f699b2cc0 JavaThread "WorkerExecutor Queue Thread 2" [_thread_blocked, id=27760, stack(0x000000b4cfb00000,0x000000b4cfc00000)]
  0x0000023f720faed0 JavaThread "WorkerExecutor Queue Thread 3" [_thread_blocked, id=7360, stack(0x000000b4cfc00000,0x000000b4cfd00000)]
  0x0000023f720fa060 JavaThread "WorkerExecutor Queue Thread 4" [_thread_blocked, id=21256, stack(0x000000b4cfd00000,0x000000b4cfe00000)]
  0x0000023f720fa530 JavaThread "WorkerExecutor Queue Thread 5" [_thread_blocked, id=14512, stack(0x000000b4cff00000,0x000000b4d0000000)]
  0x0000023f720faa00 JavaThread "WorkerExecutor Queue Thread 6" [_thread_blocked, id=22296, stack(0x000000b4d0400000,0x000000b4d0500000)]
  0x0000023f720fb3a0 JavaThread "WorkerExecutor Queue Thread 7" [_thread_blocked, id=10448, stack(0x000000b4d0500000,0x000000b4d0600000)]
  0x0000023f720fb870 JavaThread "WorkerExecutor Queue Thread 8" [_thread_blocked, id=38528, stack(0x000000b4d0600000,0x000000b4d0700000)]
  0x0000023f72eb8d10 JavaThread "WorkerExecutor Queue Thread 9" [_thread_blocked, id=19692, stack(0x000000b4d0700000,0x000000b4d0800000)]
  0x0000023f6de0d240 JavaThread "WorkerExecutor Queue Thread 10" [_thread_blocked, id=2512, stack(0x000000b4d0800000,0x000000b4d0900000)]
  0x0000023f720e6b60 JavaThread "WorkerExecutor Queue Thread 11" [_thread_blocked, id=7352, stack(0x000000b4d0900000,0x000000b4d0a00000)]
  0x0000023f720e3b40 JavaThread "WorkerExecutor Queue Thread 12" [_thread_blocked, id=16444, stack(0x000000b4d0a00000,0x000000b4d0b00000)]
  0x0000023f69291fc0 JavaThread "ForkJoinPool.commonPool-worker-1" daemon [_thread_blocked, id=29668, stack(0x000000b4c2300000,0x000000b4c2400000)]
  0x0000023f6b87fc00 JavaThread "ForkJoinPool.commonPool-worker-2" daemon [_thread_blocked, id=28024, stack(0x000000b4c2400000,0x000000b4c2500000)]
  0x0000023f6b87e8c0 JavaThread "ForkJoinPool.commonPool-worker-3" daemon [_thread_blocked, id=40136, stack(0x000000b4c2500000,0x000000b4c2600000)]
  0x0000023f720e6690 JavaThread "ForkJoinPool.commonPool-worker-4" daemon [_thread_blocked, id=34976, stack(0x000000b4cf900000,0x000000b4cfa00000)]
  0x0000023f699b3190 JavaThread "ForkJoinPool.commonPool-worker-5" daemon [_thread_blocked, id=23280, stack(0x000000b4d0b00000,0x000000b4d0c00000)]
  0x0000023f720e4010 JavaThread "ForkJoinPool.commonPool-worker-6" daemon [_thread_blocked, id=37516, stack(0x000000b4d0c00000,0x000000b4d0d00000)]
  0x0000023f6ee69390 JavaThread "ForkJoinPool.commonPool-worker-7" daemon [_thread_blocked, id=41732, stack(0x000000b4d0d00000,0x000000b4d0e00000)]
  0x0000023f6f495260 JavaThread "ForkJoinPool.commonPool-worker-8" daemon [_thread_blocked, id=37092, stack(0x000000b4d0e00000,0x000000b4d0f00000)]
  0x0000023f6b880a70 JavaThread "ForkJoinPool.commonPool-worker-9" daemon [_thread_blocked, id=26340, stack(0x000000b4d0f00000,0x000000b4d1000000)]
  0x0000023f699b61b0 JavaThread "ForkJoinPool.commonPool-worker-10" daemon [_thread_blocked, id=31804, stack(0x000000b4d1000000,0x000000b4d1100000)]
  0x0000023f72eb8840 JavaThread "ForkJoinPool.commonPool-worker-11" daemon [_thread_blocked, id=4524, stack(0x000000b4d1100000,0x000000b4d1200000)]

Other Threads:
=>0x0000023f650678b0 VMThread "VM Thread" [stack: 0x000000b4c2c00000,0x000000b4c2d00000] [id=30860]
  0x0000023f4a5816f0 WatcherThread [stack: 0x000000b4c3800000,0x000000b4c3900000] [id=13756]
  0x0000023f4a55f4d0 GCTaskThread "GC Thread#0" [stack: 0x000000b4c2700000,0x000000b4c2800000] [id=6300]
  0x0000023f65fcd070 GCTaskThread "GC Thread#1" [stack: 0x000000b4c3b00000,0x000000b4c3c00000] [id=23016]
  0x0000023f65b02470 GCTaskThread "GC Thread#2" [stack: 0x000000b4c3c00000,0x000000b4c3d00000] [id=40448]
  0x0000023f65f27760 GCTaskThread "GC Thread#3" [stack: 0x000000b4c3d00000,0x000000b4c3e00000] [id=30912]
  0x0000023f65f27a10 GCTaskThread "GC Thread#4" [stack: 0x000000b4c3e00000,0x000000b4c3f00000] [id=33812]
  0x0000023f65f27cc0 GCTaskThread "GC Thread#5" [stack: 0x000000b4c3f00000,0x000000b4c4000000] [id=41856]
  0x0000023f67d12560 GCTaskThread "GC Thread#6" [stack: 0x000000b4c4900000,0x000000b4c4a00000] [id=16252]
  0x0000023f67d12810 GCTaskThread "GC Thread#7" [stack: 0x000000b4c4a00000,0x000000b4c4b00000] [id=14956]
  0x0000023f67e225f0 GCTaskThread "GC Thread#8" [stack: 0x000000b4c4b00000,0x000000b4c4c00000] [id=9868]
  0x0000023f67e228a0 GCTaskThread "GC Thread#9" [stack: 0x000000b4c4c00000,0x000000b4c4d00000] [id=4708]
  0x0000023f4a570320 ConcurrentGCThread "G1 Main Marker" [stack: 0x000000b4c2800000,0x000000b4c2900000] [id=15460]
  0x0000023f4a571910 ConcurrentGCThread "G1 Conc#0" [stack: 0x000000b4c2900000,0x000000b4c2a00000] [id=21808]
  0x0000023f67e22b50 ConcurrentGCThread "G1 Conc#1" [stack: 0x000000b4c4d00000,0x000000b4c4e00000] [id=6588]
  0x0000023f67e22e00 ConcurrentGCThread "G1 Conc#2" [stack: 0x000000b4c4e00000,0x000000b4c4f00000] [id=13952]
  0x0000023f4a5be800 ConcurrentGCThread "G1 Refine#0" [stack: 0x000000b4c2a00000,0x000000b4c2b00000] [id=19076]
  0x0000023f6d904aa0 ConcurrentGCThread "G1 Refine#1" [stack: 0x000000b4cf100000,0x000000b4cf200000] [id=39088]
  0x0000023f6e2e19e0 ConcurrentGCThread "G1 Refine#2" [stack: 0x000000b4cf200000,0x000000b4cf300000] [id=24044]
  0x0000023f724e1eb0 ConcurrentGCThread "G1 Refine#3" [stack: 0x000000b4cf300000,0x000000b4cf400000] [id=40900]
  0x0000023f6d903f20 ConcurrentGCThread "G1 Refine#4" [stack: 0x000000b4cf400000,0x000000b4cf500000] [id=7984]
  0x0000023f63df2040 ConcurrentGCThread "G1 Service" [stack: 0x000000b4c2b00000,0x000000b4c2c00000] [id=37956]

Threads with active compile tasks:
C2 CompilerThread0    64382 18309   !   4       java.net.URL::<init> (543 bytes)
C2 CompilerThread1    64382 18315       4       java.math.MutableBigInteger::add (346 bytes)
C2 CompilerThread2    64382 18322       4       java.math.BigInteger::montReduce (99 bytes)

VM state: at safepoint (normal execution)

VM Mutex/Monitor currently owned by a thread:  ([mutex/lock_event])
[0x0000023f4a4ffc10] Threads_lock - owner thread: 0x0000023f650678b0
[0x0000023f4a4ffe50] Heap_lock - owner thread: 0x0000023f4a570320

Heap address: 0x0000000080000000, size: 2048 MB, Compressed Oops mode: 32-bit

CDS archive(s) not mapped
Compressed class space mapped at: 0x0000000100000000-0x0000000140000000, reserved size: 1073741824
Narrow klass base: 0x0000000000000000, Narrow klass shift: 3, Narrow klass range: 0x140000000

GC Precious Log:
 CPUs: 12 total, 12 available
 Memory: 16068M
 Large Page Support: Disabled
 NUMA Support: Disabled
 Compressed Oops: Enabled (32-bit)
 Heap Region Size: 1M
 Heap Min Capacity: 8M
 Heap Initial Capacity: 252M
 Heap Max Capacity: 2G
 Pre-touch: Disabled
 Parallel Workers: 10
 Concurrent Workers: 3
 Concurrent Refinement Workers: 10
 Periodic GC: Disabled

Heap:
 garbage-first heap   total 217088K, used 177962K [0x0000000080000000, 0x0000000100000000)
  region size 1024K, 3 young (3072K), 2 survivors (2048K)
 Metaspace       used 133188K, committed 134400K, reserved 1171456K
  class space    used 19159K, committed 19712K, reserved 1048576K

Heap Regions: E=young(eden), S=young(survivor), O=old, HS=humongous(starts), HC=humongous(continues), CS=collection set, F=free, OA=open archive, CA=closed archive, TAMS=top-at-mark-start (previous, next)
|   0|0x0000000080000000, 0x0000000080100000, 0x0000000080100000|100%|HS|  |TAMS 0x0000000080100000, 0x0000000080000000| Complete 
|   1|0x0000000080100000, 0x0000000080200000, 0x0000000080200000|100%|HC|  |TAMS 0x0000000080200000, 0x0000000080100000| Complete 
|   2|0x0000000080200000, 0x0000000080300000, 0x0000000080300000|100%|HC|  |TAMS 0x0000000080300000, 0x0000000080200000| Complete 
|   3|0x0000000080300000, 0x0000000080400000, 0x0000000080400000|100%|HC|  |TAMS 0x0000000080400000, 0x0000000080300000| Complete 
|   4|0x0000000080400000, 0x0000000080500000, 0x0000000080500000|100%| O|  |TAMS 0x0000000080500000, 0x0000000080400000| Untracked 
|   5|0x0000000080500000, 0x0000000080600000, 0x0000000080600000|100%| O|  |TAMS 0x0000000080600000, 0x0000000080500000| Untracked 
|   6|0x0000000080600000, 0x0000000080700000, 0x0000000080700000|100%| O|  |TAMS 0x0000000080700000, 0x0000000080600000| Untracked 
|   7|0x0000000080700000, 0x0000000080800000, 0x0000000080800000|100%| O|  |TAMS 0x0000000080800000, 0x0000000080700000| Untracked 
|   8|0x0000000080800000, 0x0000000080900000, 0x0000000080900000|100%| O|  |TAMS 0x0000000080900000, 0x0000000080800000| Untracked 
|   9|0x0000000080900000, 0x0000000080a00000, 0x0000000080a00000|100%| O|  |TAMS 0x0000000080a00000, 0x0000000080900000| Untracked 
|  10|0x0000000080a00000, 0x0000000080aff200, 0x0000000080b00000| 99%| O|  |TAMS 0x0000000080aff200, 0x0000000080a00000| Untracked 
|  11|0x0000000080b00000, 0x0000000080c00000, 0x0000000080c00000|100%| O|  |TAMS 0x0000000080c00000, 0x0000000080b00000| Untracked 
|  12|0x0000000080c00000, 0x0000000080d00000, 0x0000000080d00000|100%| O|  |TAMS 0x0000000080d00000, 0x0000000080c00000| Untracked 
|  13|0x0000000080d00000, 0x0000000080e00000, 0x0000000080e00000|100%| O|  |TAMS 0x0000000080e00000, 0x0000000080d00000| Updating 
|  14|0x0000000080e00000, 0x0000000080f00000, 0x0000000080f00000|100%| O|  |TAMS 0x0000000080f00000, 0x0000000080e00000| Untracked 
|  15|0x0000000080f00000, 0x0000000081000000, 0x0000000081000000|100%| O|  |TAMS 0x0000000081000000, 0x0000000080f00000| Untracked 
|  16|0x0000000081000000, 0x0000000081100000, 0x0000000081100000|100%| O|  |TAMS 0x0000000081100000, 0x0000000081000000| Untracked 
|  17|0x0000000081100000, 0x0000000081200000, 0x0000000081200000|100%| O|  |TAMS 0x0000000081200000, 0x0000000081100000| Untracked 
|  18|0x0000000081200000, 0x0000000081300000, 0x0000000081300000|100%| O|  |TAMS 0x0000000081300000, 0x0000000081200000| Untracked 
|  19|0x0000000081300000, 0x0000000081400000, 0x0000000081400000|100%| O|  |TAMS 0x0000000081400000, 0x0000000081300000| Updating 
|  20|0x0000000081400000, 0x0000000081500000, 0x0000000081500000|100%| O|  |TAMS 0x0000000081500000, 0x0000000081400000| Updating 
|  21|0x0000000081500000, 0x0000000081600000, 0x0000000081600000|100%| O|  |TAMS 0x0000000081600000, 0x0000000081500000| Updating 
|  22|0x0000000081600000, 0x0000000081700000, 0x0000000081700000|100%| O|  |TAMS 0x0000000081700000, 0x0000000081600000| Untracked 
|  23|0x0000000081700000, 0x0000000081800000, 0x0000000081800000|100%| O|  |TAMS 0x0000000081800000, 0x0000000081700000| Updating 
|  24|0x0000000081800000, 0x0000000081900000, 0x0000000081900000|100%| O|  |TAMS 0x0000000081900000, 0x0000000081800000| Untracked 
|  25|0x0000000081900000, 0x0000000081a00000, 0x0000000081a00000|100%| O|  |TAMS 0x0000000081a00000, 0x0000000081900000| Untracked 
|  26|0x0000000081a00000, 0x0000000081b00000, 0x0000000081b00000|100%| O|  |TAMS 0x0000000081b00000, 0x0000000081a00000| Untracked 
|  27|0x0000000081b00000, 0x0000000081c00000, 0x0000000081c00000|100%| O|  |TAMS 0x0000000081c00000, 0x0000000081b00000| Untracked 
|  28|0x0000000081c00000, 0x0000000081d00000, 0x0000000081d00000|100%| O|  |TAMS 0x0000000081d00000, 0x0000000081c00000| Untracked 
|  29|0x0000000081d00000, 0x0000000081e00000, 0x0000000081e00000|100%| O|  |TAMS 0x0000000081e00000, 0x0000000081d00000| Untracked 
|  30|0x0000000081e00000, 0x0000000081f00000, 0x0000000081f00000|100%|HS|  |TAMS 0x0000000081f00000, 0x0000000081e00000| Complete 
|  31|0x0000000081f00000, 0x0000000082000000, 0x0000000082000000|100%|HS|  |TAMS 0x0000000082000000, 0x0000000081f00000| Complete 
|  32|0x0000000082000000, 0x0000000082100000, 0x0000000082100000|100%|HS|  |TAMS 0x0000000082100000, 0x0000000082000000| Complete 
|  33|0x0000000082100000, 0x0000000082200000, 0x0000000082200000|100%|HC|  |TAMS 0x0000000082200000, 0x0000000082100000| Complete 
|  34|0x0000000082200000, 0x0000000082300000, 0x0000000082300000|100%|HS|  |TAMS 0x0000000082300000, 0x0000000082200000| Complete 
|  35|0x0000000082300000, 0x0000000082400000, 0x0000000082400000|100%|HS|  |TAMS 0x0000000082400000, 0x0000000082300000| Complete 
|  36|0x0000000082400000, 0x0000000082500000, 0x0000000082500000|100%|HC|  |TAMS 0x0000000082500000, 0x0000000082400000| Complete 
|  37|0x0000000082500000, 0x0000000082600000, 0x0000000082600000|100%|HC|  |TAMS 0x0000000082600000, 0x0000000082500000| Complete 
|  38|0x0000000082600000, 0x0000000082700000, 0x0000000082700000|100%|HC|  |TAMS 0x0000000082700000, 0x0000000082600000| Complete 
|  39|0x0000000082700000, 0x0000000082800000, 0x0000000082800000|100%| O|  |TAMS 0x0000000082800000, 0x0000000082700000| Untracked 
|  40|0x0000000082800000, 0x0000000082900000, 0x0000000082900000|100%| O|  |TAMS 0x0000000082900000, 0x0000000082800000| Updating 
|  41|0x0000000082900000, 0x0000000082a00000, 0x0000000082a00000|100%| O|  |TAMS 0x0000000082a00000, 0x0000000082900000| Untracked 
|  42|0x0000000082a00000, 0x0000000082b00000, 0x0000000082b00000|100%| O|  |TAMS 0x0000000082b00000, 0x0000000082a00000| Updating 
|  43|0x0000000082b00000, 0x0000000082c00000, 0x0000000082c00000|100%| O|  |TAMS 0x0000000082c00000, 0x0000000082b00000| Updating 
|  44|0x0000000082c00000, 0x0000000082d00000, 0x0000000082d00000|100%| O|  |TAMS 0x0000000082d00000, 0x0000000082c00000| Updating 
|  45|0x0000000082d00000, 0x0000000082e00000, 0x0000000082e00000|100%| O|  |TAMS 0x0000000082e00000, 0x0000000082d00000| Updating 
|  46|0x0000000082e00000, 0x0000000082f00000, 0x0000000082f00000|100%| O|  |TAMS 0x0000000082f00000, 0x0000000082e00000| Untracked 
|  47|0x0000000082f00000, 0x0000000083000000, 0x0000000083000000|100%| O|  |TAMS 0x0000000083000000, 0x0000000082f00000| Untracked 
|  48|0x0000000083000000, 0x0000000083100000, 0x0000000083100000|100%| O|  |TAMS 0x0000000083100000, 0x0000000083000000| Updating 
|  49|0x0000000083100000, 0x0000000083200000, 0x0000000083200000|100%| O|  |TAMS 0x0000000083200000, 0x0000000083100000| Untracked 
|  50|0x0000000083200000, 0x0000000083300000, 0x0000000083300000|100%| O|  |TAMS 0x0000000083300000, 0x0000000083200000| Updating 
|  51|0x0000000083300000, 0x0000000083400000, 0x0000000083400000|100%| O|  |TAMS 0x0000000083400000, 0x0000000083300000| Untracked 
|  52|0x0000000083400000, 0x0000000083500000, 0x0000000083500000|100%| O|  |TAMS 0x0000000083500000, 0x0000000083400000| Updating 
|  53|0x0000000083500000, 0x0000000083600000, 0x0000000083600000|100%| O|  |TAMS 0x0000000083600000, 0x0000000083500000| Updating 
|  54|0x0000000083600000, 0x0000000083700000, 0x0000000083700000|100%| O|  |TAMS 0x0000000083700000, 0x0000000083600000| Updating 
|  55|0x0000000083700000, 0x0000000083800000, 0x0000000083800000|100%| O|  |TAMS 0x0000000083800000, 0x0000000083700000| Untracked 
|  56|0x0000000083800000, 0x0000000083900000, 0x0000000083900000|100%| O|  |TAMS 0x0000000083900000, 0x0000000083800000| Untracked 
|  57|0x0000000083900000, 0x0000000083a00000, 0x0000000083a00000|100%| O|  |TAMS 0x0000000083a00000, 0x0000000083900000| Untracked 
|  58|0x0000000083a00000, 0x0000000083b00000, 0x0000000083b00000|100%| O|  |TAMS 0x0000000083b00000, 0x0000000083a00000| Untracked 
|  59|0x0000000083b00000, 0x0000000083c00000, 0x0000000083c00000|100%| O|  |TAMS 0x0000000083c00000, 0x0000000083b00000| Untracked 
|  60|0x0000000083c00000, 0x0000000083d00000, 0x0000000083d00000|100%| O|  |TAMS 0x0000000083d00000, 0x0000000083c00000| Untracked 
|  61|0x0000000083d00000, 0x0000000083e00000, 0x0000000083e00000|100%| O|  |TAMS 0x0000000083e00000, 0x0000000083d00000| Updating 
|  62|0x0000000083e00000, 0x0000000083f00000, 0x0000000083f00000|100%| O|  |TAMS 0x0000000083f00000, 0x0000000083e00000| Untracked 
|  63|0x0000000083f00000, 0x0000000084000000, 0x0000000084000000|100%| O|  |TAMS 0x0000000084000000, 0x0000000083f00000| Untracked 
|  64|0x0000000084000000, 0x0000000084100000, 0x0000000084100000|100%| O|  |TAMS 0x0000000084100000, 0x0000000084000000| Updating 
|  65|0x0000000084100000, 0x0000000084200000, 0x0000000084200000|100%| O|  |TAMS 0x0000000084200000, 0x0000000084100000| Updating 
|  66|0x0000000084200000, 0x0000000084300000, 0x0000000084300000|100%| O|  |TAMS 0x0000000084300000, 0x0000000084200000| Updating 
|  67|0x0000000084300000, 0x0000000084400000, 0x0000000084400000|100%| O|  |TAMS 0x0000000084400000, 0x0000000084300000| Updating 
|  68|0x0000000084400000, 0x0000000084500000, 0x0000000084500000|100%| O|  |TAMS 0x0000000084500000, 0x0000000084400000| Updating 
|  69|0x0000000084500000, 0x0000000084600000, 0x0000000084600000|100%| O|  |TAMS 0x0000000084600000, 0x0000000084500000| Updating 
|  70|0x0000000084600000, 0x0000000084700000, 0x0000000084700000|100%| O|  |TAMS 0x0000000084700000, 0x0000000084600000| Updating 
|  71|0x0000000084700000, 0x0000000084800000, 0x0000000084800000|100%| O|  |TAMS 0x0000000084800000, 0x0000000084700000| Updating 
|  72|0x0000000084800000, 0x0000000084900000, 0x0000000084900000|100%| O|  |TAMS 0x0000000084900000, 0x0000000084800000| Untracked 
|  73|0x0000000084900000, 0x0000000084a00000, 0x0000000084a00000|100%| O|  |TAMS 0x0000000084a00000, 0x0000000084900000| Untracked 
|  74|0x0000000084a00000, 0x0000000084b00000, 0x0000000084b00000|100%| O|  |TAMS 0x0000000084b00000, 0x0000000084a00000| Updating 
|  75|0x0000000084b00000, 0x0000000084c00000, 0x0000000084c00000|100%| O|  |TAMS 0x0000000084c00000, 0x0000000084b00000| Updating 
|  76|0x0000000084c00000, 0x0000000084d00000, 0x0000000084d00000|100%| O|  |TAMS 0x0000000084d00000, 0x0000000084c00000| Updating 
|  77|0x0000000084d00000, 0x0000000084e00000, 0x0000000084e00000|100%| O|  |TAMS 0x0000000084e00000, 0x0000000084d00000| Updating 
|  78|0x0000000084e00000, 0x0000000084f00000, 0x0000000084f00000|100%| O|  |TAMS 0x0000000084f00000, 0x0000000084e00000| Updating 
|  79|0x0000000084f00000, 0x0000000085000000, 0x0000000085000000|100%| O|  |TAMS 0x0000000085000000, 0x0000000084f00000| Untracked 
|  80|0x0000000085000000, 0x0000000085100000, 0x0000000085100000|100%| O|  |TAMS 0x0000000085100000, 0x0000000085000000| Untracked 
|  81|0x0000000085100000, 0x0000000085200000, 0x0000000085200000|100%| O|  |TAMS 0x0000000085200000, 0x0000000085100000| Untracked 
|  82|0x0000000085200000, 0x0000000085300000, 0x0000000085300000|100%| O|  |TAMS 0x0000000085300000, 0x0000000085200000| Untracked 
|  83|0x0000000085300000, 0x0000000085400000, 0x0000000085400000|100%| O|  |TAMS 0x0000000085400000, 0x0000000085300000| Updating 
|  84|0x0000000085400000, 0x0000000085500000, 0x0000000085500000|100%| O|  |TAMS 0x0000000085500000, 0x0000000085400000| Updating 
|  85|0x0000000085500000, 0x0000000085600000, 0x0000000085600000|100%| O|  |TAMS 0x0000000085600000, 0x0000000085500000| Updating 
|  86|0x0000000085600000, 0x0000000085700000, 0x0000000085700000|100%| O|  |TAMS 0x0000000085700000, 0x0000000085600000| Updating 
|  87|0x0000000085700000, 0x0000000085800000, 0x0000000085800000|100%| O|  |TAMS 0x0000000085800000, 0x0000000085700000| Untracked 
|  88|0x0000000085800000, 0x0000000085900000, 0x0000000085900000|100%| O|  |TAMS 0x0000000085900000, 0x0000000085800000| Updating 
|  89|0x0000000085900000, 0x0000000085a00000, 0x0000000085a00000|100%| O|  |TAMS 0x0000000085a00000, 0x0000000085900000| Updating 
|  90|0x0000000085a00000, 0x0000000085b00000, 0x0000000085b00000|100%| O|  |TAMS 0x0000000085b00000, 0x0000000085a00000| Updating 
|  91|0x0000000085b00000, 0x0000000085c00000, 0x0000000085c00000|100%| O|  |TAMS 0x0000000085c00000, 0x0000000085b00000| Updating 
|  92|0x0000000085c00000, 0x0000000085c00000, 0x0000000085d00000|  0%| F|  |TAMS 0x0000000085c00000, 0x0000000085c00000| Untracked 
|  93|0x0000000085d00000, 0x0000000085e00000, 0x0000000085e00000|100%| O|  |TAMS 0x0000000085e00000, 0x0000000085d00000| Updating 
|  94|0x0000000085e00000, 0x0000000085f00000, 0x0000000085f00000|100%| O|  |TAMS 0x0000000085f00000, 0x0000000085e00000| Updating 
|  95|0x0000000085f00000, 0x0000000086000000, 0x0000000086000000|100%| O|  |TAMS 0x0000000086000000, 0x0000000085f00000| Updating 
|  96|0x0000000086000000, 0x0000000086000000, 0x0000000086100000|  0%| F|  |TAMS 0x0000000086000000, 0x0000000086000000| Untracked 
|  97|0x0000000086100000, 0x0000000086200000, 0x0000000086200000|100%| O|  |TAMS 0x0000000086200000, 0x0000000086100000| Updating 
|  98|0x0000000086200000, 0x0000000086200000, 0x0000000086300000|  0%| F|  |TAMS 0x0000000086200000, 0x0000000086200000| Untracked 
|  99|0x0000000086300000, 0x0000000086300000, 0x0000000086400000|  0%| F|  |TAMS 0x0000000086300000, 0x0000000086300000| Untracked 
| 100|0x0000000086400000, 0x0000000086400000, 0x0000000086500000|  0%| F|  |TAMS 0x0000000086400000, 0x0000000086400000| Untracked 
| 101|0x0000000086500000, 0x0000000086500000, 0x0000000086600000|  0%| F|  |TAMS 0x0000000086500000, 0x0000000086500000| Untracked 
| 102|0x0000000086600000, 0x0000000086600000, 0x0000000086700000|  0%| F|  |TAMS 0x0000000086600000, 0x0000000086600000| Untracked 
| 103|0x0000000086700000, 0x0000000086700000, 0x0000000086800000|  0%| F|  |TAMS 0x0000000086700000, 0x0000000086700000| Untracked 
| 104|0x0000000086800000, 0x0000000086900000, 0x0000000086900000|100%| O|  |TAMS 0x0000000086900000, 0x0000000086800000| Updating 
| 105|0x0000000086900000, 0x0000000086900000, 0x0000000086a00000|  0%| F|  |TAMS 0x0000000086900000, 0x0000000086900000| Untracked 
| 106|0x0000000086a00000, 0x0000000086b00000, 0x0000000086b00000|100%| O|  |TAMS 0x0000000086b00000, 0x0000000086a00000| Updating 
| 107|0x0000000086b00000, 0x0000000086c00000, 0x0000000086c00000|100%| O|  |TAMS 0x0000000086c00000, 0x0000000086b00000| Updating 
| 108|0x0000000086c00000, 0x0000000086d00000, 0x0000000086d00000|100%| O|  |TAMS 0x0000000086d00000, 0x0000000086c00000| Updating 
| 109|0x0000000086d00000, 0x0000000086e00000, 0x0000000086e00000|100%| O|  |TAMS 0x0000000086e00000, 0x0000000086d00000| Updating 
| 110|0x0000000086e00000, 0x0000000086f00000, 0x0000000086f00000|100%| O|  |TAMS 0x0000000086f00000, 0x0000000086e00000| Updating 
| 111|0x0000000086f00000, 0x0000000087000000, 0x0000000087000000|100%| O|  |TAMS 0x0000000087000000, 0x0000000086f00000| Updating 
| 112|0x0000000087000000, 0x0000000087100000, 0x0000000087100000|100%| O|  |TAMS 0x0000000087100000, 0x0000000087000000| Updating 
| 113|0x0000000087100000, 0x0000000087200000, 0x0000000087200000|100%| O|  |TAMS 0x0000000087200000, 0x0000000087100000| Updating 
| 114|0x0000000087200000, 0x0000000087300000, 0x0000000087300000|100%| O|  |TAMS 0x0000000087300000, 0x0000000087200000| Updating 
| 115|0x0000000087300000, 0x0000000087400000, 0x0000000087400000|100%| O|  |TAMS 0x0000000087400000, 0x0000000087300000| Updating 
| 116|0x0000000087400000, 0x0000000087500000, 0x0000000087500000|100%| O|  |TAMS 0x0000000087500000, 0x0000000087400000| Updating 
| 117|0x0000000087500000, 0x0000000087600000, 0x0000000087600000|100%| O|  |TAMS 0x0000000087600000, 0x0000000087500000| Updating 
| 118|0x0000000087600000, 0x0000000087700000, 0x0000000087700000|100%| O|  |TAMS 0x0000000087700000, 0x0000000087600000| Updating 
| 119|0x0000000087700000, 0x0000000087800000, 0x0000000087800000|100%| O|  |TAMS 0x0000000087800000, 0x0000000087700000| Updating 
| 120|0x0000000087800000, 0x0000000087900000, 0x0000000087900000|100%| O|  |TAMS 0x0000000087900000, 0x0000000087800000| Updating 
| 121|0x0000000087900000, 0x0000000087a00000, 0x0000000087a00000|100%| O|  |TAMS 0x0000000087a00000, 0x0000000087900000| Untracked 
| 122|0x0000000087a00000, 0x0000000087b00000, 0x0000000087b00000|100%| O|  |TAMS 0x0000000087b00000, 0x0000000087a00000| Updating 
| 123|0x0000000087b00000, 0x0000000087c00000, 0x0000000087c00000|100%| O|  |TAMS 0x0000000087c00000, 0x0000000087b00000| Updating 
| 124|0x0000000087c00000, 0x0000000087d00000, 0x0000000087d00000|100%| O|  |TAMS 0x0000000087d00000, 0x0000000087c00000| Updating 
| 125|0x0000000087d00000, 0x0000000087e00000, 0x0000000087e00000|100%| O|  |TAMS 0x0000000087e00000, 0x0000000087d00000| Untracked 
| 126|0x0000000087e00000, 0x0000000087f00000, 0x0000000087f00000|100%| O|  |TAMS 0x0000000087f00000, 0x0000000087e00000| Untracked 
| 127|0x0000000087f00000, 0x0000000088000000, 0x0000000088000000|100%| O|  |TAMS 0x0000000088000000, 0x0000000087f00000| Untracked 
| 128|0x0000000088000000, 0x0000000088100000, 0x0000000088100000|100%| O|  |TAMS 0x0000000088100000, 0x0000000088000000| Updating 
| 129|0x0000000088100000, 0x0000000088200000, 0x0000000088200000|100%| O|  |TAMS 0x0000000088200000, 0x0000000088100000| Updating 
| 130|0x0000000088200000, 0x0000000088300000, 0x0000000088300000|100%| O|  |TAMS 0x0000000088300000, 0x0000000088200000| Updating 
| 131|0x0000000088300000, 0x0000000088400000, 0x0000000088400000|100%| O|  |TAMS 0x0000000088400000, 0x0000000088300000| Untracked 
| 132|0x0000000088400000, 0x0000000088500000, 0x0000000088500000|100%| O|  |TAMS 0x0000000088500000, 0x0000000088400000| Untracked 
| 133|0x0000000088500000, 0x0000000088600000, 0x0000000088600000|100%| O|  |TAMS 0x0000000088600000, 0x0000000088500000| Untracked 
| 134|0x0000000088600000, 0x0000000088700000, 0x0000000088700000|100%| O|  |TAMS 0x0000000088700000, 0x0000000088600000| Updating 
| 135|0x0000000088700000, 0x0000000088800000, 0x0000000088800000|100%| O|  |TAMS 0x0000000088800000, 0x0000000088700000| Untracked 
| 136|0x0000000088800000, 0x0000000088900000, 0x0000000088900000|100%| O|  |TAMS 0x0000000088900000, 0x0000000088800000| Updating 
| 137|0x0000000088900000, 0x0000000088a00000, 0x0000000088a00000|100%| O|  |TAMS 0x0000000088a00000, 0x0000000088900000| Updating 
| 138|0x0000000088a00000, 0x0000000088b00000, 0x0000000088b00000|100%| O|  |TAMS 0x0000000088b00000, 0x0000000088a00000| Untracked 
| 139|0x0000000088b00000, 0x0000000088c00000, 0x0000000088c00000|100%| O|  |TAMS 0x0000000088c00000, 0x0000000088b00000| Untracked 
| 140|0x0000000088c00000, 0x0000000088d00000, 0x0000000088d00000|100%| O|  |TAMS 0x0000000088d00000, 0x0000000088c00000| Untracked 
| 141|0x0000000088d00000, 0x0000000088e00000, 0x0000000088e00000|100%| O|  |TAMS 0x0000000088e00000, 0x0000000088d00000| Updating 
| 142|0x0000000088e00000, 0x0000000088f00000, 0x0000000088f00000|100%| O|  |TAMS 0x0000000088f00000, 0x0000000088e00000| Updating 
| 143|0x0000000088f00000, 0x0000000089000000, 0x0000000089000000|100%| O|  |TAMS 0x0000000089000000, 0x0000000088f00000| Updating 
| 144|0x0000000089000000, 0x0000000089100000, 0x0000000089100000|100%| O|  |TAMS 0x0000000089100000, 0x0000000089000000| Updating 
| 145|0x0000000089100000, 0x0000000089200000, 0x0000000089200000|100%| O|  |TAMS 0x0000000089200000, 0x0000000089100000| Updating 
| 146|0x0000000089200000, 0x0000000089300000, 0x0000000089300000|100%| O|  |TAMS 0x0000000089300000, 0x0000000089200000| Updating 
| 147|0x0000000089300000, 0x0000000089400000, 0x0000000089400000|100%| O|  |TAMS 0x0000000089400000, 0x0000000089300000| Updating 
| 148|0x0000000089400000, 0x0000000089500000, 0x0000000089500000|100%| O|  |TAMS 0x0000000089500000, 0x0000000089400000| Updating 
| 149|0x0000000089500000, 0x0000000089600000, 0x0000000089600000|100%| O|  |TAMS 0x0000000089600000, 0x0000000089500000| Updating 
| 150|0x0000000089600000, 0x0000000089700000, 0x0000000089700000|100%| O|  |TAMS 0x0000000089700000, 0x0000000089600000| Updating 
| 151|0x0000000089700000, 0x0000000089800000, 0x0000000089800000|100%| O|  |TAMS 0x0000000089800000, 0x0000000089700000| Untracked 
| 152|0x0000000089800000, 0x0000000089900000, 0x0000000089900000|100%| O|  |TAMS 0x0000000089900000, 0x0000000089800000| Updating 
| 153|0x0000000089900000, 0x0000000089a00000, 0x0000000089a00000|100%| O|  |TAMS 0x0000000089a00000, 0x0000000089900000| Updating 
| 154|0x0000000089a00000, 0x0000000089b00000, 0x0000000089b00000|100%| O|  |TAMS 0x0000000089b00000, 0x0000000089a00000| Updating 
| 155|0x0000000089b00000, 0x0000000089c00000, 0x0000000089c00000|100%|HS|  |TAMS 0x0000000089b00000, 0x0000000089b00000| Complete 
| 156|0x0000000089c00000, 0x0000000089d00000, 0x0000000089d00000|100%| O|  |TAMS 0x0000000089d00000, 0x0000000089c00000| Untracked 
| 157|0x0000000089d00000, 0x0000000089e00000, 0x0000000089e00000|100%| O|  |TAMS 0x0000000089e00000, 0x0000000089d00000| Updating 
| 158|0x0000000089e00000, 0x0000000089f00000, 0x0000000089f00000|100%| O|  |TAMS 0x0000000089e9c800, 0x0000000089e00000| Untracked 
| 159|0x0000000089f00000, 0x000000008a000000, 0x000000008a000000|100%|HS|  |TAMS 0x000000008a000000, 0x0000000089f00000| Complete 
| 160|0x000000008a000000, 0x000000008a100000, 0x000000008a100000|100%|HC|  |TAMS 0x000000008a100000, 0x000000008a000000| Complete 
| 161|0x000000008a100000, 0x000000008a200000, 0x000000008a200000|100%|HS|  |TAMS 0x000000008a200000, 0x000000008a100000| Complete 
| 162|0x000000008a200000, 0x000000008a300000, 0x000000008a300000|100%|HC|  |TAMS 0x000000008a300000, 0x000000008a200000| Complete 
| 163|0x000000008a300000, 0x000000008a400000, 0x000000008a400000|100%|HS|  |TAMS 0x000000008a400000, 0x000000008a300000| Complete 
| 164|0x000000008a400000, 0x000000008a500000, 0x000000008a500000|100%|HC|  |TAMS 0x000000008a500000, 0x000000008a400000| Complete 
| 165|0x000000008a500000, 0x000000008a600000, 0x000000008a600000|100%|HS|  |TAMS 0x000000008a600000, 0x000000008a500000| Complete 
| 166|0x000000008a600000, 0x000000008a700000, 0x000000008a700000|100%|HC|  |TAMS 0x000000008a700000, 0x000000008a600000| Complete 
| 167|0x000000008a700000, 0x000000008a800000, 0x000000008a800000|100%| O|  |TAMS 0x000000008a700000, 0x000000008a700000| Untracked 
| 168|0x000000008a800000, 0x000000008a900000, 0x000000008a900000|100%| O|  |TAMS 0x000000008a800000, 0x000000008a800000| Untracked 
| 169|0x000000008a900000, 0x000000008a993600, 0x000000008aa00000| 57%| O|  |TAMS 0x000000008a900000, 0x000000008a900000| Updating 
| 170|0x000000008aa00000, 0x000000008ab00000, 0x000000008ab00000|100%|HS|  |TAMS 0x000000008aa00000, 0x000000008aa00000| Complete 
| 171|0x000000008ab00000, 0x000000008ac00000, 0x000000008ac00000|100%|HC|  |TAMS 0x000000008ab00000, 0x000000008ab00000| Complete 
| 172|0x000000008ac00000, 0x000000008ad00000, 0x000000008ad00000|100%|HS|  |TAMS 0x000000008ac00000, 0x000000008ac00000| Complete 
| 173|0x000000008ad00000, 0x000000008ae00000, 0x000000008ae00000|100%|HC|  |TAMS 0x000000008ad00000, 0x000000008ad00000| Complete 
| 174|0x000000008ae00000, 0x000000008af00000, 0x000000008af00000|100%|HS|  |TAMS 0x000000008ae00000, 0x000000008ae00000| Complete 
| 175|0x000000008af00000, 0x000000008b000000, 0x000000008b000000|100%|HC|  |TAMS 0x000000008af00000, 0x000000008af00000| Complete 
| 176|0x000000008b000000, 0x000000008b100000, 0x000000008b100000|100%|HS|  |TAMS 0x000000008b000000, 0x000000008b000000| Complete 
| 177|0x000000008b100000, 0x000000008b200000, 0x000000008b200000|100%|HC|  |TAMS 0x000000008b100000, 0x000000008b100000| Complete 
| 178|0x000000008b200000, 0x000000008b300000, 0x000000008b300000|100%|HS|  |TAMS 0x000000008b200000, 0x000000008b200000| Complete 
| 179|0x000000008b300000, 0x000000008b400000, 0x000000008b400000|100%|HC|  |TAMS 0x000000008b300000, 0x000000008b300000| Complete 
| 180|0x000000008b400000, 0x000000008b500000, 0x000000008b500000|100%|HS|  |TAMS 0x000000008b400000, 0x000000008b400000| Complete 
| 181|0x000000008b500000, 0x000000008b600000, 0x000000008b600000|100%|HC|  |TAMS 0x000000008b500000, 0x000000008b500000| Complete 
| 182|0x000000008b600000, 0x000000008b600000, 0x000000008b700000|  0%| F|  |TAMS 0x000000008b600000, 0x000000008b600000| Untracked 
| 183|0x000000008b700000, 0x000000008b700000, 0x000000008b800000|  0%| F|  |TAMS 0x000000008b700000, 0x000000008b700000| Untracked 
| 184|0x000000008b800000, 0x000000008b800000, 0x000000008b900000|  0%| F|  |TAMS 0x000000008b800000, 0x000000008b800000| Untracked 
| 185|0x000000008b900000, 0x000000008b900000, 0x000000008ba00000|  0%| F|  |TAMS 0x000000008b900000, 0x000000008b900000| Untracked 
| 186|0x000000008ba00000, 0x000000008ba00000, 0x000000008bb00000|  0%| F|  |TAMS 0x000000008ba00000, 0x000000008ba00000| Untracked 
| 187|0x000000008bb00000, 0x000000008bb00000, 0x000000008bc00000|  0%| F|  |TAMS 0x000000008bb00000, 0x000000008bb00000| Untracked 
| 188|0x000000008bc00000, 0x000000008bc00000, 0x000000008bd00000|  0%| F|  |TAMS 0x000000008bc00000, 0x000000008bc00000| Untracked 
| 189|0x000000008bd00000, 0x000000008bd00000, 0x000000008be00000|  0%| F|  |TAMS 0x000000008bd00000, 0x000000008bd00000| Untracked 
| 190|0x000000008be00000, 0x000000008be00000, 0x000000008bf00000|  0%| F|  |TAMS 0x000000008be00000, 0x000000008be00000| Untracked 
| 191|0x000000008bf00000, 0x000000008bf00000, 0x000000008c000000|  0%| F|  |TAMS 0x000000008bf00000, 0x000000008bf00000| Untracked 
| 192|0x000000008c000000, 0x000000008c000000, 0x000000008c100000|  0%| F|  |TAMS 0x000000008c000000, 0x000000008c000000| Untracked 
| 193|0x000000008c100000, 0x000000008c100000, 0x000000008c200000|  0%| F|  |TAMS 0x000000008c100000, 0x000000008c100000| Untracked 
| 194|0x000000008c200000, 0x000000008c200000, 0x000000008c300000|  0%| F|  |TAMS 0x000000008c200000, 0x000000008c200000| Untracked 
| 195|0x000000008c300000, 0x000000008c300000, 0x000000008c400000|  0%| F|  |TAMS 0x000000008c300000, 0x000000008c300000| Untracked 
| 196|0x000000008c400000, 0x000000008c4383b0, 0x000000008c500000| 21%| S|CS|TAMS 0x000000008c400000, 0x000000008c400000| Complete 
| 197|0x000000008c500000, 0x000000008c600000, 0x000000008c600000|100%| S|CS|TAMS 0x000000008c500000, 0x000000008c500000| Complete 
| 198|0x000000008c600000, 0x000000008c600000, 0x000000008c700000|  0%| F|  |TAMS 0x000000008c600000, 0x000000008c600000| Untracked 
| 199|0x000000008c700000, 0x000000008c700000, 0x000000008c800000|  0%| F|  |TAMS 0x000000008c700000, 0x000000008c700000| Untracked 
| 200|0x000000008c800000, 0x000000008c800000, 0x000000008c900000|  0%| F|  |TAMS 0x000000008c800000, 0x000000008c800000| Untracked 
| 201|0x000000008c900000, 0x000000008c900000, 0x000000008ca00000|  0%| F|  |TAMS 0x000000008c900000, 0x000000008c900000| Untracked 
| 202|0x000000008ca00000, 0x000000008ca00000, 0x000000008cb00000|  0%| F|  |TAMS 0x000000008ca00000, 0x000000008ca00000| Untracked 
| 203|0x000000008cb00000, 0x000000008cb00000, 0x000000008cc00000|  0%| F|  |TAMS 0x000000008cb00000, 0x000000008cb00000| Untracked 
| 204|0x000000008cc00000, 0x000000008cc00000, 0x000000008cd00000|  0%| F|  |TAMS 0x000000008cc00000, 0x000000008cc00000| Untracked 
| 205|0x000000008cd00000, 0x000000008cd00000, 0x000000008ce00000|  0%| F|  |TAMS 0x000000008cd00000, 0x000000008cd00000| Untracked 
| 206|0x000000008ce00000, 0x000000008ce00000, 0x000000008cf00000|  0%| F|  |TAMS 0x000000008ce00000, 0x000000008ce00000| Untracked 
| 207|0x000000008cf00000, 0x000000008cf00000, 0x000000008d000000|  0%| F|  |TAMS 0x000000008cf00000, 0x000000008cf00000| Untracked 
| 208|0x000000008d000000, 0x000000008d000000, 0x000000008d100000|  0%| F|  |TAMS 0x000000008d000000, 0x000000008d000000| Untracked 
| 209|0x000000008d100000, 0x000000008d100000, 0x000000008d200000|  0%| F|  |TAMS 0x000000008d100000, 0x000000008d100000| Untracked 
| 210|0x000000008d200000, 0x000000008d200000, 0x000000008d300000|  0%| F|  |TAMS 0x000000008d200000, 0x000000008d200000| Untracked 
| 251|0x000000008fb00000, 0x000000008fbff5a8, 0x000000008fc00000| 99%| E|  |TAMS 0x000000008fb00000, 0x000000008fb00000| Complete 

Card table byte_map: [0x0000023f5d310000,0x0000023f5d710000] _byte_map_base: 0x0000023f5cf10000

Marking Bits (Prev, Next): (CMBitMap*) 0x0000023f4a55f9f0, (CMBitMap*) 0x0000023f4a55fa30
 Prev Bits: [0x0000023f5db10000, 0x0000023f5fb10000)
 Next Bits: [0x0000023f5fb10000, 0x0000023f61b10000)

Polling page: 0x0000023f48420000

Metaspace:

Usage:
  Non-class:    111.36 MB used.
      Class:     18.71 MB used.
       Both:    130.07 MB used.

Virtual space:
  Non-class space:      120.00 MB reserved,     112.00 MB ( 93%) committed,  15 nodes.
      Class space:        1.00 GB reserved,      19.25 MB (  2%) committed,  1 nodes.
             Both:        1.12 GB reserved,     131.25 MB ( 11%) committed. 

Chunk freelists:
   Non-Class:  4.03 MB
       Class:  843.00 KB
        Both:  4.85 MB

MaxMetaspaceSize: unlimited
CompressedClassSpaceSize: 1.00 GB
Initial GC threshold: 21.00 MB
Current GC threshold: 165.62 MB
CDS: off
MetaspaceReclaimPolicy: balanced
 - commit_granule_bytes: 65536.
 - commit_granule_words: 8192.
 - virtual_space_node_default_size: 1048576.
 - enlarge_chunks_in_place: 1.
 - new_chunks_are_fully_committed: 0.
 - uncommit_free_chunks: 1.
 - use_allocation_guard: 0.
 - handle_deallocations: 1.


Internal statistics:

num_allocs_failed_limit: 9.
num_arena_births: 1766.
num_arena_deaths: 204.
num_vsnodes_births: 16.
num_vsnodes_deaths: 0.
num_space_committed: 2099.
num_space_uncommitted: 0.
num_chunks_returned_to_freelist: 300.
num_chunks_taken_from_freelist: 7035.
num_chunk_merges: 123.
num_chunk_splits: 4622.
num_chunks_enlarged: 3029.
num_purges: 4.
num_inconsistent_stats: 0.

CodeHeap 'non-profiled nmethods': size=120000Kb used=9112Kb max_used=9127Kb free=110887Kb
 bounds [0x0000023f55490000, 0x0000023f55d80000, 0x0000023f5c9c0000]
CodeHeap 'profiled nmethods': size=120000Kb used=28125Kb max_used=28125Kb free=91874Kb
 bounds [0x0000023f4d9c0000, 0x0000023f4f540000, 0x0000023f54ef0000]
CodeHeap 'non-nmethods': size=5760Kb used=2470Kb max_used=2515Kb free=3289Kb
 bounds [0x0000023f54ef0000, 0x0000023f55170000, 0x0000023f55490000]
 total_blobs=15933 nmethods=14912 adapters=933
 compilation: enabled
              stopped_count=0, restarted_count=0
 full_count=0

Compilation events (20 events):
Event: 62.899 Thread 0x0000023f650be180 nmethod 18252 0x0000023f55823d10 code [0x0000023f55824000, 0x0000023f558273e0]
Event: 62.905 Thread 0x0000023f650be180 18309   !   4       java.net.URL::<init> (543 bytes)
Event: 62.919 Thread 0x0000023f690eb950 18310       4       java.lang.invoke.MethodHandleNatives$CallSiteContext::run (5 bytes)
Event: 62.919 Thread 0x0000023f690eb950 nmethod 18310 0x0000023f55823a10 code [0x0000023f55823ba0, 0x0000023f55823c48]
Event: 62.921 Thread 0x0000023f690e9af0 18311       4       jdk.internal.misc.Unsafe::getReferenceAcquire (7 bytes)
Event: 62.922 Thread 0x0000023f690e9af0 nmethod 18311 0x0000023f55823710 code [0x0000023f55823880, 0x0000023f55823938]
Event: 62.930 Thread 0x0000023f690eb950 18312       4       sun.nio.ch.FileChannelImpl::ensureOpen (16 bytes)
Event: 62.931 Thread 0x0000023f690eb950 nmethod 18312 0x0000023f55823410 code [0x0000023f55823580, 0x0000023f55823618]
Event: 62.968 Thread 0x0000023f650bea80 18313       3       java.math.SignedMutableBigInteger::signedAdd (34 bytes)
Event: 62.968 Thread 0x0000023f650bea80 nmethod 18313 0x0000023f4f535910 code [0x0000023f4f535ac0, 0x0000023f4f535db8]
Event: 62.968 Thread 0x0000023f650bea80 18314       3       java.math.SignedMutableBigInteger::signedSubtract (34 bytes)
Event: 62.968 Thread 0x0000023f690eb950 18315       4       java.math.MutableBigInteger::add (346 bytes)
Event: 62.968 Thread 0x0000023f650bea80 nmethod 18314 0x0000023f4f535e90 code [0x0000023f4f536040, 0x0000023f4f536338]
Event: 62.968 Thread 0x0000023f690e9af0 18316       4       java.math.MutableBigInteger::primitiveRightShift (80 bytes)
Event: 62.970 Thread 0x0000023f650bea80 18319       3       java.math.MutableBigInteger::mul (173 bytes)
Event: 62.970 Thread 0x0000023f650bea80 nmethod 18319 0x0000023f4f536410 code [0x0000023f4f536600, 0x0000023f4f536c98]
Event: 62.972 Thread 0x0000023f650bea80 18323       3       java.math.MutableBigInteger::divWord (108 bytes)
Event: 62.974 Thread 0x0000023f650bea80 nmethod 18323 0x0000023f4f536f90 code [0x0000023f4f537140, 0x0000023f4f5374b8]
Event: 62.979 Thread 0x0000023f690e9af0 nmethod 18316 0x0000023f55822e90 code [0x0000023f55823020, 0x0000023f558232b8]
Event: 62.980 Thread 0x0000023f690e9af0 18322       4       java.math.BigInteger::montReduce (99 bytes)

GC Heap History (20 events):
Event: 55.864 GC heap before
{Heap before GC invocations=50 (full 0):
 garbage-first heap   total 217088K, used 179764K [0x0000000080000000, 0x0000000100000000)
  region size 1024K, 46 young (47104K), 5 survivors (5120K)
 Metaspace       used 110108K, committed 110912K, reserved 1146880K
  class space    used 14866K, committed 15232K, reserved 1048576K
}
Event: 55.869 GC heap after
{Heap after GC invocations=51 (full 0):
 garbage-first heap   total 217088K, used 144032K [0x0000000080000000, 0x0000000100000000)
  region size 1024K, 6 young (6144K), 6 survivors (6144K)
 Metaspace       used 110108K, committed 110912K, reserved 1146880K
  class space    used 14866K, committed 15232K, reserved 1048576K
}
Event: 58.965 GC heap before
{Heap before GC invocations=51 (full 0):
 garbage-first heap   total 217088K, used 180896K [0x0000000080000000, 0x0000000100000000)
  region size 1024K, 41 young (41984K), 6 survivors (6144K)
 Metaspace       used 111344K, committed 112192K, reserved 1146880K
  class space    used 15043K, committed 15488K, reserved 1048576K
}
Event: 58.973 GC heap after
{Heap after GC invocations=52 (full 0):
 garbage-first heap   total 217088K, used 147025K [0x0000000080000000, 0x0000000100000000)
  region size 1024K, 3 young (3072K), 3 survivors (3072K)
 Metaspace       used 111344K, committed 112192K, reserved 1146880K
  class space    used 15043K, committed 15488K, reserved 1048576K
}
Event: 59.698 GC heap before
{Heap before GC invocations=52 (full 0):
 garbage-first heap   total 217088K, used 181841K [0x0000000080000000, 0x0000000100000000)
  region size 1024K, 38 young (38912K), 3 survivors (3072K)
 Metaspace       used 115790K, committed 116672K, reserved 1155072K
  class space    used 15744K, committed 16192K, reserved 1048576K
}
Event: 59.706 GC heap after
{Heap after GC invocations=53 (full 0):
 garbage-first heap   total 217088K, used 152963K [0x0000000080000000, 0x0000000100000000)
  region size 1024K, 5 young (5120K), 5 survivors (5120K)
 Metaspace       used 115790K, committed 116672K, reserved 1155072K
  class space    used 15744K, committed 16192K, reserved 1048576K
}
Event: 60.297 GC heap before
{Heap before GC invocations=53 (full 0):
 garbage-first heap   total 217088K, used 181635K [0x0000000080000000, 0x0000000100000000)
  region size 1024K, 34 young (34816K), 5 survivors (5120K)
 Metaspace       used 120268K, committed 121152K, reserved 1155072K
  class space    used 16628K, committed 17088K, reserved 1048576K
}
Event: 60.305 GC heap after
{Heap after GC invocations=54 (full 0):
 garbage-first heap   total 217088K, used 157306K [0x0000000080000000, 0x0000000100000000)
  region size 1024K, 5 young (5120K), 5 survivors (5120K)
 Metaspace       used 120268K, committed 121152K, reserved 1155072K
  class space    used 16628K, committed 17088K, reserved 1048576K
}
Event: 60.785 GC heap before
{Heap before GC invocations=54 (full 0):
 garbage-first heap   total 217088K, used 181882K [0x0000000080000000, 0x0000000100000000)
  region size 1024K, 30 young (30720K), 5 survivors (5120K)
 Metaspace       used 124270K, committed 125248K, reserved 1163264K
  class space    used 17489K, committed 17984K, reserved 1048576K
}
Event: 60.791 GC heap after
{Heap after GC invocations=55 (full 0):
 garbage-first heap   total 217088K, used 158849K [0x0000000080000000, 0x0000000100000000)
  region size 1024K, 2 young (2048K), 2 survivors (2048K)
 Metaspace       used 124270K, committed 125248K, reserved 1163264K
  class space    used 17489K, committed 17984K, reserved 1048576K
}
Event: 61.147 GC heap before
{Heap before GC invocations=55 (full 0):
 garbage-first heap   total 217088K, used 184449K [0x0000000080000000, 0x0000000100000000)
  region size 1024K, 27 young (27648K), 2 survivors (2048K)
 Metaspace       used 126308K, committed 127296K, reserved 1163264K
  class space    used 17870K, committed 18368K, reserved 1048576K
}
Event: 61.153 GC heap after
{Heap after GC invocations=56 (full 0):
 garbage-first heap   total 217088K, used 159717K [0x0000000080000000, 0x0000000100000000)
  region size 1024K, 3 young (3072K), 3 survivors (3072K)
 Metaspace       used 126308K, committed 127296K, reserved 1163264K
  class space    used 17870K, committed 18368K, reserved 1048576K
}
Event: 61.543 GC heap before
{Heap before GC invocations=56 (full 0):
 garbage-first heap   total 217088K, used 184293K [0x0000000080000000, 0x0000000100000000)
  region size 1024K, 28 young (28672K), 3 survivors (3072K)
 Metaspace       used 128542K, committed 129536K, reserved 1163264K
  class space    used 18328K, committed 18816K, reserved 1048576K
}
Event: 61.548 GC heap after
{Heap after GC invocations=57 (full 0):
 garbage-first heap   total 217088K, used 159537K [0x0000000080000000, 0x0000000100000000)
  region size 1024K, 2 young (2048K), 2 survivors (2048K)
 Metaspace       used 128542K, committed 129536K, reserved 1163264K
  class space    used 18328K, committed 18816K, reserved 1048576K
}
Event: 62.039 GC heap before
{Heap before GC invocations=57 (full 0):
 garbage-first heap   total 217088K, used 186161K [0x0000000080000000, 0x0000000100000000)
  region size 1024K, 28 young (28672K), 2 survivors (2048K)
 Metaspace       used 130465K, committed 131456K, reserved 1163264K
  class space    used 18735K, committed 19200K, reserved 1048576K
}
Event: 62.043 GC heap after
{Heap after GC invocations=58 (full 0):
 garbage-first heap   total 217088K, used 160479K [0x0000000080000000, 0x0000000100000000)
  region size 1024K, 3 young (3072K), 3 survivors (3072K)
 Metaspace       used 130465K, committed 131456K, reserved 1163264K
  class space    used 18735K, committed 19200K, reserved 1048576K
}
Event: 62.330 GC heap before
{Heap before GC invocations=58 (full 0):
 garbage-first heap   total 217088K, used 186079K [0x0000000080000000, 0x0000000100000000)
  region size 1024K, 28 young (28672K), 3 survivors (3072K)
 Metaspace       used 131487K, committed 132480K, reserved 1163264K
  class space    used 18966K, committed 19456K, reserved 1048576K
}
Event: 62.337 GC heap after
{Heap after GC invocations=59 (full 0):
 garbage-first heap   total 217088K, used 166510K [0x0000000080000000, 0x0000000100000000)
  region size 1024K, 4 young (4096K), 4 survivors (4096K)
 Metaspace       used 131487K, committed 132480K, reserved 1163264K
  class space    used 18966K, committed 19456K, reserved 1048576K
}
Event: 62.914 GC heap before
{Heap before GC invocations=59 (full 0):
 garbage-first heap   total 217088K, used 186990K [0x0000000080000000, 0x0000000100000000)
  region size 1024K, 18 young (18432K), 4 survivors (4096K)
 Metaspace       used 133227K, committed 134208K, reserved 1171456K
  class space    used 19187K, committed 19648K, reserved 1048576K
}
Event: 62.918 GC heap after
{Heap after GC invocations=60 (full 0):
 garbage-first heap   total 217088K, used 173866K [0x0000000080000000, 0x0000000100000000)
  region size 1024K, 2 young (2048K), 2 survivors (2048K)
 Metaspace       used 133227K, committed 134208K, reserved 1171456K
  class space    used 19187K, committed 19648K, reserved 1048576K
}

Dll operation events (2 events):
Event: 0.008 Loaded shared library C:\Program Files\Android\Android Studio\jbr\bin\java.dll
Event: 0.451 Loaded shared library C:\Program Files\Android\Android Studio\jbr\bin\verify.dll

Deoptimization events (20 events):
Event: 62.971 Thread 0x0000023f720e6b60 Uncommon trap: trap_request=0xffffffbe fr.pc=0x0000023f55c15b90 relative=0x00000000000008f0
Event: 62.971 Thread 0x0000023f720e6b60 Uncommon trap: reason=profile_predicate action=maybe_recompile pc=0x0000023f55c15b90 method=java.math.BigInteger.montReduce([I[III)[I @ 9 c2
Event: 62.971 Thread 0x0000023f720e6b60 DEOPT PACKING pc=0x0000023f55c15b90 sp=0x000000b4d09fcdd0
Event: 62.971 Thread 0x0000023f720e6b60 DEOPT UNPACKING pc=0x0000023f54f469a3 sp=0x000000b4d09fcda0 mode 2
Event: 62.973 Thread 0x0000023f720e6b60 Uncommon trap: trap_request=0xffffffbe fr.pc=0x0000023f55c15b90 relative=0x00000000000008f0
Event: 62.973 Thread 0x0000023f720e6b60 Uncommon trap: reason=profile_predicate action=maybe_recompile pc=0x0000023f55c15b90 method=java.math.BigInteger.montReduce([I[III)[I @ 9 c2
Event: 62.973 Thread 0x0000023f720e6b60 DEOPT PACKING pc=0x0000023f55c15b90 sp=0x000000b4d09fced0
Event: 62.973 Thread 0x0000023f720e6b60 DEOPT UNPACKING pc=0x0000023f54f469a3 sp=0x000000b4d09fcea0 mode 2
Event: 62.975 Thread 0x0000023f720e6b60 DEOPT PACKING pc=0x0000023f4dc315b8 sp=0x000000b4d09fcec0
Event: 62.975 Thread 0x0000023f720e6b60 DEOPT UNPACKING pc=0x0000023f54f47143 sp=0x000000b4d09fc340 mode 0
Event: 62.976 Thread 0x0000023f720e6b60 DEOPT PACKING pc=0x0000023f4dc315b8 sp=0x000000b4d09fcec0
Event: 62.977 Thread 0x0000023f720e6b60 DEOPT UNPACKING pc=0x0000023f54f47143 sp=0x000000b4d09fc340 mode 0
Event: 62.978 Thread 0x0000023f720e6b60 DEOPT PACKING pc=0x0000023f4dc315b8 sp=0x000000b4d09fcec0
Event: 62.978 Thread 0x0000023f720e6b60 DEOPT UNPACKING pc=0x0000023f54f47143 sp=0x000000b4d09fc340 mode 0
Event: 62.979 Thread 0x0000023f720e6b60 DEOPT PACKING pc=0x0000023f4dc315b8 sp=0x000000b4d09fcec0
Event: 62.979 Thread 0x0000023f720e6b60 DEOPT UNPACKING pc=0x0000023f54f47143 sp=0x000000b4d09fc340 mode 0
Event: 62.981 Thread 0x0000023f720e6b60 DEOPT PACKING pc=0x0000023f4dc315b8 sp=0x000000b4d09fcec0
Event: 62.981 Thread 0x0000023f720e6b60 DEOPT UNPACKING pc=0x0000023f54f47143 sp=0x000000b4d09fc340 mode 0
Event: 62.982 Thread 0x0000023f720e6b60 DEOPT PACKING pc=0x0000023f4dc315b8 sp=0x000000b4d09fcec0
Event: 62.982 Thread 0x0000023f720e6b60 DEOPT UNPACKING pc=0x0000023f54f47143 sp=0x000000b4d09fc340 mode 0

Classes unloaded (20 events):
Event: 62.984 Thread 0x0000023f650678b0 Unloading class 0x0000000101035000 'java/lang/invoke/LambdaForm$DMH+0x0000000101035000'
Event: 62.984 Thread 0x0000023f650678b0 Unloading class 0x0000000101034c00 'java/lang/invoke/LambdaForm$DMH+0x0000000101034c00'
Event: 62.984 Thread 0x0000023f650678b0 Unloading class 0x0000000101034800 'java/lang/invoke/LambdaForm$DMH+0x0000000101034800'
Event: 62.984 Thread 0x0000023f650678b0 Unloading class 0x0000000101034400 'java/lang/invoke/LambdaForm$DMH+0x0000000101034400'
Event: 62.984 Thread 0x0000023f650678b0 Unloading class 0x000000010102dc00 'java/lang/invoke/LambdaForm$DMH+0x000000010102dc00'
Event: 62.984 Thread 0x0000023f650678b0 Unloading class 0x000000010102d800 'java/lang/invoke/LambdaForm$DMH+0x000000010102d800'
Event: 62.984 Thread 0x0000023f650678b0 Unloading class 0x000000010102d400 'java/lang/invoke/LambdaForm$DMH+0x000000010102d400'
Event: 62.985 Thread 0x0000023f650678b0 Unloading class 0x000000010102d000 'java/lang/invoke/LambdaForm$DMH+0x000000010102d000'
Event: 62.985 Thread 0x0000023f650678b0 Unloading class 0x000000010102c400 'java/lang/invoke/LambdaForm$DMH+0x000000010102c400'
Event: 62.985 Thread 0x0000023f650678b0 Unloading class 0x000000010102c800 'java/lang/invoke/LambdaForm$DMH+0x000000010102c800'
Event: 62.985 Thread 0x0000023f650678b0 Unloading class 0x000000010102cc00 'java/lang/invoke/LambdaForm$DMH+0x000000010102cc00'
Event: 62.985 Thread 0x0000023f650678b0 Unloading class 0x0000000100fbc800 'java/lang/invoke/LambdaForm$DMH+0x0000000100fbc800'
Event: 62.985 Thread 0x0000023f650678b0 Unloading class 0x0000000100fbcc00 'java/lang/invoke/LambdaForm$DMH+0x0000000100fbcc00'
Event: 62.985 Thread 0x0000023f650678b0 Unloading class 0x0000000100fbc400 'java/lang/invoke/LambdaForm$DMH+0x0000000100fbc400'
Event: 62.985 Thread 0x0000023f650678b0 Unloading class 0x0000000100f23800 'jdk/internal/reflect/GeneratedSerializationConstructorAccessor179'
Event: 62.985 Thread 0x0000023f650678b0 Unloading class 0x0000000100f23400 'jdk/internal/reflect/GeneratedSerializationConstructorAccessor178'
Event: 62.985 Thread 0x0000023f650678b0 Unloading class 0x0000000100f23000 'jdk/internal/reflect/GeneratedSerializationConstructorAccessor175'
Event: 62.985 Thread 0x0000023f650678b0 Unloading class 0x0000000100f22c00 'jdk/internal/reflect/GeneratedSerializationConstructorAccessor177'
Event: 62.985 Thread 0x0000023f650678b0 Unloading class 0x0000000100f22800 'jdk/internal/reflect/GeneratedSerializationConstructorAccessor176'
Event: 62.985 Thread 0x0000023f650678b0 Unloading class 0x0000000100f22400 'jdk/internal/reflect/GeneratedSerializationConstructorAccessor173'

Classes redefined (0 events):
No events

Internal exceptions (20 events):
Event: 61.971 Thread 0x0000023f699b2cc0 Exception <a 'sun/nio/fs/WindowsException'{0x000000008bedc8c8}> (0x000000008bedc8c8) 
thrown [s\src\hotspot\share\prims\jni.cpp, line 517]
Event: 61.978 Thread 0x0000023f699b2cc0 Exception <a 'sun/nio/fs/WindowsException'{0x000000008bd74c40}> (0x000000008bd74c40) 
thrown [s\src\hotspot\share\prims\jni.cpp, line 517]
Event: 61.978 Thread 0x0000023f699b2cc0 Exception <a 'sun/nio/fs/WindowsException'{0x000000008bd74f30}> (0x000000008bd74f30) 
thrown [s\src\hotspot\share\prims\jni.cpp, line 517]
Event: 61.997 Thread 0x0000023f720fb3a0 Exception <a 'sun/nio/fs/WindowsException'{0x000000008bce7600}> (0x000000008bce7600) 
thrown [s\src\hotspot\share\prims\jni.cpp, line 517]
Event: 61.998 Thread 0x0000023f720fa060 Exception <a 'sun/nio/fs/WindowsException'{0x000000008bcfcdc8}> (0x000000008bcfcdc8) 
thrown [s\src\hotspot\share\prims\jni.cpp, line 517]
Event: 61.998 Thread 0x0000023f720faed0 Exception <a 'sun/nio/fs/WindowsException'{0x000000008bcfc8c0}> (0x000000008bcfc8c0) 
thrown [s\src\hotspot\share\prims\jni.cpp, line 517]
Event: 62.147 Thread 0x0000023f720fb3a0 Exception <a 'java/lang/NoSuchMethodError'{0x000000008cafe358}: 'long java.lang.invoke.DirectMethodHandle$Holder.invokeStatic(java.lang.Object, java.lang.Object, java.lang.Object)'> (0x000000008cafe358) 
thrown [s\src\hotspot\share\interpreter\linkResolver.cpp, line 771]
Event: 62.147 Thread 0x0000023f720fa060 Exception <a 'java/lang/NoSuchMethodError'{0x000000008caeabe0}: 'long java.lang.invoke.DirectMethodHandle$Holder.invokeStatic(java.lang.Object, java.lang.Object, java.lang.Object)'> (0x000000008caeabe0) 
thrown [s\src\hotspot\share\interpreter\linkResolver.cpp, line 771]
Event: 62.147 Thread 0x0000023f720faed0 Exception <a 'java/lang/NoSuchMethodError'{0x000000008cafaa18}: 'long java.lang.invoke.DirectMethodHandle$Holder.invokeStatic(java.lang.Object, java.lang.Object, java.lang.Object)'> (0x000000008cafaa18) 
thrown [s\src\hotspot\share\interpreter\linkResolver.cpp, line 771]
Event: 62.170 Thread 0x0000023f720fb3a0 Exception <a 'sun/nio/fs/WindowsException'{0x000000008c8ef800}> (0x000000008c8ef800) 
thrown [s\src\hotspot\share\prims\jni.cpp, line 517]
Event: 62.188 Thread 0x0000023f720fa060 Exception <a 'sun/nio/fs/WindowsException'{0x000000008c6f0d80}> (0x000000008c6f0d80) 
thrown [s\src\hotspot\share\prims\jni.cpp, line 517]
Event: 62.361 Thread 0x0000023f720faed0 Exception <a 'sun/nio/fs/WindowsException'{0x000000008fb28220}> (0x000000008fb28220) 
thrown [s\src\hotspot\share\prims\jni.cpp, line 517]
Event: 62.554 Thread 0x0000023f720e6b60 Exception <a 'sun/nio/fs/WindowsException'{0x000000008ce28490}> (0x000000008ce28490) 
thrown [s\src\hotspot\share\prims\jni.cpp, line 517]
Event: 62.642 Thread 0x0000023f720e6b60 Exception <a 'java/lang/NoSuchMethodError'{0x000000008ced9e50}: 'java.lang.Object java.lang.invoke.DirectMethodHandle$Holder.newInvokeSpecial(java.lang.Object, java.lang.Object, java.lang.Object, java.lang.Object, java.lang.Object, int, java.lang.Object)'> (0x000000008ced9e50) 
thrown [s\src\hotspot\share\interpreter\linkResolver.cpp, line 771]
Event: 62.643 Thread 0x0000023f720e6b60 Exception <a 'java/lang/NoSuchMethodError'{0x000000008cee3360}: 'java.lang.Object java.lang.invoke.Invokers$Holder.linkToTargetMethod(java.lang.Object, java.lang.Object, java.lang.Object, java.lang.Object, int, java.lang.Object, java.lang.Object)'> (0x000000008cee3360) 
thrown [s\src\hotspot\share\interpreter\linkResolver.cpp, line 771]
Event: 62.673 Thread 0x0000023f720e6b60 Exception <a 'java/lang/NoSuchMethodError'{0x000000008cd6fff8}: 'java.lang.Object java.lang.invoke.DirectMethodHandle$Holder.newInvokeSpecial(java.lang.Object, java.lang.Object, java.lang.Object, java.lang.Object, java.lang.Object, java.lang.Object, java.lang.Object, int)'> (0x000000008cd6fff8) 
thrown [s\src\hotspot\share\interpreter\linkResolver.cpp, line 771]
Event: 62.674 Thread 0x0000023f720e6b60 Exception <a 'java/lang/NoSuchMethodError'{0x000000008cd755a8}: 'java.lang.Object java.lang.invoke.DirectMethodHandle$Holder.invokeSpecial(java.lang.Object, java.lang.Object, java.lang.Object, java.lang.Object, java.lang.Object, java.lang.Object, java.lang.Object, java.lang.Object, int)'> (0x000000008cd755a8) 
thrown [s\src\hotspot\share\interpreter\linkResolver.cpp, line 771]
Event: 62.674 Thread 0x0000023f720e6b60 Exception <a 'java/lang/NoSuchMethodError'{0x000000008cd7a518}: 'java.lang.Object java.lang.invoke.Invokers$Holder.linkToTargetMethod(java.lang.Object, java.lang.Object, java.lang.Object, java.lang.Object, java.lang.Object, java.lang.Object, int, java.lang.Object)'> (0x000000008cd7a518) 
thrown [s\src\hotspot\share\interpreter\linkResolver.cpp, line 771]
Event: 62.871 Thread 0x0000023f69291fc0 Implicit null exception at 0x0000023f55a5bb10 to 0x0000023f55a5be88
Event: 62.882 Thread 0x0000023f720e6b60 Exception <a 'java/lang/NoSuchMethodError'{0x000000008c837478}: 'java.lang.Object java.lang.invoke.Invokers$Holder.invoke_MT(java.lang.Object, java.lang.Object, java.lang.Object)'> (0x000000008c837478) 
thrown [s\src\hotspot\share\interpreter\linkResolver.cpp, line 771]

VM Operations (20 events):
Event: 61.783 Executing VM operation: HandshakeAllThreads done
Event: 62.039 Executing VM operation: G1CollectForAllocation
Event: 62.043 Executing VM operation: G1CollectForAllocation done
Event: 62.330 Executing VM operation: G1CollectForAllocation
Event: 62.337 Executing VM operation: G1CollectForAllocation done
Event: 62.427 Executing VM operation: HandshakeAllThreads
Event: 62.428 Executing VM operation: HandshakeAllThreads done
Event: 62.540 Executing VM operation: HandshakeAllThreads
Event: 62.541 Executing VM operation: HandshakeAllThreads done
Event: 62.541 Executing VM operation: HandshakeAllThreads
Event: 62.541 Executing VM operation: HandshakeAllThreads done
Event: 62.557 Executing VM operation: HandshakeAllThreads
Event: 62.557 Executing VM operation: HandshakeAllThreads done
Event: 62.570 Executing VM operation: HandshakeAllThreads
Event: 62.570 Executing VM operation: HandshakeAllThreads done
Event: 62.573 Executing VM operation: HandshakeAllThreads
Event: 62.573 Executing VM operation: HandshakeAllThreads done
Event: 62.913 Executing VM operation: G1TryInitiateConcMark
Event: 62.918 Executing VM operation: G1TryInitiateConcMark done
Event: 62.983 Executing VM operation: G1Concurrent

Events (20 events):
Event: 62.908 loading class java/security/spec/MGF1ParameterSpec done
Event: 62.910 loading class java/util/concurrent/ForkJoinTask$AdaptedRunnableAction
Event: 62.911 loading class java/util/concurrent/ForkJoinTask$AdaptedRunnableAction done
Event: 62.911 loading class java/util/concurrent/CountedCompleter
Event: 62.911 loading class java/util/concurrent/CountedCompleter done
Event: 62.911 Thread 0x0000023f6b87e8c0 Thread added: 0x0000023f6b87e8c0
Event: 62.912 Thread 0x0000023f720e6690 Thread added: 0x0000023f720e6690
Event: 62.912 Thread 0x0000023f699b3190 Thread added: 0x0000023f699b3190
Event: 62.913 Thread 0x0000023f720e4010 Thread added: 0x0000023f720e4010
Event: 62.919 Thread 0x0000023f6ee69390 Thread added: 0x0000023f6ee69390
Event: 62.920 Thread 0x0000023f6f495260 Thread added: 0x0000023f6f495260
Event: 62.920 Thread 0x0000023f6b880a70 Thread added: 0x0000023f6b880a70
Event: 62.921 Thread 0x0000023f699b61b0 Thread added: 0x0000023f699b61b0
Event: 62.921 Thread 0x0000023f72eb8840 Thread added: 0x0000023f72eb8840
Event: 62.966 loading class sun/security/rsa/RSACore$BlindingParameters
Event: 62.966 loading class sun/security/rsa/RSACore$BlindingParameters done
Event: 62.967 loading class sun/security/jca/JCAUtil$CachedSecureRandomHolder
Event: 62.967 loading class sun/security/jca/JCAUtil$CachedSecureRandomHolder done
Event: 62.971 loading class sun/security/rsa/RSACore$BlindingRandomPair
Event: 62.971 loading class sun/security/rsa/RSACore$BlindingRandomPair done


Dynamic libraries:
0x00007ff7d87f0000 - 0x00007ff7d87fa000 	C:\Program Files\Android\Android Studio\jbr\bin\java.exe
0x00007ff96f020000 - 0x00007ff96f287000 	C:\WINDOWS\SYSTEM32\ntdll.dll
0x00007ff96d5f0000 - 0x00007ff96d6b9000 	C:\WINDOWS\System32\KERNEL32.DLL
0x00007ff96bb10000 - 0x00007ff96bf04000 	C:\WINDOWS\System32\KERNELBASE.dll
0x00007ff96bfa0000 - 0x00007ff96c0eb000 	C:\WINDOWS\System32\ucrtbase.dll
0x00007ff94bcf0000 - 0x00007ff94bd07000 	C:\Program Files\Android\Android Studio\jbr\bin\jli.dll
0x00007ff9364a0000 - 0x00007ff9364bb000 	C:\Program Files\Android\Android Studio\jbr\bin\VCRUNTIME140.dll
0x00007ff96ebe0000 - 0x00007ff96eda5000 	C:\WINDOWS\System32\USER32.dll
0x00007ff96cd80000 - 0x00007ff96cda7000 	C:\WINDOWS\System32\win32u.dll
0x00007ff96de30000 - 0x00007ff96de5b000 	C:\WINDOWS\System32\GDI32.dll
0x00007ff96c1a0000 - 0x00007ff96c2cb000 	C:\WINDOWS\System32\gdi32full.dll
0x00007ff96ba60000 - 0x00007ff96bb03000 	C:\WINDOWS\System32\msvcp_win.dll
0x00007ff94dc60000 - 0x00007ff94def3000 	C:\WINDOWS\WinSxS\amd64_microsoft.windows.common-controls_6595b64144ccf1df_6.0.26100.8115_none_3e075c82e3354f9c\COMCTL32.dll
0x00007ff96ce20000 - 0x00007ff96cec9000 	C:\WINDOWS\System32\msvcrt.dll
0x00007ff96ced0000 - 0x00007ff96cf02000 	C:\WINDOWS\System32\IMM32.DLL
0x00007ff93f9c0000 - 0x00007ff93f9cc000 	C:\Program Files\Android\Android Studio\jbr\bin\vcruntime140_1.dll
0x00007ff90db70000 - 0x00007ff90dbfd000 	C:\Program Files\Android\Android Studio\jbr\bin\msvcp140.dll
0x00007ff8c7220000 - 0x00007ff8c7e8e000 	C:\Program Files\Android\Android Studio\jbr\bin\server\jvm.dll
0x00007ff96d530000 - 0x00007ff96d5e6000 	C:\WINDOWS\System32\ADVAPI32.dll
0x00007ff96d260000 - 0x00007ff96d307000 	C:\WINDOWS\System32\sechost.dll
0x00007ff96e410000 - 0x00007ff96e528000 	C:\WINDOWS\System32\RPCRT4.dll
0x00007ff9423c0000 - 0x00007ff9423ca000 	C:\WINDOWS\SYSTEM32\WSOCK32.dll
0x00007ff96edb0000 - 0x00007ff96ee30000 	C:\WINDOWS\System32\WS2_32.dll
0x00007ff958430000 - 0x00007ff95843b000 	C:\WINDOWS\SYSTEM32\VERSION.dll
0x00007ff969860000 - 0x00007ff969896000 	C:\WINDOWS\SYSTEM32\WINMM.dll
0x00007ff96a620000 - 0x00007ff96a63b000 	C:\WINDOWS\SYSTEM32\kernel.appcore.dll
0x00007ff957fe0000 - 0x00007ff957fea000 	C:\Program Files\Android\Android Studio\jbr\bin\jimage.dll
0x00007ff969570000 - 0x00007ff9697b2000 	C:\WINDOWS\SYSTEM32\DBGHELP.DLL
0x00007ff96e570000 - 0x00007ff96e8f2000 	C:\WINDOWS\System32\combase.dll
0x00007ff96e330000 - 0x00007ff96e408000 	C:\WINDOWS\System32\OLEAUT32.dll
0x00007ff969820000 - 0x00007ff96985b000 	C:\WINDOWS\SYSTEM32\dbgcore.DLL
0x00007ff96c0f0000 - 0x00007ff96c195000 	C:\WINDOWS\System32\bcryptPrimitives.dll
0x00007ff94e910000 - 0x00007ff94e935000 	C:\Program Files\Android\Android Studio\jbr\bin\java.dll
0x00007ff957fc0000 - 0x00007ff957fd8000 	C:\Program Files\Android\Android Studio\jbr\bin\zip.dll
0x00007ff96d6c0000 - 0x00007ff96de27000 	C:\WINDOWS\System32\SHELL32.dll
0x00007ff96b8f0000 - 0x00007ff96ba5a000 	C:\WINDOWS\System32\wintypes.dll
0x00007ff96c510000 - 0x00007ff96cd78000 	C:\WINDOWS\System32\windows.storage.dll
0x00007ff96cf20000 - 0x00007ff96d018000 	C:\WINDOWS\System32\SHCORE.dll
0x00007ff96cdb0000 - 0x00007ff96ce16000 	C:\WINDOWS\System32\shlwapi.dll
0x00007ff96b810000 - 0x00007ff96b839000 	C:\WINDOWS\SYSTEM32\profapi.dll
0x00007ff94be00000 - 0x00007ff94be19000 	C:\Program Files\Android\Android Studio\jbr\bin\net.dll
0x00007ff964870000 - 0x00007ff96499d000 	C:\WINDOWS\SYSTEM32\WINHTTP.dll
0x00007ff96abf0000 - 0x00007ff96ac5c000 	C:\WINDOWS\system32\mswsock.dll
0x00007ff94bde0000 - 0x00007ff94bdf6000 	C:\Program Files\Android\Android Studio\jbr\bin\nio.dll
0x00007ff956da0000 - 0x00007ff956db0000 	C:\Program Files\Android\Android Studio\jbr\bin\verify.dll
0x00007ff92f100000 - 0x00007ff92f127000 	C:\Users\Ashley (etu-arakoto)\.gradle\native\68d5fa5c4cc2d200863cafc0d521ce42e7d3e7ee720ec0a83991735586a16f82\windows-amd64\native-platform.dll
0x00007ff8fc1a0000 - 0x00007ff8fc2e4000 	C:\Users\Ashley (etu-arakoto)\.gradle\native\e376f236ea51e6404a007f0833ffe2c6e607c4080706a723a18a27aeea778392\windows-amd64\native-platform-file-events.dll
0x00007ff9544b0000 - 0x00007ff9544b9000 	C:\Program Files\Android\Android Studio\jbr\bin\management.dll
0x00007ff9542f0000 - 0x00007ff9542fb000 	C:\Program Files\Android\Android Studio\jbr\bin\management_ext.dll
0x00007ff96e300000 - 0x00007ff96e308000 	C:\WINDOWS\System32\PSAPI.DLL
0x00007ff96aed0000 - 0x00007ff96aeeb000 	C:\WINDOWS\SYSTEM32\CRYPTSP.dll
0x00007ff96a5e0000 - 0x00007ff96a619000 	C:\WINDOWS\system32\rsaenh.dll
0x00007ff96aca0000 - 0x00007ff96acd3000 	C:\WINDOWS\SYSTEM32\USERENV.dll
0x00007ff96b7e0000 - 0x00007ff96b80a000 	C:\WINDOWS\SYSTEM32\bcrypt.dll
0x00007ff96aef0000 - 0x00007ff96aefc000 	C:\WINDOWS\SYSTEM32\CRYPTBASE.dll
0x00007ff96a030000 - 0x00007ff96a062000 	C:\WINDOWS\SYSTEM32\IPHLPAPI.DLL
0x00007ff96e2f0000 - 0x00007ff96e2fa000 	C:\WINDOWS\System32\NSI.dll
0x00007ff965180000 - 0x00007ff96519d000 	C:\WINDOWS\SYSTEM32\dhcpcsvc6.DLL
0x00007ff965150000 - 0x00007ff965175000 	C:\WINDOWS\SYSTEM32\dhcpcsvc.DLL
0x00007ff96a0c0000 - 0x00007ff96a1f2000 	C:\WINDOWS\SYSTEM32\DNSAPI.dll
0x00007ff92ec40000 - 0x00007ff92ec48000 	C:\WINDOWS\system32\wshunix.dll
0x00007ff9431b0000 - 0x00007ff9431c8000 	C:\WINDOWS\system32\napinsp.dll
0x00007ff943010000 - 0x00007ff943023000 	C:\WINDOWS\System32\winrnr.dll
0x00007ff942fe0000 - 0x00007ff943002000 	C:\WINDOWS\system32\nlansp_c.dll
0x00007ff942fc0000 - 0x00007ff942fd6000 	C:\WINDOWS\system32\wshbth.dll
0x00007ff964ba0000 - 0x00007ff964bab000 	C:\Windows\System32\rasadhlp.dll
0x00007ff965be0000 - 0x00007ff965c66000 	C:\WINDOWS\System32\fwpuclnt.dll
0x00007ff96a7a0000 - 0x00007ff96a7d6000 	C:\WINDOWS\SYSTEM32\ntmarta.dll
0x00007ff94f070000 - 0x00007ff94f08e000 	C:\Users\Ashley (etu-arakoto)\AppData\Local\Temp\native-platform13896277160920826030dir\native-platform.dll
0x00007ff957ff0000 - 0x00007ff957ff7000 	C:\Program Files\Android\Android Studio\jbr\bin\rmi.dll

dbghelp: loaded successfully - version: 4.0.5 - missing functions: none
symbol engine: initialized successfully - sym options: 0x614 - pdb path: .;C:\Program Files\Android\Android Studio\jbr\bin;C:\WINDOWS\SYSTEM32;C:\WINDOWS\WinSxS\amd64_microsoft.windows.common-controls_6595b64144ccf1df_6.0.26100.8115_none_3e075c82e3354f9c;C:\Program Files\Android\Android Studio\jbr\bin\server;C:\Users\Ashley (etu-arakoto)\.gradle\native\68d5fa5c4cc2d200863cafc0d521ce42e7d3e7ee720ec0a83991735586a16f82\windows-amd64;C:\Users\Ashley (etu-arakoto)\.gradle\native\e376f236ea51e6404a007f0833ffe2c6e607c4080706a723a18a27aeea778392\windows-amd64;C:\Users\Ashley (etu-arakoto)\AppData\Local\Temp\native-platform13896277160920826030dir

VM Arguments:
jvm_args: --add-opens=java.base/java.util=ALL-UNNAMED --add-opens=java.base/java.lang=ALL-UNNAMED --add-opens=java.base/java.lang.invoke=ALL-UNNAMED --add-opens=java.prefs/java.util.prefs=ALL-UNNAMED --add-opens=java.base/java.nio.charset=ALL-UNNAMED --add-opens=java.base/java.net=ALL-UNNAMED --add-opens=java.base/java.util.concurrent.atomic=ALL-UNNAMED -Xmx2048m -Dfile.encoding=UTF-8 -Duser.country=FR -Duser.language=fr -Duser.variant 
java_command: org.gradle.launcher.daemon.bootstrap.GradleDaemon 8.0
java_class_path (initial): C:\Users\Ashley (etu-arakoto)\.gradle\wrapper\dists\gradle-8.0-bin\ca5e32bp14vu59qr306oxotwh\gradle-8.0\lib\gradle-launcher-8.0.jar
Launcher Type: SUN_STANDARD

[Global flags]
     intx CICompilerCount                          = 4                                         {product} {ergonomic}
     uint ConcGCThreads                            = 3                                         {product} {ergonomic}
     uint G1ConcRefinementThreads                  = 10                                        {product} {ergonomic}
   size_t G1HeapRegionSize                         = 1048576                                   {product} {ergonomic}
    uintx GCDrainStackTargetSize                   = 64                                        {product} {ergonomic}
   size_t InitialHeapSize                          = 264241152                                 {product} {ergonomic}
   size_t MarkStackSize                            = 4194304                                   {product} {ergonomic}
   size_t MaxHeapSize                              = 2147483648                                {product} {command line}
   size_t MaxNewSize                               = 1287651328                                {product} {ergonomic}
   size_t MinHeapDeltaBytes                        = 1048576                                   {product} {ergonomic}
   size_t MinHeapSize                              = 8388608                                   {product} {ergonomic}
    uintx NonNMethodCodeHeapSize                   = 5839372                                {pd product} {ergonomic}
    uintx NonProfiledCodeHeapSize                  = 122909434                              {pd product} {ergonomic}
    uintx ProfiledCodeHeapSize                     = 122909434                              {pd product} {ergonomic}
    uintx ReservedCodeCacheSize                    = 251658240                              {pd product} {ergonomic}
     bool SegmentedCodeCache                       = true                                      {product} {ergonomic}
   size_t SoftMaxHeapSize                          = 2147483648                             {manageable} {ergonomic}
     bool UseCompressedClassPointers               = true                           {product lp64_product} {ergonomic}
     bool UseCompressedOops                        = true                           {product lp64_product} {ergonomic}
     bool UseG1GC                                  = true                                      {product} {ergonomic}
     bool UseLargePagesIndividualAllocation        = false                                  {pd product} {ergonomic}

Logging:
Log output configuration:
 #0: stdout all=warning uptime,level,tags
 #1: stderr all=off uptime,level,tags

Environment Variables:
PATH=C:\Program Files\Eclipse Adoptium\jdk-21.0.3.9-hotspot\bin;C:\Python312\Scripts\;C:\Python312\;C:\Program Files (x86)\Common Files\Oracle\Java\javapath;C:\WINDOWS\system32;C:\WINDOWS;C:\WINDOWS\System32\Wbem;C:\WINDOWS\System32\WindowsPowerShell\v1.0\;C:\WINDOWS\System32\OpenSSH\;C:\Program Files\dotnet\;C:\Program Files\Microsoft SQL Server\150\Tools\Binn\;C:\Program Files\Microsoft SQL Server\Client SDK\ODBC\170\Tools\Binn\;C:\Program Files\MongoDB\mongosh-2.0.1-win32-x64\bin;C:\ProgramData\chocolatey\bin;C:\Program Files\k6\;C:\Program Files\Git\cmd;C:\Program Files\PuTTY\;C:\composer;C:\xampp\mysql\bin\mysql.exe;C:\Program Files\Go\bin;C:\Program Files\Docker\Docker\resources\bin;C:\Users\Ashley (etu-arakoto)\AppData\Local\nvm;C:\nvm4w\nodejs;C:\Program Files (x86)\Microsoft SQL Server\160\Tools\Binn\;C:\Program Files\Microsoft SQL Server\160\Tools\Binn\;C:\Program Files\Microsoft SQL Server\160\DTS\Binn\;C:\Ruby33-x64\bin;C:\Users\Ashley (etu-arakoto)\.cargo\bin;C:\Users\Ashley (etu-arakoto)\AppData\Local\Microsoft\WindowsApps;C:\Users\Ashley (etu-arakoto)\AppData\Local\Programs\Microsoft VS Code\bin;C:\Users\Ashley (etu-arakoto)\.dotnet\tools;C:\Program Files\MongoDB\Server\7.0\bin;C:\Users\Ashley (etu-arakoto)\AppData\Roaming\npm;C:\dartsdk-windows-x64-release\dart-sdk\bin;C:\PHP;C:\Users\Ashley (etu-arakoto)\AppData\Roaming\Composer\vendor\bin;C:\composer;C:\xampp\mysql\bin;C:\Program Files (x86)\Java\jre-1.8\bin;C:\Users\Ashley (etu-arakoto)\AppData\Roaming\Programs\Zero Install;C:\Users\Ashley (etu-arakoto)\go\bin;C:\Program Files\Go\bin;C:\apache-maven-3.9.9-bin\apache-maven-3.9.9\bin;C:\spring-3.3.5\bin;C:\kotlinc\bin;C:\gradle-8.12\bin;C:\Program Files\PostgreSQL\16\bin;C:\Users\Ashley (etu-arakoto)\AppData\Local\Microsoft\WindowsApps;C:\Python312\Scripts;C:\sqlite3;C:\stripe_1.29.0_windows_x86_64;C:\flutter_windows_3.13.6-stable\flutter\bin;C:\Users\Ashley (etu-arakoto)\AppData\Local\nvm;C:\nvm4w\nodejs
USERNAME=Ashley (etu-arakoto)
OS=Windows_NT
PROCESSOR_IDENTIFIER=Intel64 Family 6 Model 186 Stepping 3, GenuineIntel
TMP=C:\Users\ASHLEY~1\AppData\Local\Temp
TEMP=C:\Users\ASHLEY~1\AppData\Local\Temp


JNI global refs:
JNI global refs: 25, weak refs: 0

JNI global refs memory usage: 843, weak refs: 209


---------------  S Y S T E M  ---------------

OS:
 Windows 11 , 64 bit Build 26100 (10.0.26100.8246)
OS uptime: 7 days 18:16 hours
Hyper-V role detected

CPU: total 12 (initial active 12) (6 cores per cpu, 2 threads per core) family 6 model 186 stepping 3 microcode 0x6134, cx8, cmov, fxsr, ht, mmx, 3dnowpref, sse, sse2, sse3, ssse3, sse4.1, sse4.2, popcnt, lzcnt, tsc, tscinvbit, avx, avx2, aes, erms, clmul, bmi1, bmi2, adx, sha, fma, vzeroupper, clflush, clflushopt, clwb, hv

Memory: 4k page, system-wide physical 16068M (2079M free)
TotalPageFile size 65220M (AvailPageFile size 53M)
current process WorkingSet (physical memory assigned to process): 581M, peak: 581M
current process commit charge ("private bytes"): 618M, peak: 658M

vm_info: OpenJDK 64-Bit Server VM (17.0.6+0-b2043.56-10027231) for windows-amd64 JRE (17.0.6+0-b2043.56-10027231), built on Apr 28 2023 00:43:19 by "androidbuild" with MS VC++ 16.10 / 16.11 (VS2019)

END.
