#
# There is insufficient memory for the Java Runtime Environment to continue.
# Native memory allocation (malloc) failed to allocate 1878896 bytes for Chunk::new
# Possible reasons:
#   The system is out of physical RAM or swap space
#   The process is running with CompressedOops enabled, and the Java Heap may be blocking the growth of the native heap
# Possible solutions:
#   Reduce memory load on the system
#   Increase physical memory or swap space
#   Check if swap backing store is full
#   Decrease Java heap size (-Xmx/-Xms)
#   Decrease number of Java threads
#   Decrease Java thread stack sizes (-Xss)
#   Set larger code cache with -XX:ReservedCodeCacheSize=
#   JVM is running with Unscaled Compressed Oops mode in which the Java heap is
#     placed in the first 4GB address space. The Java Heap base address is the
#     maximum limit for the native heap growth. Please use -XX:HeapBaseMinAddress
#     to set the Java Heap base and to place the Java Heap above 4GB virtual address.
# This output file may be truncated or incomplete.
#
#  Out of Memory Error (arena.cpp:189), pid=28600, tid=26880
#
# JRE version: OpenJDK Runtime Environment (17.0.6) (build 17.0.6+0-b2043.56-10027231)
# Java VM: OpenJDK 64-Bit Server VM (17.0.6+0-b2043.56-10027231, mixed mode, tiered, compressed oops, compressed class ptrs, g1 gc, windows-amd64)
# No core dump will be written. Minidumps are not enabled by default on client versions of Windows
#

---------------  S U M M A R Y ------------

Command Line: --add-opens=java.base/java.util=ALL-UNNAMED --add-opens=java.base/java.lang=ALL-UNNAMED --add-opens=java.base/java.lang.invoke=ALL-UNNAMED --add-opens=java.prefs/java.util.prefs=ALL-UNNAMED --add-opens=java.base/java.nio.charset=ALL-UNNAMED --add-opens=java.base/java.net=ALL-UNNAMED --add-opens=java.base/java.util.concurrent.atomic=ALL-UNNAMED -Xmx2048m -Dfile.encoding=UTF-8 -Duser.country=FR -Duser.language=fr -Duser.variant org.gradle.launcher.daemon.bootstrap.GradleDaemon 8.0

Host: 13th Gen Intel(R) Core(TM) i7-1355U, 12 cores, 15G,  Windows 11 , 64 bit Build 26100 (10.0.26100.8246)
Time: Fri May  8 09:41:24 2026 Paris, Madrid (heure duild 26100 (10.0.26100.8246) elapsed time: 823.197548 seconds (0d 0h 13m 43s)

---------------  T H R E A D  ---------------

Current thread (0x000001b0714a3af0):  JavaThread "C2 CompilerThread0" daemon [_thread_in_native, id=26880, stack(0x0000005467400000,0x0000005467500000)]


Current CompileTask:
C2: 823197 20190       4       org.gradle.internal.instantiation.generator.AbstractClassGenerator::inspectType (560 bytes)

Stack: [0x0000005467400000,0x0000005467500000]
Native frames: (J=compiled Java code, j=interpreted, Vv=VM code, C=native code)
V  [jvm.dll+0x683c9a]
V  [jvm.dll+0x8427a4]
V  [jvm.dll+0x843f9e]
V  [jvm.dll+0x844603]
V  [jvm.dll+0x249b75]
V  [jvm.dll+0xabcac]
V  [jvm.dll+0xac27c]
V  [jvm.dll+0x368802]
V  [jvm.dll+0x1bced2]
V  [jvm.dll+0x21c359]
V  [jvm.dll+0x21b621]
V  [jvm.dll+0x1a4fdd]
V  [jvm.dll+0x22b098]
V  [jvm.dll+0x229159]
V  [jvm.dll+0x7f81ec]
V  [jvm.dll+0x7f274a]
V  [jvm.dll+0x682ad5]
C  [ucrtbase.dll+0x37b0]
C  [KERNEL32.DLL+0x2e8d7]
C  [ntdll.dll+0x8c3fc]


---------------  P R O C E S S  ---------------

Threads class SMR info:
_java_thread_list=0x000001b077081ca0, length=179, elements={
0x000001b05460cff0, 0x000001b071452b20, 0x000001b071454870, 0x000001b07148de60,
0x000001b07148e720, 0x000001b0714a2640, 0x000001b0714a2f00, 0x000001b0714a3af0,
0x000001b0714a43f0, 0x000001b0714a5a30, 0x000001b071673020, 0x000001b0716734f0,
0x000001b074442820, 0x000001b074445840, 0x000001b0744449d0, 0x000001b074443b60,
0x000001b074444500, 0x000001b074445370, 0x000001b072988f70, 0x000001b072987290,
0x000001b072987760, 0x000001b072988aa0, 0x000001b0729868f0, 0x000001b072985f50,
0x000001b07298c460, 0x000001b07298ac50, 0x000001b072989910, 0x000001b072989de0,
0x000001b0725fc060, 0x000001b0725fdd40, 0x000001b0725fb1f0, 0x000001b0726020a0,
0x000001b0725ffef0, 0x000001b072600890, 0x000001b072600d60, 0x000001b072601230,
0x000001b07ae9c080, 0x000001b07ae9c550, 0x000001b077894d60, 0x000001b077895230,
0x000001b07b08a920, 0x000001b077c78f10, 0x000001b077c793e0, 0x000001b077c78a40,
0x000001b07ef8c470, 0x000001b07eabc880, 0x000001b079467060, 0x000001b078ca8570,
0x000001b078ca98b0, 0x000001b078ca80a0, 0x000001b07ef8b600, 0x000001b07ef8a2c0,
0x000001b07ef89450, 0x000001b07ef89920, 0x000001b07ef8a790, 0x000001b07ef8ac60,
0x000001b07ef8bad0, 0x000001b07ef8c940, 0x000001b07ef88f80, 0x000001b07ef89df0,
0x000001b07ef8b130, 0x000001b07ef8bfa0, 0x000001b07a546a10, 0x000001b07a546ee0,
0x000001b07a546070, 0x000001b07a547880, 0x000001b079a8bee0, 0x000001b079a8b070,
0x000001b079a8b540, 0x000001b07b0a8b40, 0x000001b07b0aa820, 0x000001b07b0ab1c0,
0x000001b07b0a94e0, 0x000001b07b0aacf0, 0x000001b07b0ab690, 0x000001b07b0abb60,
0x000001b07b0a99b0, 0x000001b07b0a9010, 0x000001b07b0a81a0, 0x000001b07b0a8670,
0x000001b077c79d80, 0x000001b07b0a9e80, 0x000001b07b0aa350, 0x000001b001f71aa0,
0x000001b07e848210, 0x000001b07e8486e0, 0x000001b07e848bb0, 0x000001b07e847d40,
0x000001b001f71100, 0x000001b001f715d0, 0x000001b001f6f420, 0x000001b001f72440,
0x000001b001f70290, 0x000001b07f69b410, 0x000001b07f699c00, 0x000001b07f69a5a0,
0x000001b07f698d90, 0x000001b07f699260, 0x000001b07a546540, 0x000001b07510f870,
0x000001b075113230, 0x000001b07ace05d0, 0x000001b07ace0f70, 0x000001b07ace1440,
0x000001b07ace2780, 0x000001b07ace1910, 0x000001b07ace0aa0, 0x000001b07acdfc30,
0x000001b07ace1de0, 0x000001b07ace22b0, 0x000001b07acdedc0, 0x000001b07acdf290,
0x000001b0778b5ba0, 0x000001b0778b6070, 0x000001b0778b4860, 0x000001b07eecc5c0,
0x000001b07eecca90, 0x000001b0758ebd10, 0x000001b0758edec0, 0x000001b0758ec1e0,
0x000001b0758ed520, 0x000001b0758ef6d0, 0x000001b07e849080, 0x000001b07e846060,
0x000001b07e849550, 0x000001b07e846530, 0x000001b07e8473a0, 0x000001b07e849a20,
0x000001b07e846ed0, 0x000001b075112d60, 0x000001b075111080, 0x000001b075110bb0,
0x000001b07510fd40, 0x000001b075110210, 0x000001b075111550, 0x000001b001f6dee0,
0x000001b075111a20, 0x000001b075111ef0, 0x000001b0751123c0, 0x000001b0751106e0,
0x000001b075112890, 0x000001b077f4db70, 0x000001b077f4c830, 0x000001b077f4d6a0,
0x000001b077f4e510, 0x000001b077f4b020, 0x000001b077f4cd00, 0x000001b077f4c360,
0x000001b077f4b4f0, 0x000001b077f4d1d0, 0x000001b077f4be90, 0x000001b077f4e040,
0x000001b077f4e9e0, 0x000001b077f4b9c0, 0x000001b077462760, 0x000001b077464de0,
0x000001b077464910, 0x000001b0774635d0, 0x000001b077463f70, 0x000001b0774652b0,
0x000001b077462c30, 0x000001b077465780, 0x000001b077464440, 0x000001b077465c50,
0x000001b077462290, 0x000001b077463aa0, 0x000001b077463100, 0x000001b07eec9e60,
0x000001b07eec8180, 0x000001b07eec8b20, 0x000001b07eec94c0, 0x000001b07eec7310,
0x000001b07eeca800, 0x000001b07eec77e0, 0x000001b07eec7cb0, 0x000001b07e846a00,
0x000001b07e847870, 0x000001b07eec9990, 0x000001b07eec8650
}

Java Threads: ( => current thread )
  0x000001b05460cff0 JavaThread "main" [_thread_blocked, id=31288, stack(0x0000005466700000,0x0000005466800000)]
  0x000001b071452b20 JavaThread "Reference Handler" daemon [_thread_blocked, id=38612, stack(0x0000005466e00000,0x0000005466f00000)]
  0x000001b071454870 JavaThread "Finalizer" daemon [_thread_blocked, id=38404, stack(0x0000005466f00000,0x0000005467000000)]
  0x000001b07148de60 JavaThread "Signal Dispatcher" daemon [_thread_blocked, id=14992, stack(0x0000005467000000,0x0000005467100000)]
  0x000001b07148e720 JavaThread "Attach Listener" daemon [_thread_blocked, id=28968, stack(0x0000005467100000,0x0000005467200000)]
  0x000001b0714a2640 JavaThread "Service Thread" daemon [_thread_blocked, id=1616, stack(0x0000005467200000,0x0000005467300000)]
  0x000001b0714a2f00 JavaThread "Monitor Deflation Thread" daemon [_thread_blocked, id=30416, stack(0x0000005467300000,0x0000005467400000)]
=>0x000001b0714a3af0 JavaThread "C2 CompilerThread0" daemon [_thread_in_native, id=26880, stack(0x0000005467400000,0x0000005467500000)]
  0x000001b0714a43f0 JavaThread "C1 CompilerThread0" daemon [_thread_blocked, id=2124, stack(0x0000005467500000,0x0000005467600000)]
  0x000001b0714a5a30 JavaThread "Sweeper thread" daemon [_thread_blocked, id=32036, stack(0x0000005467600000,0x0000005467700000)]
  0x000001b071673020 JavaThread "Common-Cleaner" daemon [_thread_blocked, id=28332, stack(0x0000005467700000,0x0000005467800000)]
  0x000001b0716734f0 JavaThread "Notification Thread" daemon [_thread_blocked, id=23824, stack(0x0000005467800000,0x0000005467900000)]
  0x000001b074442820 JavaThread "Daemon health stats" [_thread_blocked, id=16644, stack(0x0000005467f00000,0x0000005468000000)]
  0x000001b074445840 JavaThread "Incoming local TCP Connector on port 57595" [_thread_in_native, id=32092, stack(0x0000005468000000,0x0000005468100000)]
  0x000001b0744449d0 JavaThread "Daemon periodic checks" [_thread_blocked, id=5708, stack(0x0000005468200000,0x0000005468300000)]
  0x000001b074443b60 JavaThread "Cache worker for journal cache (C:\Users\Ashley (etu-arakoto)\.gradle\caches\journal-1)" [_thread_blocked, id=21248, stack(0x0000005468f00000,0x0000005469000000)]
  0x000001b074444500 JavaThread "File lock request listener" [_thread_in_native, id=428, stack(0x0000005469000000,0x0000005469100000)]
  0x000001b074445370 JavaThread "Cache worker for file hash cache (C:\Users\Ashley (etu-arakoto)\.gradle\caches\8.0\fileHashes)" [_thread_blocked, id=27736, stack(0x0000005469100000,0x0000005469200000)]
  0x000001b072988f70 JavaThread "File watcher server" daemon [_thread_in_native, id=24956, stack(0x0000005469200000,0x0000005469300000)]
  0x000001b072987290 JavaThread "File watcher consumer" daemon [_thread_blocked, id=34520, stack(0x0000005469300000,0x0000005469400000)]
  0x000001b072987760 JavaThread "Cache worker for file content cache (C:\Users\Ashley (etu-arakoto)\.gradle\caches\8.0\fileContent)" [_thread_blocked, id=25588, stack(0x0000005469600000,0x0000005469700000)]
  0x000001b072988aa0 JavaThread "Cache worker for execution history cache (C:\Users\Ashley (etu-arakoto)\.gradle\caches\8.0\executionHistory)" [_thread_blocked, id=4448, stack(0x0000005469900000,0x0000005469a00000)]
  0x000001b0729868f0 JavaThread "jar transforms" [_thread_blocked, id=8000, stack(0x0000005469a00000,0x0000005469b00000)]
  0x000001b072985f50 JavaThread "jar transforms Thread 2" [_thread_blocked, id=29116, stack(0x0000005469c00000,0x0000005469d00000)]
  0x000001b07298c460 JavaThread "Cache worker for kotlin-dsl (C:\Users\Ashley (etu-arakoto)\.gradle\caches\8.0\kotlin-dsl)" [_thread_blocked, id=18092, stack(0x0000005469e00000,0x0000005469f00000)]
  0x000001b07298ac50 JavaThread "jar transforms Thread 3" [_thread_blocked, id=29800, stack(0x0000005469b00000,0x0000005469c00000)]
  0x000001b072989910 JavaThread "jar transforms Thread 4" [_thread_blocked, id=4712, stack(0x0000005469f00000,0x000000546a000000)]
  0x000001b072989de0 JavaThread "jar transforms Thread 5" [_thread_blocked, id=27400, stack(0x000000546a200000,0x000000546a300000)]
  0x000001b0725fc060 JavaThread "jar transforms Thread 6" [_thread_blocked, id=19100, stack(0x0000005471b00000,0x0000005471c00000)]
  0x000001b0725fdd40 JavaThread "jar transforms Thread 7" [_thread_blocked, id=3452, stack(0x0000005471c00000,0x0000005471d00000)]
  0x000001b0725fb1f0 JavaThread "jar transforms Thread 8" [_thread_blocked, id=15040, stack(0x0000005471d00000,0x0000005471e00000)]
  0x000001b0726020a0 JavaThread "jar transforms Thread 9" [_thread_blocked, id=18436, stack(0x0000005471e00000,0x0000005471f00000)]
  0x000001b0725ffef0 JavaThread "jar transforms Thread 10" [_thread_blocked, id=29656, stack(0x0000005471f00000,0x0000005472000000)]
  0x000001b072600890 JavaThread "jar transforms Thread 11" [_thread_blocked, id=27744, stack(0x0000005472000000,0x0000005472100000)]
  0x000001b072600d60 JavaThread "jar transforms Thread 12" [_thread_blocked, id=10068, stack(0x0000005472100000,0x0000005472200000)]
  0x000001b072601230 JavaThread "Memory manager" [_thread_blocked, id=21196, stack(0x0000005472300000,0x0000005472400000)]
  0x000001b07ae9c080 JavaThread "RMI Scheduler(0)" daemon [_thread_blocked, id=27096, stack(0x000000546a000000,0x000000546a100000)]
  0x000001b07ae9c550 JavaThread "RMI GC Daemon" daemon [_thread_blocked, id=30224, stack(0x0000005473b00000,0x0000005473c00000)]
  0x000001b077894d60 JavaThread "RMI TCP Accept-0" daemon [_thread_in_native, id=40312, stack(0x0000005473d00000,0x0000005473e00000)]
  0x000001b077895230 JavaThread "RMI Reaper" [_thread_blocked, id=32732, stack(0x0000005473e00000,0x0000005473f00000)]
  0x000001b07b08a920 JavaThread "ForkJoinPool.commonPool-worker-12" daemon [_thread_blocked, id=28596, stack(0x0000005473800000,0x0000005473900000)]
  0x000001b077c78f10 JavaThread "ForkJoinPool.commonPool-worker-13" daemon [_thread_blocked, id=34968, stack(0x0000005473900000,0x0000005473a00000)]
  0x000001b077c793e0 JavaThread "ForkJoinPool.commonPool-worker-14" daemon [_thread_blocked, id=30860, stack(0x0000005473a00000,0x0000005473b00000)]
  0x000001b077c78a40 JavaThread "ForkJoinPool.commonPool-worker-16" daemon [_thread_blocked, id=33964, stack(0x0000005473f00000,0x0000005474000000)]
  0x000001b07ef8c470 JavaThread "ForkJoinPool.commonPool-worker-17" daemon [_thread_blocked, id=36260, stack(0x0000005474000000,0x0000005474100000)]
  0x000001b07eabc880 JavaThread "ForkJoinPool.commonPool-worker-18" daemon [_thread_blocked, id=28580, stack(0x0000005474200000,0x0000005474300000)]
  0x000001b079467060 JavaThread "Daemon Thread 4" [_thread_blocked, id=35040, stack(0x0000005466500000,0x0000005466600000)]
  0x000001b078ca8570 JavaThread "Handler for socket connection from /127.0.0.1:57595 to /127.0.0.1:64568" [_thread_in_native, id=15404, stack(0x0000005466600000,0x0000005466700000)]
  0x000001b078ca98b0 JavaThread "Cancel handler" [_thread_blocked, id=33844, stack(0x0000005468300000,0x0000005468400000)]
  0x000001b078ca80a0 JavaThread "Daemon worker Thread 4" [_thread_in_vm, id=41724, stack(0x0000005468400000,0x0000005468500000)]
  0x000001b07ef8b600 JavaThread "Asynchronous log dispatcher for DefaultDaemonConnection: socket connection from /127.0.0.1:57595 to /127.0.0.1:64568" [_thread_blocked, id=37724, stack(0x0000005468500000,0x0000005468600000)]
  0x000001b07ef8a2c0 JavaThread "Stdin handler" [_thread_blocked, id=7400, stack(0x0000005468600000,0x0000005468700000)]
  0x000001b07ef89450 JavaThread "Daemon client event forwarder" [_thread_blocked, id=40864, stack(0x0000005468700000,0x0000005468800000)]
  0x000001b07ef89920 JavaThread "Cache worker for checksums cache (C:\Users\Ashley (etu-arakoto)\Documents\Informatique\suivi_candidatures\candidatures_android\.gradle\8.0\checksums)" [_thread_blocked, id=24768, stack(0x0000005468800000,0x0000005468900000)]
  0x000001b07ef8a790 JavaThread "Cache worker for cache directory md-rule (C:\Users\Ashley (etu-arakoto)\.gradle\caches\8.0\md-rule)" [_thread_blocked, id=24832, stack(0x0000005468900000,0x0000005468a00000)]
  0x000001b07ef8ac60 JavaThread "Cache worker for file hash cache (C:\Users\Ashley (etu-arakoto)\Documents\Informatique\suivi_candidatures\candidatures_android\.gradle\8.0\fileHashes)" [_thread_blocked, id=11280, stack(0x0000005469400000,0x0000005469500000)]
  0x000001b07ef8bad0 JavaThread "Cache worker for cache directory md-supplier (C:\Users\Ashley (etu-arakoto)\.gradle\caches\8.0\md-supplier)" [_thread_blocked, id=32544, stack(0x0000005469500000,0x0000005469600000)]
  0x000001b07ef8c940 JavaThread "Cache worker for dependencies-accessors (C:\Users\Ashley (etu-arakoto)\Documents\Informatique\suivi_candidatures\candidatures_android\.gradle\8.0\dependencies-accessors)" [_thread_blocked, id=31552, stack(0x0000005469700000,0x0000005469800000)]
  0x000001b07ef88f80 JavaThread "Cache worker for Build Output Cleanup Cache (C:\Users\Ashley (etu-arakoto)\Documents\Informatique\suivi_candidatures\candidatures_android\.gradle\buildOutputCleanup)" [_thread_blocked, id=39572, stack(0x0000005469800000,0x0000005469900000)]
  0x000001b07ef89df0 JavaThread "Unconstrained build operations" [_thread_blocked, id=16320, stack(0x0000005469d00000,0x0000005469e00000)]
  0x000001b07ef8b130 JavaThread "Unconstrained build operations Thread 2" [_thread_blocked, id=4456, stack(0x000000546a100000,0x000000546a200000)]
  0x000001b07ef8bfa0 JavaThread "Unconstrained build operations Thread 3" [_thread_blocked, id=36728, stack(0x000000546a300000,0x000000546a400000)]
  0x000001b07a546a10 JavaThread "Unconstrained build operations Thread 4" [_thread_blocked, id=22168, stack(0x000000546a400000,0x000000546a500000)]
  0x000001b07a546ee0 JavaThread "Unconstrained build operations Thread 5" [_thread_blocked, id=20900, stack(0x000000546a500000,0x000000546a600000)]
  0x000001b07a546070 JavaThread "Unconstrained build operations Thread 6" [_thread_blocked, id=26660, stack(0x000000546a600000,0x000000546a700000)]
  0x000001b07a547880 JavaThread "Unconstrained build operations Thread 7" [_thread_blocked, id=7864, stack(0x000000546a700000,0x000000546a800000)]
  0x000001b079a8bee0 JavaThread "Unconstrained build operations Thread 8" [_thread_blocked, id=1320, stack(0x000000546a800000,0x000000546a900000)]
  0x000001b079a8b070 JavaThread "Unconstrained build operations Thread 9" [_thread_blocked, id=26600, stack(0x000000546a900000,0x000000546aa00000)]
  0x000001b079a8b540 JavaThread "Unconstrained build operations Thread 10" [_thread_blocked, id=22692, stack(0x000000546aa00000,0x000000546ab00000)]
  0x000001b07b0a8b40 JavaThread "Unconstrained build operations Thread 11" [_thread_blocked, id=14272, stack(0x000000546ab00000,0x000000546ac00000)]
  0x000001b07b0aa820 JavaThread "Unconstrained build operations Thread 12" [_thread_blocked, id=19184, stack(0x000000546ac00000,0x000000546ad00000)]
  0x000001b07b0ab1c0 JavaThread "Unconstrained build operations Thread 13" [_thread_blocked, id=17108, stack(0x000000546ad00000,0x000000546ae00000)]
  0x000001b07b0a94e0 JavaThread "Unconstrained build operations Thread 14" [_thread_blocked, id=13172, stack(0x000000546ae00000,0x000000546af00000)]
  0x000001b07b0aacf0 JavaThread "Unconstrained build operations Thread 15" [_thread_blocked, id=17412, stack(0x000000546af00000,0x000000546b000000)]
  0x000001b07b0ab690 JavaThread "Unconstrained build operations Thread 16" [_thread_blocked, id=14628, stack(0x000000546b000000,0x000000546b100000)]
  0x000001b07b0abb60 JavaThread "Unconstrained build operations Thread 17" [_thread_blocked, id=38020, stack(0x000000546b100000,0x000000546b200000)]
  0x000001b07b0a99b0 JavaThread "Unconstrained build operations Thread 18" [_thread_blocked, id=41468, stack(0x000000546b200000,0x000000546b300000)]
  0x000001b07b0a9010 JavaThread "Unconstrained build operations Thread 19" [_thread_blocked, id=34580, stack(0x000000546b300000,0x000000546b400000)]
  0x000001b07b0a81a0 JavaThread "Unconstrained build operations Thread 20" [_thread_blocked, id=34172, stack(0x000000546b400000,0x000000546b500000)]
  0x000001b07b0a8670 JavaThread "Unconstrained build operations Thread 21" [_thread_blocked, id=9812, stack(0x000000546b500000,0x000000546b600000)]
  0x000001b077c79d80 JavaThread "Unconstrained build operations Thread 22" [_thread_blocked, id=25496, stack(0x000000546b600000,0x000000546b700000)]
  0x000001b07b0a9e80 JavaThread "Unconstrained build operations Thread 23" [_thread_blocked, id=36468, stack(0x000000546b700000,0x000000546b800000)]
  0x000001b07b0aa350 JavaThread "Unconstrained build operations Thread 24" [_thread_blocked, id=34372, stack(0x000000546b800000,0x000000546b900000)]
  0x000001b001f71aa0 JavaThread "Unconstrained build operations Thread 25" [_thread_blocked, id=26356, stack(0x000000546b900000,0x000000546ba00000)]
  0x000001b07e848210 JavaThread "Unconstrained build operations Thread 26" [_thread_blocked, id=16196, stack(0x000000546ba00000,0x000000546bb00000)]
  0x000001b07e8486e0 JavaThread "Unconstrained build operations Thread 27" [_thread_blocked, id=26564, stack(0x000000546bb00000,0x000000546bc00000)]
  0x000001b07e848bb0 JavaThread "Unconstrained build operations Thread 28" [_thread_blocked, id=14140, stack(0x000000546bd00000,0x000000546be00000)]
  0x000001b07e847d40 JavaThread "Unconstrained build operations Thread 29" [_thread_blocked, id=37332, stack(0x000000546bf00000,0x000000546c000000)]
  0x000001b001f71100 JavaThread "Unconstrained build operations Thread 30" [_thread_blocked, id=26168, stack(0x000000546c000000,0x000000546c100000)]
  0x000001b001f715d0 JavaThread "Unconstrained build operations Thread 31" [_thread_blocked, id=29048, stack(0x000000546c100000,0x000000546c200000)]
  0x000001b001f6f420 JavaThread "Unconstrained build operations Thread 32" [_thread_blocked, id=2768, stack(0x000000546c200000,0x000000546c300000)]
  0x000001b001f72440 JavaThread "Unconstrained build operations Thread 33" [_thread_blocked, id=20880, stack(0x000000546c300000,0x000000546c400000)]
  0x000001b001f70290 JavaThread "Unconstrained build operations Thread 34" [_thread_blocked, id=25344, stack(0x000000546c400000,0x000000546c500000)]
  0x000001b07f69b410 JavaThread "Unconstrained build operations Thread 35" [_thread_blocked, id=2592, stack(0x000000546c500000,0x000000546c600000)]
  0x000001b07f699c00 JavaThread "Unconstrained build operations Thread 36" [_thread_blocked, id=16456, stack(0x000000546c600000,0x000000546c700000)]
  0x000001b07f69a5a0 JavaThread "Unconstrained build operations Thread 37" [_thread_blocked, id=30856, stack(0x000000546c700000,0x000000546c800000)]
  0x000001b07f698d90 JavaThread "Unconstrained build operations Thread 38" [_thread_blocked, id=4244, stack(0x000000546c800000,0x000000546c900000)]
  0x000001b07f699260 JavaThread "Unconstrained build operations Thread 39" [_thread_blocked, id=14496, stack(0x000000546c900000,0x000000546ca00000)]
  0x000001b07a546540 JavaThread "Unconstrained build operations Thread 40" [_thread_blocked, id=2876, stack(0x000000546ca00000,0x000000546cb00000)]
  0x000001b07510f870 JavaThread "Unconstrained build operations Thread 41" [_thread_blocked, id=16892, stack(0x000000546cb00000,0x000000546cc00000)]
  0x000001b075113230 JavaThread "Unconstrained build operations Thread 42" [_thread_blocked, id=40724, stack(0x000000546cc00000,0x000000546cd00000)]
  0x000001b07ace05d0 JavaThread "Unconstrained build operations Thread 43" [_thread_blocked, id=17948, stack(0x000000546cd00000,0x000000546ce00000)]
  0x000001b07ace0f70 JavaThread "Unconstrained build operations Thread 44" [_thread_blocked, id=41176, stack(0x000000546ce00000,0x000000546cf00000)]
  0x000001b07ace1440 JavaThread "Unconstrained build operations Thread 45" [_thread_blocked, id=17012, stack(0x000000546cf00000,0x000000546d000000)]
  0x000001b07ace2780 JavaThread "Unconstrained build operations Thread 46" [_thread_blocked, id=34460, stack(0x000000546d000000,0x000000546d100000)]
  0x000001b07ace1910 JavaThread "Unconstrained build operations Thread 47" [_thread_blocked, id=14584, stack(0x000000546d100000,0x000000546d200000)]
  0x000001b07ace0aa0 JavaThread "Unconstrained build operations Thread 48" [_thread_blocked, id=20180, stack(0x000000546d200000,0x000000546d300000)]
  0x000001b07acdfc30 JavaThread "Unconstrained build operations Thread 49" [_thread_blocked, id=14108, stack(0x000000546d300000,0x000000546d400000)]
  0x000001b07ace1de0 JavaThread "Unconstrained build operations Thread 50" [_thread_blocked, id=23812, stack(0x000000546d400000,0x000000546d500000)]
  0x000001b07ace22b0 JavaThread "Unconstrained build operations Thread 51" [_thread_blocked, id=25368, stack(0x000000546d500000,0x000000546d600000)]
  0x000001b07acdedc0 JavaThread "Unconstrained build operations Thread 52" [_thread_blocked, id=6572, stack(0x000000546d600000,0x000000546d700000)]
  0x000001b07acdf290 JavaThread "Unconstrained build operations Thread 53" [_thread_blocked, id=38828, stack(0x000000546d700000,0x000000546d800000)]
  0x000001b0778b5ba0 JavaThread "Unconstrained build operations Thread 54" [_thread_blocked, id=11212, stack(0x000000546d800000,0x000000546d900000)]
  0x000001b0778b6070 JavaThread "Unconstrained build operations Thread 55" [_thread_blocked, id=36332, stack(0x000000546d900000,0x000000546da00000)]
  0x000001b0778b4860 JavaThread "Unconstrained build operations Thread 56" [_thread_blocked, id=40116, stack(0x000000546da00000,0x000000546db00000)]
  0x000001b07eecc5c0 JavaThread "Unconstrained build operations Thread 57" [_thread_blocked, id=40596, stack(0x000000546db00000,0x000000546dc00000)]
  0x000001b07eecca90 JavaThread "Unconstrained build operations Thread 58" [_thread_blocked, id=33760, stack(0x000000546dc00000,0x000000546dd00000)]
  0x000001b0758ebd10 JavaThread "Unconstrained build operations Thread 59" [_thread_blocked, id=14988, stack(0x000000546dd00000,0x000000546de00000)]
  0x000001b0758edec0 JavaThread "Unconstrained build operations Thread 60" [_thread_blocked, id=27932, stack(0x000000546de00000,0x000000546df00000)]
  0x000001b0758ec1e0 JavaThread "Unconstrained build operations Thread 61" [_thread_blocked, id=21508, stack(0x000000546df00000,0x000000546e000000)]
  0x000001b0758ed520 JavaThread "Unconstrained build operations Thread 62" [_thread_blocked, id=34428, stack(0x000000546e000000,0x000000546e100000)]
  0x000001b0758ef6d0 JavaThread "Unconstrained build operations Thread 63" [_thread_blocked, id=5124, stack(0x000000546e100000,0x000000546e200000)]
  0x000001b07e849080 JavaThread "Unconstrained build operations Thread 64" [_thread_blocked, id=30268, stack(0x000000546e200000,0x000000546e300000)]
  0x000001b07e846060 JavaThread "Unconstrained build operations Thread 65" [_thread_blocked, id=41188, stack(0x000000546e300000,0x000000546e400000)]
  0x000001b07e849550 JavaThread "Unconstrained build operations Thread 66" [_thread_blocked, id=34888, stack(0x000000546e400000,0x000000546e500000)]
  0x000001b07e846530 JavaThread "Unconstrained build operations Thread 67" [_thread_blocked, id=30800, stack(0x000000546e500000,0x000000546e600000)]
  0x000001b07e8473a0 JavaThread "Unconstrained build operations Thread 68" [_thread_blocked, id=13248, stack(0x000000546e600000,0x000000546e700000)]
  0x000001b07e849a20 JavaThread "Unconstrained build operations Thread 69" [_thread_blocked, id=40968, stack(0x000000546e700000,0x000000546e800000)]
  0x000001b07e846ed0 JavaThread "Unconstrained build operations Thread 70" [_thread_blocked, id=38764, stack(0x000000546e800000,0x000000546e900000)]
  0x000001b075112d60 JavaThread "Unconstrained build operations Thread 71" [_thread_blocked, id=25264, stack(0x000000546e900000,0x000000546ea00000)]
  0x000001b075111080 JavaThread "Unconstrained build operations Thread 72" [_thread_blocked, id=15068, stack(0x000000546ea00000,0x000000546eb00000)]
  0x000001b075110bb0 JavaThread "Unconstrained build operations Thread 73" [_thread_blocked, id=30332, stack(0x000000546eb00000,0x000000546ec00000)]
  0x000001b07510fd40 JavaThread "Unconstrained build operations Thread 74" [_thread_blocked, id=29936, stack(0x000000546ec00000,0x000000546ed00000)]
  0x000001b075110210 JavaThread "Unconstrained build operations Thread 75" [_thread_blocked, id=25760, stack(0x000000546ed00000,0x000000546ee00000)]
  0x000001b075111550 JavaThread "Unconstrained build operations Thread 76" [_thread_blocked, id=35068, stack(0x000000546ee00000,0x000000546ef00000)]
  0x000001b001f6dee0 JavaThread "Unconstrained build operations Thread 77" [_thread_blocked, id=28440, stack(0x000000546ef00000,0x000000546f000000)]
  0x000001b075111a20 JavaThread "Unconstrained build operations Thread 78" [_thread_blocked, id=29888, stack(0x000000546f000000,0x000000546f100000)]
  0x000001b075111ef0 JavaThread "Unconstrained build operations Thread 79" [_thread_blocked, id=25356, stack(0x000000546f100000,0x000000546f200000)]
  0x000001b0751123c0 JavaThread "Unconstrained build operations Thread 80" [_thread_blocked, id=37576, stack(0x000000546f200000,0x000000546f300000)]
  0x000001b0751106e0 JavaThread "Unconstrained build operations Thread 81" [_thread_blocked, id=12148, stack(0x000000546f300000,0x000000546f400000)]
  0x000001b075112890 JavaThread "Unconstrained build operations Thread 82" [_thread_blocked, id=10060, stack(0x000000546f400000,0x000000546f500000)]
  0x000001b077f4db70 JavaThread "Unconstrained build operations Thread 83" [_thread_blocked, id=30684, stack(0x000000546f500000,0x000000546f600000)]
  0x000001b077f4c830 JavaThread "Unconstrained build operations Thread 84" [_thread_blocked, id=17016, stack(0x000000546f600000,0x000000546f700000)]
  0x000001b077f4d6a0 JavaThread "Unconstrained build operations Thread 85" [_thread_blocked, id=36428, stack(0x000000546f700000,0x000000546f800000)]
  0x000001b077f4e510 JavaThread "Unconstrained build operations Thread 86" [_thread_blocked, id=38528, stack(0x000000546f800000,0x000000546f900000)]
  0x000001b077f4b020 JavaThread "Unconstrained build operations Thread 87" [_thread_blocked, id=9804, stack(0x000000546f900000,0x000000546fa00000)]
  0x000001b077f4cd00 JavaThread "Unconstrained build operations Thread 88" [_thread_blocked, id=37816, stack(0x000000546fa00000,0x000000546fb00000)]
  0x000001b077f4c360 JavaThread "Unconstrained build operations Thread 89" [_thread_blocked, id=16468, stack(0x000000546fb00000,0x000000546fc00000)]
  0x000001b077f4b4f0 JavaThread "Unconstrained build operations Thread 90" [_thread_blocked, id=28380, stack(0x000000546fc00000,0x000000546fd00000)]
  0x000001b077f4d1d0 JavaThread "Unconstrained build operations Thread 91" [_thread_blocked, id=17328, stack(0x000000546fd00000,0x000000546fe00000)]
  0x000001b077f4be90 JavaThread "Unconstrained build operations Thread 92" [_thread_blocked, id=25648, stack(0x000000546fe00000,0x000000546ff00000)]
  0x000001b077f4e040 JavaThread "Unconstrained build operations Thread 93" [_thread_blocked, id=14360, stack(0x000000546ff00000,0x0000005470000000)]
  0x000001b077f4e9e0 JavaThread "Unconstrained build operations Thread 94" [_thread_blocked, id=36164, stack(0x0000005470000000,0x0000005470100000)]
  0x000001b077f4b9c0 JavaThread "Unconstrained build operations Thread 95" [_thread_blocked, id=23688, stack(0x0000005470100000,0x0000005470200000)]
  0x000001b077462760 JavaThread "Unconstrained build operations Thread 96" [_thread_blocked, id=26160, stack(0x0000005470200000,0x0000005470300000)]
  0x000001b077464de0 JavaThread "Unconstrained build operations Thread 97" [_thread_blocked, id=27428, stack(0x0000005470300000,0x0000005470400000)]
  0x000001b077464910 JavaThread "Unconstrained build operations Thread 98" [_thread_blocked, id=18592, stack(0x0000005470400000,0x0000005470500000)]
  0x000001b0774635d0 JavaThread "Unconstrained build operations Thread 99" [_thread_blocked, id=31428, stack(0x0000005470500000,0x0000005470600000)]
  0x000001b077463f70 JavaThread "Unconstrained build operations Thread 100" [_thread_blocked, id=11304, stack(0x0000005470600000,0x0000005470700000)]
  0x000001b0774652b0 JavaThread "Unconstrained build operations Thread 101" [_thread_blocked, id=1068, stack(0x0000005470700000,0x0000005470800000)]
  0x000001b077462c30 JavaThread "Unconstrained build operations Thread 102" [_thread_blocked, id=13688, stack(0x0000005470800000,0x0000005470900000)]
  0x000001b077465780 JavaThread "Unconstrained build operations Thread 103" [_thread_blocked, id=18384, stack(0x0000005470900000,0x0000005470a00000)]
  0x000001b077464440 JavaThread "Unconstrained build operations Thread 104" [_thread_blocked, id=10288, stack(0x0000005470a00000,0x0000005470b00000)]
  0x000001b077465c50 JavaThread "Unconstrained build operations Thread 105" [_thread_blocked, id=20376, stack(0x0000005470b00000,0x0000005470c00000)]
  0x000001b077462290 JavaThread "Unconstrained build operations Thread 106" [_thread_blocked, id=16352, stack(0x0000005470c00000,0x0000005470d00000)]
  0x000001b077463aa0 JavaThread "Unconstrained build operations Thread 107" [_thread_blocked, id=17220, stack(0x0000005470d00000,0x0000005470e00000)]
  0x000001b077463100 JavaThread "Unconstrained build operations Thread 108" [_thread_blocked, id=400, stack(0x0000005470e00000,0x0000005470f00000)]
  0x000001b07eec9e60 JavaThread "Unconstrained build operations Thread 109" [_thread_blocked, id=32636, stack(0x0000005470f00000,0x0000005471000000)]
  0x000001b07eec8180 JavaThread "Unconstrained build operations Thread 110" [_thread_blocked, id=11372, stack(0x0000005471000000,0x0000005471100000)]
  0x000001b07eec8b20 JavaThread "Unconstrained build operations Thread 111" [_thread_blocked, id=37280, stack(0x0000005471100000,0x0000005471200000)]
  0x000001b07eec94c0 JavaThread "Unconstrained build operations Thread 112" [_thread_blocked, id=2984, stack(0x0000005471200000,0x0000005471300000)]
  0x000001b07eec7310 JavaThread "Unconstrained build operations Thread 113" [_thread_blocked, id=17048, stack(0x0000005471300000,0x0000005471400000)]
  0x000001b07eeca800 JavaThread "Unconstrained build operations Thread 114" [_thread_blocked, id=32988, stack(0x0000005471400000,0x0000005471500000)]
  0x000001b07eec77e0 JavaThread "Unconstrained build operations Thread 115" [_thread_blocked, id=9900, stack(0x0000005471500000,0x0000005471600000)]
  0x000001b07eec7cb0 JavaThread "Unconstrained build operations Thread 116" [_thread_blocked, id=28804, stack(0x0000005471600000,0x0000005471700000)]
  0x000001b07e846a00 JavaThread "Unconstrained build operations Thread 117" [_thread_blocked, id=31336, stack(0x0000005471700000,0x0000005471800000)]
  0x000001b07e847870 JavaThread "Unconstrained build operations Thread 118" [_thread_blocked, id=31524, stack(0x0000005471800000,0x0000005471900000)]
  0x000001b07eec9990 JavaThread "Unconstrained build operations Thread 119" [_thread_blocked, id=30292, stack(0x0000005471900000,0x0000005471a00000)]
  0x000001b07eec8650 JavaThread "Unconstrained build operations Thread 120" [_thread_blocked, id=18636, stack(0x0000005471a00000,0x0000005471b00000)]

Other Threads:
  0x000001b070baec70 VMThread "VM Thread" [stack: 0x0000005466d00000,0x0000005466e00000] [id=33048]
  0x000001b056982880 WatcherThread [stack: 0x0000005467900000,0x0000005467a00000] [id=21768]
  0x000001b056960400 GCTaskThread "GC Thread#0" [stack: 0x0000005466800000,0x0000005466900000] [id=22544]
  0x000001b0725cee40 GCTaskThread "GC Thread#1" [stack: 0x0000005467a00000,0x0000005467b00000] [id=27680]
  0x000001b0725cf0f0 GCTaskThread "GC Thread#2" [stack: 0x0000005467b00000,0x0000005467c00000] [id=15964]
  0x000001b0725cf3a0 GCTaskThread "GC Thread#3" [stack: 0x0000005467c00000,0x0000005467d00000] [id=36392]
  0x000001b0725cf650 GCTaskThread "GC Thread#4" [stack: 0x0000005467d00000,0x0000005467e00000] [id=39952]
  0x000001b072cec010 GCTaskThread "GC Thread#5" [stack: 0x0000005467e00000,0x0000005467f00000] [id=38192]
  0x000001b073eefe30 GCTaskThread "GC Thread#6" [stack: 0x0000005468100000,0x0000005468200000] [id=37208]
  0x000001b072f86340 GCTaskThread "GC Thread#7" [stack: 0x0000005468a00000,0x0000005468b00000] [id=9876]
  0x000001b072f865f0 GCTaskThread "GC Thread#8" [stack: 0x0000005468b00000,0x0000005468c00000] [id=26484]
  0x000001b072f868a0 GCTaskThread "GC Thread#9" [stack: 0x0000005468c00000,0x0000005468d00000] [id=40032]
  0x000001b056971250 ConcurrentGCThread "G1 Main Marker" [stack: 0x0000005466900000,0x0000005466a00000] [id=35528]
  0x000001b056971b70 ConcurrentGCThread "G1 Conc#0" [stack: 0x0000005466a00000,0x0000005466b00000] [id=30504]
  0x000001b072c2b070 ConcurrentGCThread "G1 Conc#1" [stack: 0x0000005468d00000,0x0000005468e00000] [id=40208]
  0x000001b072c2a050 ConcurrentGCThread "G1 Conc#2" [stack: 0x0000005468e00000,0x0000005468f00000] [id=12572]
  0x000001b070a4f9f0 ConcurrentGCThread "G1 Refine#0" [stack: 0x0000005466b00000,0x0000005466c00000] [id=24364]
  0x000001b0569bea40 ConcurrentGCThread "G1 Service" [stack: 0x0000005466c00000,0x0000005466d00000] [id=27600]

Threads with active compile tasks:
C2 CompilerThread0   823256 20190       4       org.gradle.internal.instantiation.generator.AbstractClassGenerator::inspectType (560 bytes)

VM state: not at safepoint (normal execution)

VM Mutex/Monitor currently owned by a thread: None

Heap address: 0x0000000080000000, size: 2048 MB, Compressed Oops mode: 32-bit

CDS archive(s) not mapped
Compressed class space mapped at: 0x0000000100000000-0x0000000140000000, reserved size: 1073741824
Narrow klass base: 0x0000000000000000, Narrow klass shift: 3, Narrow klass range: 0x140000000

GC Precious Log:
 CPUs: 12 total, 12 available
 Memory: 16068M
 Large Page Support: Disabled
 NUMA Support: Disabled
 Compressed Oops: Enabled (32-bit)
 Heap Region Size: 1M
 Heap Min Capacity: 8M
 Heap Initial Capacity: 252M
 Heap Max Capacity: 2G
 Pre-touch: Disabled
 Parallel Workers: 10
 Concurrent Workers: 3
 Concurrent Refinement Workers: 10
 Periodic GC: Disabled

Heap:
 garbage-first heap   total 488448K, used 312640K [0x0000000080000000, 0x0000000100000000)
  region size 1024K, 157 young (160768K), 11 survivors (11264K)
 Metaspace       used 133041K, committed 134080K, reserved 1171456K
  class space    used 18617K, committed 19136K, reserved 1048576K

Heap Regions: E=young(eden), S=young(survivor), O=old, HS=humongous(starts), HC=humongous(continues), CS=collection set, F=free, OA=open archive, CA=closed archive, TAMS=top-at-mark-start (previous, next)
|   0|0x0000000080000000, 0x0000000080100000, 0x0000000080100000|100%|HS|  |TAMS 0x0000000080100000, 0x0000000080000000| Complete 
|   1|0x0000000080100000, 0x0000000080200000, 0x0000000080200000|100%|HC|  |TAMS 0x0000000080200000, 0x0000000080100000| Complete 
|   2|0x0000000080200000, 0x0000000080300000, 0x0000000080300000|100%|HC|  |TAMS 0x0000000080300000, 0x0000000080200000| Complete 
|   3|0x0000000080300000, 0x0000000080400000, 0x0000000080400000|100%|HC|  |TAMS 0x0000000080400000, 0x0000000080300000| Complete 
|   4|0x0000000080400000, 0x0000000080500000, 0x0000000080500000|100%| O|  |TAMS 0x0000000080500000, 0x0000000080400000| Untracked 
|   5|0x0000000080500000, 0x0000000080600000, 0x0000000080600000|100%| O|  |TAMS 0x0000000080600000, 0x0000000080500000| Untracked 
|   6|0x0000000080600000, 0x0000000080700000, 0x0000000080700000|100%| O|  |TAMS 0x0000000080700000, 0x0000000080600000| Untracked 
|   7|0x0000000080700000, 0x0000000080800000, 0x0000000080800000|100%| O|  |TAMS 0x0000000080800000, 0x0000000080700000| Untracked 
|   8|0x0000000080800000, 0x0000000080900000, 0x0000000080900000|100%| O|  |TAMS 0x0000000080900000, 0x0000000080800000| Untracked 
|   9|0x0000000080900000, 0x0000000080a00000, 0x0000000080a00000|100%| O|  |TAMS 0x0000000080a00000, 0x0000000080900000| Untracked 
|  10|0x0000000080a00000, 0x0000000080b00000, 0x0000000080b00000|100%| O|  |TAMS 0x0000000080b00000, 0x0000000080a00000| Untracked 
|  11|0x0000000080b00000, 0x0000000080c00000, 0x0000000080c00000|100%| O|  |TAMS 0x0000000080c00000, 0x0000000080b00000| Untracked 
|  12|0x0000000080c00000, 0x0000000080d00000, 0x0000000080d00000|100%| O|  |TAMS 0x0000000080d00000, 0x0000000080c00000| Untracked 
|  13|0x0000000080d00000, 0x0000000080e00000, 0x0000000080e00000|100%| O|  |TAMS 0x0000000080e00000, 0x0000000080d00000| Untracked 
|  14|0x0000000080e00000, 0x0000000080f00000, 0x0000000080f00000|100%| O|  |TAMS 0x0000000080f00000, 0x0000000080e00000| Untracked 
|  15|0x0000000080f00000, 0x0000000081000000, 0x0000000081000000|100%| O|  |TAMS 0x0000000081000000, 0x0000000080f00000| Untracked 
|  16|0x0000000081000000, 0x0000000081100000, 0x0000000081100000|100%| O|  |TAMS 0x0000000081100000, 0x0000000081000000| Untracked 
|  17|0x0000000081100000, 0x0000000081200000, 0x0000000081200000|100%| O|  |TAMS 0x0000000081200000, 0x0000000081100000| Untracked 
|  18|0x0000000081200000, 0x0000000081300000, 0x0000000081300000|100%| O|  |TAMS 0x0000000081300000, 0x0000000081200000| Untracked 
|  19|0x0000000081300000, 0x0000000081400000, 0x0000000081400000|100%| O|  |TAMS 0x0000000081400000, 0x0000000081300000| Untracked 
|  20|0x0000000081400000, 0x0000000081500000, 0x0000000081500000|100%| O|  |TAMS 0x0000000081500000, 0x0000000081400000| Untracked 
|  21|0x0000000081500000, 0x0000000081600000, 0x0000000081600000|100%| O|  |TAMS 0x0000000081600000, 0x0000000081500000| Untracked 
|  22|0x0000000081600000, 0x0000000081700000, 0x0000000081700000|100%| O|  |TAMS 0x0000000081700000, 0x0000000081600000| Untracked 
|  23|0x0000000081700000, 0x0000000081800000, 0x0000000081800000|100%| O|  |TAMS 0x0000000081800000, 0x0000000081700000| Untracked 
|  24|0x0000000081800000, 0x0000000081900000, 0x0000000081900000|100%| O|  |TAMS 0x0000000081900000, 0x0000000081800000| Untracked 
|  25|0x0000000081900000, 0x0000000081a00000, 0x0000000081a00000|100%| O|  |TAMS 0x0000000081a00000, 0x0000000081900000| Untracked 
|  26|0x0000000081a00000, 0x0000000081b00000, 0x0000000081b00000|100%| O|  |TAMS 0x0000000081b00000, 0x0000000081a00000| Untracked 
|  27|0x0000000081b00000, 0x0000000081c00000, 0x0000000081c00000|100%| O|  |TAMS 0x0000000081c00000, 0x0000000081b00000| Untracked 
|  28|0x0000000081c00000, 0x0000000081d00000, 0x0000000081d00000|100%| O|  |TAMS 0x0000000081d00000, 0x0000000081c00000| Untracked 
|  29|0x0000000081d00000, 0x0000000081e00000, 0x0000000081e00000|100%| O|  |TAMS 0x0000000081e00000, 0x0000000081d00000| Untracked 
|  30|0x0000000081e00000, 0x0000000081f00000, 0x0000000081f00000|100%| O|  |TAMS 0x0000000081f00000, 0x0000000081e00000| Untracked 
|  31|0x0000000081f00000, 0x0000000082000000, 0x0000000082000000|100%| O|  |TAMS 0x0000000082000000, 0x0000000081f00000| Untracked 
|  32|0x0000000082000000, 0x0000000082100000, 0x0000000082100000|100%|HS|  |TAMS 0x0000000082100000, 0x0000000082000000| Complete 
|  33|0x0000000082100000, 0x0000000082200000, 0x0000000082200000|100%|HS|  |TAMS 0x0000000082200000, 0x0000000082100000| Complete 
|  34|0x0000000082200000, 0x0000000082300000, 0x0000000082300000|100%| O|  |TAMS 0x0000000082300000, 0x0000000082200000| Untracked 
|  35|0x0000000082300000, 0x0000000082400000, 0x0000000082400000|100%| O|  |TAMS 0x0000000082400000, 0x0000000082300000| Untracked 
|  36|0x0000000082400000, 0x0000000082500000, 0x0000000082500000|100%|HS|  |TAMS 0x0000000082400000, 0x0000000082400000| Complete 
|  37|0x0000000082500000, 0x0000000082600000, 0x0000000082600000|100%|HS|  |TAMS 0x0000000082600000, 0x0000000082500000| Complete 
|  38|0x0000000082600000, 0x0000000082700000, 0x0000000082700000|100%|HC|  |TAMS 0x0000000082700000, 0x0000000082600000| Complete 
|  39|0x0000000082700000, 0x0000000082800000, 0x0000000082800000|100%| O|  |TAMS 0x0000000082800000, 0x0000000082700000| Untracked 
|  40|0x0000000082800000, 0x0000000082900000, 0x0000000082900000|100%| O|  |TAMS 0x0000000082900000, 0x0000000082800000| Untracked 
|  41|0x0000000082900000, 0x0000000082a00000, 0x0000000082a00000|100%| O|  |TAMS 0x0000000082a00000, 0x0000000082900000| Untracked 
|  42|0x0000000082a00000, 0x0000000082b00000, 0x0000000082b00000|100%|HS|  |TAMS 0x0000000082b00000, 0x0000000082a00000| Complete 
|  43|0x0000000082b00000, 0x0000000082c00000, 0x0000000082c00000|100%|HS|  |TAMS 0x0000000082c00000, 0x0000000082b00000| Complete 
|  44|0x0000000082c00000, 0x0000000082d00000, 0x0000000082d00000|100%|HC|  |TAMS 0x0000000082d00000, 0x0000000082c00000| Complete 
|  45|0x0000000082d00000, 0x0000000082e00000, 0x0000000082e00000|100%|HC|  |TAMS 0x0000000082e00000, 0x0000000082d00000| Complete 
|  46|0x0000000082e00000, 0x0000000082f00000, 0x0000000082f00000|100%|HC|  |TAMS 0x0000000082f00000, 0x0000000082e00000| Complete 
|  47|0x0000000082f00000, 0x0000000083000000, 0x0000000083000000|100%| O|  |TAMS 0x0000000083000000, 0x0000000082f00000| Untracked 
|  48|0x0000000083000000, 0x0000000083100000, 0x0000000083100000|100%| O|  |TAMS 0x0000000083100000, 0x0000000083000000| Untracked 
|  49|0x0000000083100000, 0x0000000083200000, 0x0000000083200000|100%| O|  |TAMS 0x0000000083200000, 0x0000000083100000| Untracked 
|  50|0x0000000083200000, 0x0000000083300000, 0x0000000083300000|100%| O|  |TAMS 0x0000000083300000, 0x0000000083200000| Untracked 
|  51|0x0000000083300000, 0x0000000083400000, 0x0000000083400000|100%| O|  |TAMS 0x0000000083400000, 0x0000000083300000| Untracked 
|  52|0x0000000083400000, 0x0000000083500000, 0x0000000083500000|100%| O|  |TAMS 0x0000000083500000, 0x0000000083400000| Untracked 
|  53|0x0000000083500000, 0x0000000083600000, 0x0000000083600000|100%| O|  |TAMS 0x0000000083600000, 0x0000000083500000| Untracked 
|  54|0x0000000083600000, 0x0000000083700000, 0x0000000083700000|100%| O|  |TAMS 0x0000000083700000, 0x0000000083600000| Untracked 
|  55|0x0000000083700000, 0x0000000083800000, 0x0000000083800000|100%| O|  |TAMS 0x0000000083800000, 0x0000000083700000| Untracked 
|  56|0x0000000083800000, 0x0000000083900000, 0x0000000083900000|100%| O|  |TAMS 0x0000000083900000, 0x0000000083800000| Untracked 
|  57|0x0000000083900000, 0x0000000083a00000, 0x0000000083a00000|100%| O|  |TAMS 0x0000000083a00000, 0x0000000083900000| Untracked 
|  58|0x0000000083a00000, 0x0000000083b00000, 0x0000000083b00000|100%| O|  |TAMS 0x0000000083b00000, 0x0000000083a00000| Complete 
|  59|0x0000000083b00000, 0x0000000083c00000, 0x0000000083c00000|100%| O|  |TAMS 0x0000000083c00000, 0x0000000083b00000| Untracked 
|  60|0x0000000083c00000, 0x0000000083d00000, 0x0000000083d00000|100%| O|  |TAMS 0x0000000083d00000, 0x0000000083c00000| Untracked 
|  61|0x0000000083d00000, 0x0000000083e00000, 0x0000000083e00000|100%| O|  |TAMS 0x0000000083e00000, 0x0000000083d00000| Untracked 
|  62|0x0000000083e00000, 0x0000000083f00000, 0x0000000083f00000|100%| O|  |TAMS 0x0000000083f00000, 0x0000000083e00000| Untracked 
|  63|0x0000000083f00000, 0x0000000084000000, 0x0000000084000000|100%| O|  |TAMS 0x0000000084000000, 0x0000000083f00000| Untracked 
|  64|0x0000000084000000, 0x0000000084100000, 0x0000000084100000|100%| O|  |TAMS 0x0000000084100000, 0x0000000084000000| Untracked 
|  65|0x0000000084100000, 0x0000000084200000, 0x0000000084200000|100%| O|  |TAMS 0x0000000084200000, 0x0000000084100000| Untracked 
|  66|0x0000000084200000, 0x0000000084300000, 0x0000000084300000|100%| O|  |TAMS 0x0000000084300000, 0x0000000084200000| Untracked 
|  67|0x0000000084300000, 0x0000000084400000, 0x0000000084400000|100%| O|  |TAMS 0x0000000084400000, 0x0000000084300000| Untracked 
|  68|0x0000000084400000, 0x0000000084500000, 0x0000000084500000|100%| O|  |TAMS 0x0000000084500000, 0x0000000084400000| Untracked 
|  69|0x0000000084500000, 0x0000000084600000, 0x0000000084600000|100%| O|  |TAMS 0x0000000084600000, 0x0000000084500000| Untracked 
|  70|0x0000000084600000, 0x0000000084700000, 0x0000000084700000|100%| O|  |TAMS 0x0000000084700000, 0x0000000084600000| Untracked 
|  71|0x0000000084700000, 0x0000000084800000, 0x0000000084800000|100%| O|  |TAMS 0x0000000084800000, 0x0000000084700000| Untracked 
|  72|0x0000000084800000, 0x0000000084900000, 0x0000000084900000|100%| O|  |TAMS 0x0000000084900000, 0x0000000084800000| Untracked 
|  73|0x0000000084900000, 0x0000000084a00000, 0x0000000084a00000|100%| O|  |TAMS 0x0000000084a00000, 0x0000000084900000| Untracked 
|  74|0x0000000084a00000, 0x0000000084b00000, 0x0000000084b00000|100%| O|  |TAMS 0x0000000084b00000, 0x0000000084a00000| Untracked 
|  75|0x0000000084b00000, 0x0000000084c00000, 0x0000000084c00000|100%| O|  |TAMS 0x0000000084c00000, 0x0000000084b00000| Untracked 
|  76|0x0000000084c00000, 0x0000000084d00000, 0x0000000084d00000|100%| O|  |TAMS 0x0000000084d00000, 0x0000000084c00000| Untracked 
|  77|0x0000000084d00000, 0x0000000084e00000, 0x0000000084e00000|100%| O|  |TAMS 0x0000000084e00000, 0x0000000084d00000| Untracked 
|  78|0x0000000084e00000, 0x0000000084f00000, 0x0000000084f00000|100%| O|  |TAMS 0x0000000084f00000, 0x0000000084e00000| Untracked 
|  79|0x0000000084f00000, 0x0000000085000000, 0x0000000085000000|100%| O|  |TAMS 0x0000000085000000, 0x0000000084f00000| Untracked 
|  80|0x0000000085000000, 0x0000000085100000, 0x0000000085100000|100%| O|  |TAMS 0x0000000085100000, 0x0000000085000000| Untracked 
|  81|0x0000000085100000, 0x0000000085200000, 0x0000000085200000|100%| O|  |TAMS 0x0000000085200000, 0x0000000085100000| Untracked 
|  82|0x0000000085200000, 0x0000000085300000, 0x0000000085300000|100%| O|  |TAMS 0x0000000085300000, 0x0000000085200000| Untracked 
|  83|0x0000000085300000, 0x0000000085400000, 0x0000000085400000|100%| O|  |TAMS 0x0000000085400000, 0x0000000085300000| Untracked 
|  84|0x0000000085400000, 0x0000000085500000, 0x0000000085500000|100%| O|  |TAMS 0x0000000085500000, 0x0000000085400000| Untracked 
|  85|0x0000000085500000, 0x0000000085600000, 0x0000000085600000|100%| O|  |TAMS 0x0000000085600000, 0x0000000085500000| Untracked 
|  86|0x0000000085600000, 0x0000000085700000, 0x0000000085700000|100%| O|  |TAMS 0x0000000085700000, 0x0000000085600000| Untracked 
|  87|0x0000000085700000, 0x0000000085800000, 0x0000000085800000|100%| O|  |TAMS 0x0000000085800000, 0x0000000085700000| Untracked 
|  88|0x0000000085800000, 0x0000000085900000, 0x0000000085900000|100%| O|  |TAMS 0x0000000085900000, 0x0000000085800000| Untracked 
|  89|0x0000000085900000, 0x0000000085900000, 0x0000000085a00000|  0%| F|  |TAMS 0x0000000085900000, 0x0000000085900000| Untracked 
|  90|0x0000000085a00000, 0x0000000085b00000, 0x0000000085b00000|100%| O|  |TAMS 0x0000000085b00000, 0x0000000085a00000| Untracked 
|  91|0x0000000085b00000, 0x0000000085c00000, 0x0000000085c00000|100%| O|  |TAMS 0x0000000085c00000, 0x0000000085b00000| Untracked 
|  92|0x0000000085c00000, 0x0000000085d00000, 0x0000000085d00000|100%| O|  |TAMS 0x0000000085d00000, 0x0000000085c00000| Untracked 
|  93|0x0000000085d00000, 0x0000000085e00000, 0x0000000085e00000|100%| O|  |TAMS 0x0000000085e00000, 0x0000000085d00000| Untracked 
|  94|0x0000000085e00000, 0x0000000085f00000, 0x0000000085f00000|100%| O|  |TAMS 0x0000000085f00000, 0x0000000085e00000| Untracked 
|  95|0x0000000085f00000, 0x0000000086000000, 0x0000000086000000|100%| O|  |TAMS 0x0000000086000000, 0x0000000085f00000| Untracked 
|  96|0x0000000086000000, 0x0000000086100000, 0x0000000086100000|100%| O|  |TAMS 0x0000000086100000, 0x0000000086000000| Untracked 
|  97|0x0000000086100000, 0x0000000086200000, 0x0000000086200000|100%| O|  |TAMS 0x0000000086200000, 0x0000000086100000| Untracked 
|  98|0x0000000086200000, 0x0000000086300000, 0x0000000086300000|100%| O|  |TAMS 0x0000000086300000, 0x0000000086200000| Untracked 
|  99|0x0000000086300000, 0x0000000086300000, 0x0000000086400000|  0%| F|  |TAMS 0x0000000086300000, 0x0000000086300000| Untracked 
| 100|0x0000000086400000, 0x0000000086500000, 0x0000000086500000|100%| O|  |TAMS 0x0000000086500000, 0x0000000086400000| Untracked 
| 101|0x0000000086500000, 0x0000000086600000, 0x0000000086600000|100%|HS|  |TAMS 0x0000000086500000, 0x0000000086500000| Complete 
| 102|0x0000000086600000, 0x0000000086700000, 0x0000000086700000|100%|HC|  |TAMS 0x0000000086600000, 0x0000000086600000| Complete 
| 103|0x0000000086700000, 0x0000000086800000, 0x0000000086800000|100%| O|  |TAMS 0x0000000086800000, 0x0000000086700000| Untracked 
| 104|0x0000000086800000, 0x0000000086900000, 0x0000000086900000|100%| O|  |TAMS 0x0000000086900000, 0x0000000086800000| Untracked 
| 105|0x0000000086900000, 0x0000000086a00000, 0x0000000086a00000|100%| O|  |TAMS 0x0000000086a00000, 0x0000000086900000| Untracked 
| 106|0x0000000086a00000, 0x0000000086b00000, 0x0000000086b00000|100%| O|  |TAMS 0x0000000086b00000, 0x0000000086a00000| Untracked 
| 107|0x0000000086b00000, 0x0000000086c00000, 0x0000000086c00000|100%| O|  |TAMS 0x0000000086c00000, 0x0000000086b00000| Untracked 
| 108|0x0000000086c00000, 0x0000000086d00000, 0x0000000086d00000|100%| O|  |TAMS 0x0000000086d00000, 0x0000000086c00000| Untracked 
| 109|0x0000000086d00000, 0x0000000086e00000, 0x0000000086e00000|100%|HS|  |TAMS 0x0000000086d00000, 0x0000000086d00000| Complete 
| 110|0x0000000086e00000, 0x0000000086f00000, 0x0000000086f00000|100%|HC|  |TAMS 0x0000000086e00000, 0x0000000086e00000| Complete 
| 111|0x0000000086f00000, 0x0000000086f00000, 0x0000000087000000|  0%| F|  |TAMS 0x0000000086f00000, 0x0000000086f00000| Untracked 
| 112|0x0000000087000000, 0x0000000087100000, 0x0000000087100000|100%| O|  |TAMS 0x0000000087100000, 0x0000000087000000| Complete 
| 113|0x0000000087100000, 0x0000000087200000, 0x0000000087200000|100%| O|  |TAMS 0x0000000087200000, 0x0000000087100000| Untracked 
| 114|0x0000000087200000, 0x0000000087300000, 0x0000000087300000|100%| O|  |TAMS 0x0000000087300000, 0x0000000087200000| Untracked 
| 115|0x0000000087300000, 0x0000000087400000, 0x0000000087400000|100%| O|  |TAMS 0x0000000087400000, 0x0000000087300000| Untracked 
| 116|0x0000000087400000, 0x0000000087500000, 0x0000000087500000|100%| O|  |TAMS 0x0000000087500000, 0x0000000087400000| Untracked 
| 117|0x0000000087500000, 0x0000000087600000, 0x0000000087600000|100%| O|  |TAMS 0x0000000087600000, 0x0000000087500000| Untracked 
| 118|0x0000000087600000, 0x0000000087700000, 0x0000000087700000|100%| O|  |TAMS 0x0000000087700000, 0x0000000087600000| Untracked 
| 119|0x0000000087700000, 0x0000000087800000, 0x0000000087800000|100%| O|  |TAMS 0x0000000087800000, 0x0000000087700000| Untracked 
| 120|0x0000000087800000, 0x0000000087900000, 0x0000000087900000|100%| O|  |TAMS 0x0000000087900000, 0x0000000087800000| Complete 
| 121|0x0000000087900000, 0x0000000087a00000, 0x0000000087a00000|100%| O|  |TAMS 0x0000000087a00000, 0x0000000087900000| Complete 
| 122|0x0000000087a00000, 0x0000000087b00000, 0x0000000087b00000|100%| O|  |TAMS 0x0000000087b00000, 0x0000000087a00000| Complete 
| 123|0x0000000087b00000, 0x0000000087c00000, 0x0000000087c00000|100%| O|  |TAMS 0x0000000087c00000, 0x0000000087b00000| Complete 
| 124|0x0000000087c00000, 0x0000000087d00000, 0x0000000087d00000|100%| O|  |TAMS 0x0000000087d00000, 0x0000000087c00000| Complete 
| 125|0x0000000087d00000, 0x0000000087e00000, 0x0000000087e00000|100%| O|  |TAMS 0x0000000087e00000, 0x0000000087d00000| Untracked 
| 126|0x0000000087e00000, 0x0000000087f00000, 0x0000000087f00000|100%| O|  |TAMS 0x0000000087f00000, 0x0000000087e00000| Untracked 
| 127|0x0000000087f00000, 0x0000000088000000, 0x0000000088000000|100%| O|  |TAMS 0x0000000088000000, 0x0000000087f00000| Untracked 
| 128|0x0000000088000000, 0x0000000088100000, 0x0000000088100000|100%| O|  |TAMS 0x0000000088100000, 0x0000000088000000| Untracked 
| 129|0x0000000088100000, 0x0000000088200000, 0x0000000088200000|100%| O|  |TAMS 0x0000000088200000, 0x0000000088100000| Untracked 
| 130|0x0000000088200000, 0x0000000088300000, 0x0000000088300000|100%| O|  |TAMS 0x0000000088300000, 0x0000000088200000| Untracked 
| 131|0x0000000088300000, 0x0000000088400000, 0x0000000088400000|100%| O|  |TAMS 0x0000000088400000, 0x0000000088300000| Untracked 
| 132|0x0000000088400000, 0x0000000088500000, 0x0000000088500000|100%| O|  |TAMS 0x0000000088500000, 0x0000000088400000| Untracked 
| 133|0x0000000088500000, 0x0000000088600000, 0x0000000088600000|100%| O|  |TAMS 0x0000000088600000, 0x0000000088500000| Untracked 
| 134|0x0000000088600000, 0x0000000088700000, 0x0000000088700000|100%| O|  |TAMS 0x0000000088700000, 0x0000000088600000| Untracked 
| 135|0x0000000088700000, 0x0000000088800000, 0x0000000088800000|100%| O|  |TAMS 0x0000000088800000, 0x0000000088700000| Untracked 
| 136|0x0000000088800000, 0x0000000088900000, 0x0000000088900000|100%| O|  |TAMS 0x0000000088900000, 0x0000000088800000| Untracked 
| 137|0x0000000088900000, 0x000000008897a600, 0x0000000088a00000| 47%| O|  |TAMS 0x000000008897a600, 0x0000000088900000| Complete 
| 138|0x0000000088a00000, 0x0000000088b00000, 0x0000000088b00000|100%|HS|  |TAMS 0x0000000088a00000, 0x0000000088a00000| Complete 
| 139|0x0000000088b00000, 0x0000000088c00000, 0x0000000088c00000|100%|HC|  |TAMS 0x0000000088b00000, 0x0000000088b00000| Complete 
| 140|0x0000000088c00000, 0x0000000088d00000, 0x0000000088d00000|100%|HS|  |TAMS 0x0000000088c00000, 0x0000000088c00000| Complete 
| 141|0x0000000088d00000, 0x0000000088e00000, 0x0000000088e00000|100%|HC|  |TAMS 0x0000000088d00000, 0x0000000088d00000| Complete 
| 142|0x0000000088e00000, 0x0000000088f00000, 0x0000000088f00000|100%|HS|  |TAMS 0x0000000088e00000, 0x0000000088e00000| Complete 
| 143|0x0000000088f00000, 0x0000000089000000, 0x0000000089000000|100%|HC|  |TAMS 0x0000000088f00000, 0x0000000088f00000| Complete 
| 144|0x0000000089000000, 0x0000000089100000, 0x0000000089100000|100%|HS|  |TAMS 0x0000000089000000, 0x0000000089000000| Complete 
| 145|0x0000000089100000, 0x0000000089200000, 0x0000000089200000|100%|HC|  |TAMS 0x0000000089100000, 0x0000000089100000| Complete 
| 146|0x0000000089200000, 0x0000000089300000, 0x0000000089300000|100%|HS|  |TAMS 0x0000000089200000, 0x0000000089200000| Complete 
| 147|0x0000000089300000, 0x0000000089400000, 0x0000000089400000|100%|HC|  |TAMS 0x0000000089300000, 0x0000000089300000| Complete 
| 148|0x0000000089400000, 0x0000000089500000, 0x0000000089500000|100%|HS|  |TAMS 0x0000000089400000, 0x0000000089400000| Complete 
| 149|0x0000000089500000, 0x0000000089600000, 0x0000000089600000|100%|HC|  |TAMS 0x0000000089500000, 0x0000000089500000| Complete 
| 150|0x0000000089600000, 0x0000000089700000, 0x0000000089700000|100%|HS|  |TAMS 0x0000000089600000, 0x0000000089600000| Complete 
| 151|0x0000000089700000, 0x0000000089800000, 0x0000000089800000|100%|HC|  |TAMS 0x0000000089700000, 0x0000000089700000| Complete 
| 152|0x0000000089800000, 0x0000000089900000, 0x0000000089900000|100%|HS|  |TAMS 0x0000000089800000, 0x0000000089800000| Complete 
| 153|0x0000000089900000, 0x0000000089a00000, 0x0000000089a00000|100%|HC|  |TAMS 0x0000000089900000, 0x0000000089900000| Complete 
| 154|0x0000000089a00000, 0x0000000089a00000, 0x0000000089b00000|  0%| F|  |TAMS 0x0000000089a00000, 0x0000000089a00000| Untracked 
| 155|0x0000000089b00000, 0x0000000089b00000, 0x0000000089c00000|  0%| F|  |TAMS 0x0000000089b00000, 0x0000000089b00000| Untracked 
| 156|0x0000000089c00000, 0x0000000089c00000, 0x0000000089d00000|  0%| F|  |TAMS 0x0000000089c00000, 0x0000000089c00000| Untracked 
| 157|0x0000000089d00000, 0x0000000089d00000, 0x0000000089e00000|  0%| F|  |TAMS 0x0000000089d00000, 0x0000000089d00000| Untracked 
| 158|0x0000000089e00000, 0x0000000089e00000, 0x0000000089f00000|  0%| F|  |TAMS 0x0000000089e00000, 0x0000000089e00000| Untracked 
| 159|0x0000000089f00000, 0x0000000089f00000, 0x000000008a000000|  0%| F|  |TAMS 0x0000000089f00000, 0x0000000089f00000| Untracked 
| 160|0x000000008a000000, 0x000000008a000000, 0x000000008a100000|  0%| F|  |TAMS 0x000000008a000000, 0x000000008a000000| Untracked 
| 161|0x000000008a100000, 0x000000008a100000, 0x000000008a200000|  0%| F|  |TAMS 0x000000008a100000, 0x000000008a100000| Untracked 
| 162|0x000000008a200000, 0x000000008a200000, 0x000000008a300000|  0%| F|  |TAMS 0x000000008a200000, 0x000000008a200000| Untracked 
| 163|0x000000008a300000, 0x000000008a300000, 0x000000008a400000|  0%| F|  |TAMS 0x000000008a300000, 0x000000008a300000| Untracked 
| 164|0x000000008a400000, 0x000000008a400000, 0x000000008a500000|  0%| F|  |TAMS 0x000000008a400000, 0x000000008a400000| Untracked 
| 165|0x000000008a500000, 0x000000008a500000, 0x000000008a600000|  0%| F|  |TAMS 0x000000008a500000, 0x000000008a500000| Untracked 
| 166|0x000000008a600000, 0x000000008a600000, 0x000000008a700000|  0%| F|  |TAMS 0x000000008a600000, 0x000000008a600000| Untracked 
| 167|0x000000008a700000, 0x000000008a700000, 0x000000008a800000|  0%| F|  |TAMS 0x000000008a700000, 0x000000008a700000| Untracked 
| 168|0x000000008a800000, 0x000000008a800000, 0x000000008a900000|  0%| F|  |TAMS 0x000000008a800000, 0x000000008a800000| Untracked 
| 169|0x000000008a900000, 0x000000008a900000, 0x000000008aa00000|  0%| F|  |TAMS 0x000000008a900000, 0x000000008a900000| Untracked 
| 170|0x000000008aa00000, 0x000000008aa00000, 0x000000008ab00000|  0%| F|  |TAMS 0x000000008aa00000, 0x000000008aa00000| Untracked 
| 171|0x000000008ab00000, 0x000000008ab00000, 0x000000008ac00000|  0%| F|  |TAMS 0x000000008ab00000, 0x000000008ab00000| Untracked 
| 172|0x000000008ac00000, 0x000000008ac00000, 0x000000008ad00000|  0%| F|  |TAMS 0x000000008ac00000, 0x000000008ac00000| Untracked 
| 173|0x000000008ad00000, 0x000000008ad00000, 0x000000008ae00000|  0%| F|  |TAMS 0x000000008ad00000, 0x000000008ad00000| Untracked 
| 174|0x000000008ae00000, 0x000000008ae00000, 0x000000008af00000|  0%| F|  |TAMS 0x000000008ae00000, 0x000000008ae00000| Untracked 
| 175|0x000000008af00000, 0x000000008afd5a00, 0x000000008b000000| 83%| S|CS|TAMS 0x000000008af00000, 0x000000008af00000| Complete 
| 176|0x000000008b000000, 0x000000008b100000, 0x000000008b100000|100%| S|CS|TAMS 0x000000008b000000, 0x000000008b000000| Complete 
| 177|0x000000008b100000, 0x000000008b200000, 0x000000008b200000|100%| S|CS|TAMS 0x000000008b100000, 0x000000008b100000| Complete 
| 178|0x000000008b200000, 0x000000008b300000, 0x000000008b300000|100%| S|CS|TAMS 0x000000008b200000, 0x000000008b200000| Complete 
| 179|0x000000008b300000, 0x000000008b400000, 0x000000008b400000|100%| S|CS|TAMS 0x000000008b300000, 0x000000008b300000| Complete 
| 180|0x000000008b400000, 0x000000008b500000, 0x000000008b500000|100%| S|CS|TAMS 0x000000008b400000, 0x000000008b400000| Complete 
| 181|0x000000008b500000, 0x000000008b600000, 0x000000008b600000|100%| S|CS|TAMS 0x000000008b500000, 0x000000008b500000| Complete 
| 182|0x000000008b600000, 0x000000008b700000, 0x000000008b700000|100%| S|CS|TAMS 0x000000008b600000, 0x000000008b600000| Complete 
| 183|0x000000008b700000, 0x000000008b800000, 0x000000008b800000|100%| S|CS|TAMS 0x000000008b700000, 0x000000008b700000| Complete 
| 184|0x000000008b800000, 0x000000008b900000, 0x000000008b900000|100%| S|CS|TAMS 0x000000008b800000, 0x000000008b800000| Complete 
| 185|0x000000008b900000, 0x000000008ba00000, 0x000000008ba00000|100%| S|CS|TAMS 0x000000008b900000, 0x000000008b900000| Complete 
| 186|0x000000008ba00000, 0x000000008ba00000, 0x000000008bb00000|  0%| F|  |TAMS 0x000000008ba00000, 0x000000008ba00000| Untracked 
| 187|0x000000008bb00000, 0x000000008bb00000, 0x000000008bc00000|  0%| F|  |TAMS 0x000000008bb00000, 0x000000008bb00000| Untracked 
| 188|0x000000008bc00000, 0x000000008bc00000, 0x000000008bd00000|  0%| F|  |TAMS 0x000000008bc00000, 0x000000008bc00000| Untracked 
| 189|0x000000008bd00000, 0x000000008bd00000, 0x000000008be00000|  0%| F|  |TAMS 0x000000008bd00000, 0x000000008bd00000| Untracked 
| 190|0x000000008be00000, 0x000000008be00000, 0x000000008bf00000|  0%| F|  |TAMS 0x000000008be00000, 0x000000008be00000| Untracked 
| 191|0x000000008bf00000, 0x000000008bf00000, 0x000000008c000000|  0%| F|  |TAMS 0x000000008bf00000, 0x000000008bf00000| Untracked 
| 192|0x000000008c000000, 0x000000008c000000, 0x000000008c100000|  0%| F|  |TAMS 0x000000008c000000, 0x000000008c000000| Untracked 
| 193|0x000000008c100000, 0x000000008c100000, 0x000000008c200000|  0%| F|  |TAMS 0x000000008c100000, 0x000000008c100000| Untracked 
| 194|0x000000008c200000, 0x000000008c200000, 0x000000008c300000|  0%| F|  |TAMS 0x000000008c200000, 0x000000008c200000| Untracked 
| 195|0x000000008c300000, 0x000000008c300000, 0x000000008c400000|  0%| F|  |TAMS 0x000000008c300000, 0x000000008c300000| Untracked 
| 196|0x000000008c400000, 0x000000008c400000, 0x000000008c500000|  0%| F|  |TAMS 0x000000008c400000, 0x000000008c400000| Untracked 
| 197|0x000000008c500000, 0x000000008c500000, 0x000000008c600000|  0%| F|  |TAMS 0x000000008c500000, 0x000000008c500000| Untracked 
| 198|0x000000008c600000, 0x000000008c600000, 0x000000008c700000|  0%| F|  |TAMS 0x000000008c600000, 0x000000008c600000| Untracked 
| 199|0x000000008c700000, 0x000000008c700000, 0x000000008c800000|  0%| F|  |TAMS 0x000000008c700000, 0x000000008c700000| Untracked 
| 200|0x000000008c800000, 0x000000008c800000, 0x000000008c900000|  0%| F|  |TAMS 0x000000008c800000, 0x000000008c800000| Untracked 
| 201|0x000000008c900000, 0x000000008c900000, 0x000000008ca00000|  0%| F|  |TAMS 0x000000008c900000, 0x000000008c900000| Untracked 
| 202|0x000000008ca00000, 0x000000008ca00000, 0x000000008cb00000|  0%| F|  |TAMS 0x000000008ca00000, 0x000000008ca00000| Untracked 
| 203|0x000000008cb00000, 0x000000008cb00000, 0x000000008cc00000|  0%| F|  |TAMS 0x000000008cb00000, 0x000000008cb00000| Untracked 
| 204|0x000000008cc00000, 0x000000008cc00000, 0x000000008cd00000|  0%| F|  |TAMS 0x000000008cc00000, 0x000000008cc00000| Untracked 
| 205|0x000000008cd00000, 0x000000008cd00000, 0x000000008ce00000|  0%| F|  |TAMS 0x000000008cd00000, 0x000000008cd00000| Untracked 
| 206|0x000000008ce00000, 0x000000008ce00000, 0x000000008cf00000|  0%| F|  |TAMS 0x000000008ce00000, 0x000000008ce00000| Untracked 
| 207|0x000000008cf00000, 0x000000008cf00000, 0x000000008d000000|  0%| F|  |TAMS 0x000000008cf00000, 0x000000008cf00000| Untracked 
| 208|0x000000008d000000, 0x000000008d000000, 0x000000008d100000|  0%| F|  |TAMS 0x000000008d000000, 0x000000008d000000| Untracked 
| 209|0x000000008d100000, 0x000000008d100000, 0x000000008d200000|  0%| F|  |TAMS 0x000000008d100000, 0x000000008d100000| Untracked 
| 210|0x000000008d200000, 0x000000008d200000, 0x000000008d300000|  0%| F|  |TAMS 0x000000008d200000, 0x000000008d200000| Untracked 
| 211|0x000000008d300000, 0x000000008d300000, 0x000000008d400000|  0%| F|  |TAMS 0x000000008d300000, 0x000000008d300000| Untracked 
| 212|0x000000008d400000, 0x000000008d400000, 0x000000008d500000|  0%| F|  |TAMS 0x000000008d400000, 0x000000008d400000| Untracked 
| 213|0x000000008d500000, 0x000000008d500000, 0x000000008d600000|  0%| F|  |TAMS 0x000000008d500000, 0x000000008d500000| Untracked 
| 214|0x000000008d600000, 0x000000008d600000, 0x000000008d700000|  0%| F|  |TAMS 0x000000008d600000, 0x000000008d600000| Untracked 
| 215|0x000000008d700000, 0x000000008d700000, 0x000000008d800000|  0%| F|  |TAMS 0x000000008d700000, 0x000000008d700000| Untracked 
| 216|0x000000008d800000, 0x000000008d800000, 0x000000008d900000|  0%| F|  |TAMS 0x000000008d800000, 0x000000008d800000| Untracked 
| 217|0x000000008d900000, 0x000000008d900000, 0x000000008da00000|  0%| F|  |TAMS 0x000000008d900000, 0x000000008d900000| Untracked 
| 218|0x000000008da00000, 0x000000008da00000, 0x000000008db00000|  0%| F|  |TAMS 0x000000008da00000, 0x000000008da00000| Untracked 
| 219|0x000000008db00000, 0x000000008db00000, 0x000000008dc00000|  0%| F|  |TAMS 0x000000008db00000, 0x000000008db00000| Untracked 
| 220|0x000000008dc00000, 0x000000008dc00000, 0x000000008dd00000|  0%| F|  |TAMS 0x000000008dc00000, 0x000000008dc00000| Untracked 
| 221|0x000000008dd00000, 0x000000008dd00000, 0x000000008de00000|  0%| F|  |TAMS 0x000000008dd00000, 0x000000008dd00000| Untracked 
| 222|0x000000008de00000, 0x000000008de00000, 0x000000008df00000|  0%| F|  |TAMS 0x000000008de00000, 0x000000008de00000| Untracked 
| 223|0x000000008df00000, 0x000000008df00000, 0x000000008e000000|  0%| F|  |TAMS 0x000000008df00000, 0x000000008df00000| Untracked 
| 224|0x000000008e000000, 0x000000008e000000, 0x000000008e100000|  0%| F|  |TAMS 0x000000008e000000, 0x000000008e000000| Untracked 
| 225|0x000000008e100000, 0x000000008e100000, 0x000000008e200000|  0%| F|  |TAMS 0x000000008e100000, 0x000000008e100000| Untracked 
| 226|0x000000008e200000, 0x000000008e200000, 0x000000008e300000|  0%| F|  |TAMS 0x000000008e200000, 0x000000008e200000| Untracked 
| 227|0x000000008e300000, 0x000000008e300000, 0x000000008e400000|  0%| F|  |TAMS 0x000000008e300000, 0x000000008e300000| Untracked 
| 228|0x000000008e400000, 0x000000008e400000, 0x000000008e500000|  0%| F|  |TAMS 0x000000008e400000, 0x000000008e400000| Untracked 
| 229|0x000000008e500000, 0x000000008e500000, 0x000000008e600000|  0%| F|  |TAMS 0x000000008e500000, 0x000000008e500000| Untracked 
| 230|0x000000008e600000, 0x000000008e600000, 0x000000008e700000|  0%| F|  |TAMS 0x000000008e600000, 0x000000008e600000| Untracked 
| 231|0x000000008e700000, 0x000000008e700000, 0x000000008e800000|  0%| F|  |TAMS 0x000000008e700000, 0x000000008e700000| Untracked 
| 232|0x000000008e800000, 0x000000008e800000, 0x000000008e900000|  0%| F|  |TAMS 0x000000008e800000, 0x000000008e800000| Untracked 
| 233|0x000000008e900000, 0x000000008e900000, 0x000000008ea00000|  0%| F|  |TAMS 0x000000008e900000, 0x000000008e900000| Untracked 
| 234|0x000000008ea00000, 0x000000008ea00000, 0x000000008eb00000|  0%| F|  |TAMS 0x000000008ea00000, 0x000000008ea00000| Untracked 
| 235|0x000000008eb00000, 0x000000008eb00000, 0x000000008ec00000|  0%| F|  |TAMS 0x000000008eb00000, 0x000000008eb00000| Untracked 
| 236|0x000000008ec00000, 0x000000008ec00000, 0x000000008ed00000|  0%| F|  |TAMS 0x000000008ec00000, 0x000000008ec00000| Untracked 
| 237|0x000000008ed00000, 0x000000008ed00000, 0x000000008ee00000|  0%| F|  |TAMS 0x000000008ed00000, 0x000000008ed00000| Untracked 
| 238|0x000000008ee00000, 0x000000008ee00000, 0x000000008ef00000|  0%| F|  |TAMS 0x000000008ee00000, 0x000000008ee00000| Untracked 
| 239|0x000000008ef00000, 0x000000008ef00000, 0x000000008f000000|  0%| F|  |TAMS 0x000000008ef00000, 0x000000008ef00000| Untracked 
| 240|0x000000008f000000, 0x000000008f000000, 0x000000008f100000|  0%| F|  |TAMS 0x000000008f000000, 0x000000008f000000| Untracked 
| 241|0x000000008f100000, 0x000000008f100000, 0x000000008f200000|  0%| F|  |TAMS 0x000000008f100000, 0x000000008f100000| Untracked 
| 242|0x000000008f200000, 0x000000008f200000, 0x000000008f300000|  0%| F|  |TAMS 0x000000008f200000, 0x000000008f200000| Untracked 
| 243|0x000000008f300000, 0x000000008f300000, 0x000000008f400000|  0%| F|  |TAMS 0x000000008f300000, 0x000000008f300000| Untracked 
| 244|0x000000008f400000, 0x000000008f400000, 0x000000008f500000|  0%| F|  |TAMS 0x000000008f400000, 0x000000008f400000| Untracked 
| 245|0x000000008f500000, 0x000000008f500000, 0x000000008f600000|  0%| F|  |TAMS 0x000000008f500000, 0x000000008f500000| Untracked 
| 246|0x000000008f600000, 0x000000008f600000, 0x000000008f700000|  0%| F|  |TAMS 0x000000008f600000, 0x000000008f600000| Untracked 
| 247|0x000000008f700000, 0x000000008f700000, 0x000000008f800000|  0%| F|  |TAMS 0x000000008f700000, 0x000000008f700000| Untracked 
| 248|0x000000008f800000, 0x000000008f800000, 0x000000008f900000|  0%| F|  |TAMS 0x000000008f800000, 0x000000008f800000| Untracked 
| 249|0x000000008f900000, 0x000000008f900000, 0x000000008fa00000|  0%| F|  |TAMS 0x000000008f900000, 0x000000008f900000| Untracked 
| 250|0x000000008fa00000, 0x000000008fa00000, 0x000000008fb00000|  0%| F|  |TAMS 0x000000008fa00000, 0x000000008fa00000| Untracked 
| 251|0x000000008fb00000, 0x000000008fb00000, 0x000000008fc00000|  0%| F|  |TAMS 0x000000008fb00000, 0x000000008fb00000| Untracked 
| 252|0x000000008fc00000, 0x000000008fc00000, 0x000000008fd00000|  0%| F|  |TAMS 0x000000008fc00000, 0x000000008fc00000| Untracked 
| 253|0x000000008fd00000, 0x000000008fd00000, 0x000000008fe00000|  0%| F|  |TAMS 0x000000008fd00000, 0x000000008fd00000| Untracked 
| 254|0x000000008fe00000, 0x000000008fe00000, 0x000000008ff00000|  0%| F|  |TAMS 0x000000008fe00000, 0x000000008fe00000| Untracked 
| 255|0x000000008ff00000, 0x000000008ff00000, 0x0000000090000000|  0%| F|  |TAMS 0x000000008ff00000, 0x000000008ff00000| Untracked 
| 256|0x0000000090000000, 0x0000000090000000, 0x0000000090100000|  0%| F|  |TAMS 0x0000000090000000, 0x0000000090000000| Untracked 
| 257|0x0000000090100000, 0x0000000090100000, 0x0000000090200000|  0%| F|  |TAMS 0x0000000090100000, 0x0000000090100000| Untracked 
| 258|0x0000000090200000, 0x0000000090200000, 0x0000000090300000|  0%| F|  |TAMS 0x0000000090200000, 0x0000000090200000| Untracked 
| 259|0x0000000090300000, 0x0000000090300000, 0x0000000090400000|  0%| F|  |TAMS 0x0000000090300000, 0x0000000090300000| Untracked 
| 260|0x0000000090400000, 0x0000000090400000, 0x0000000090500000|  0%| F|  |TAMS 0x0000000090400000, 0x0000000090400000| Untracked 
| 261|0x0000000090500000, 0x0000000090500000, 0x0000000090600000|  0%| F|  |TAMS 0x0000000090500000, 0x0000000090500000| Untracked 
| 262|0x0000000090600000, 0x0000000090600000, 0x0000000090700000|  0%| F|  |TAMS 0x0000000090600000, 0x0000000090600000| Untracked 
| 263|0x0000000090700000, 0x0000000090700000, 0x0000000090800000|  0%| F|  |TAMS 0x0000000090700000, 0x0000000090700000| Untracked 
| 264|0x0000000090800000, 0x0000000090800000, 0x0000000090900000|  0%| F|  |TAMS 0x0000000090800000, 0x0000000090800000| Untracked 
| 265|0x0000000090900000, 0x0000000090900000, 0x0000000090a00000|  0%| F|  |TAMS 0x0000000090900000, 0x0000000090900000| Untracked 
| 266|0x0000000090a00000, 0x0000000090a00000, 0x0000000090b00000|  0%| F|  |TAMS 0x0000000090a00000, 0x0000000090a00000| Untracked 
| 267|0x0000000090b00000, 0x0000000090b00000, 0x0000000090c00000|  0%| F|  |TAMS 0x0000000090b00000, 0x0000000090b00000| Untracked 
| 268|0x0000000090c00000, 0x0000000090c00000, 0x0000000090d00000|  0%| F|  |TAMS 0x0000000090c00000, 0x0000000090c00000| Untracked 
| 269|0x0000000090d00000, 0x0000000090d00000, 0x0000000090e00000|  0%| F|  |TAMS 0x0000000090d00000, 0x0000000090d00000| Untracked 
| 270|0x0000000090e00000, 0x0000000090e00000, 0x0000000090f00000|  0%| F|  |TAMS 0x0000000090e00000, 0x0000000090e00000| Untracked 
| 271|0x0000000090f00000, 0x0000000090f00000, 0x0000000091000000|  0%| F|  |TAMS 0x0000000090f00000, 0x0000000090f00000| Untracked 
| 272|0x0000000091000000, 0x0000000091000000, 0x0000000091100000|  0%| F|  |TAMS 0x0000000091000000, 0x0000000091000000| Untracked 
| 273|0x0000000091100000, 0x0000000091100000, 0x0000000091200000|  0%| F|  |TAMS 0x0000000091100000, 0x0000000091100000| Untracked 
| 274|0x0000000091200000, 0x0000000091200000, 0x0000000091300000|  0%| F|  |TAMS 0x0000000091200000, 0x0000000091200000| Untracked 
| 275|0x0000000091300000, 0x0000000091300000, 0x0000000091400000|  0%| F|  |TAMS 0x0000000091300000, 0x0000000091300000| Untracked 
| 276|0x0000000091400000, 0x0000000091400000, 0x0000000091500000|  0%| F|  |TAMS 0x0000000091400000, 0x0000000091400000| Untracked 
| 277|0x0000000091500000, 0x0000000091500000, 0x0000000091600000|  0%| F|  |TAMS 0x0000000091500000, 0x0000000091500000| Untracked 
| 278|0x0000000091600000, 0x0000000091600000, 0x0000000091700000|  0%| F|  |TAMS 0x0000000091600000, 0x0000000091600000| Untracked 
| 279|0x0000000091700000, 0x0000000091700000, 0x0000000091800000|  0%| F|  |TAMS 0x0000000091700000, 0x0000000091700000| Untracked 
| 280|0x0000000091800000, 0x0000000091800000, 0x0000000091900000|  0%| F|  |TAMS 0x0000000091800000, 0x0000000091800000| Untracked 
| 281|0x0000000091900000, 0x0000000091900000, 0x0000000091a00000|  0%| F|  |TAMS 0x0000000091900000, 0x0000000091900000| Untracked 
| 282|0x0000000091a00000, 0x0000000091a00000, 0x0000000091b00000|  0%| F|  |TAMS 0x0000000091a00000, 0x0000000091a00000| Untracked 
| 283|0x0000000091b00000, 0x0000000091b00000, 0x0000000091c00000|  0%| F|  |TAMS 0x0000000091b00000, 0x0000000091b00000| Untracked 
| 284|0x0000000091c00000, 0x0000000091c00000, 0x0000000091d00000|  0%| F|  |TAMS 0x0000000091c00000, 0x0000000091c00000| Untracked 
| 285|0x0000000091d00000, 0x0000000091d00000, 0x0000000091e00000|  0%| F|  |TAMS 0x0000000091d00000, 0x0000000091d00000| Untracked 
| 286|0x0000000091e00000, 0x0000000091e00000, 0x0000000091f00000|  0%| F|  |TAMS 0x0000000091e00000, 0x0000000091e00000| Untracked 
| 287|0x0000000091f00000, 0x0000000091f00000, 0x0000000092000000|  0%| F|  |TAMS 0x0000000091f00000, 0x0000000091f00000| Untracked 
| 288|0x0000000092000000, 0x0000000092000000, 0x0000000092100000|  0%| F|  |TAMS 0x0000000092000000, 0x0000000092000000| Untracked 
| 289|0x0000000092100000, 0x0000000092100000, 0x0000000092200000|  0%| F|  |TAMS 0x0000000092100000, 0x0000000092100000| Untracked 
| 290|0x0000000092200000, 0x0000000092200000, 0x0000000092300000|  0%| F|  |TAMS 0x0000000092200000, 0x0000000092200000| Untracked 
| 291|0x0000000092300000, 0x0000000092300000, 0x0000000092400000|  0%| F|  |TAMS 0x0000000092300000, 0x0000000092300000| Untracked 
| 292|0x0000000092400000, 0x0000000092400000, 0x0000000092500000|  0%| F|  |TAMS 0x0000000092400000, 0x0000000092400000| Untracked 
| 293|0x0000000092500000, 0x0000000092500000, 0x0000000092600000|  0%| F|  |TAMS 0x0000000092500000, 0x0000000092500000| Untracked 
| 294|0x0000000092600000, 0x0000000092600000, 0x0000000092700000|  0%| F|  |TAMS 0x0000000092600000, 0x0000000092600000| Untracked 
| 295|0x0000000092700000, 0x0000000092700000, 0x0000000092800000|  0%| F|  |TAMS 0x0000000092700000, 0x0000000092700000| Untracked 
| 296|0x0000000092800000, 0x0000000092800000, 0x0000000092900000|  0%| F|  |TAMS 0x0000000092800000, 0x0000000092800000| Untracked 
| 297|0x0000000092900000, 0x0000000092900000, 0x0000000092a00000|  0%| F|  |TAMS 0x0000000092900000, 0x0000000092900000| Untracked 
| 298|0x0000000092a00000, 0x0000000092a00000, 0x0000000092b00000|  0%| F|  |TAMS 0x0000000092a00000, 0x0000000092a00000| Untracked 
| 299|0x0000000092b00000, 0x0000000092b00000, 0x0000000092c00000|  0%| F|  |TAMS 0x0000000092b00000, 0x0000000092b00000| Untracked 
| 300|0x0000000092c00000, 0x0000000092c00000, 0x0000000092d00000|  0%| F|  |TAMS 0x0000000092c00000, 0x0000000092c00000| Untracked 
| 301|0x0000000092d00000, 0x0000000092d00000, 0x0000000092e00000|  0%| F|  |TAMS 0x0000000092d00000, 0x0000000092d00000| Untracked 
| 302|0x0000000092e00000, 0x0000000092e00000, 0x0000000092f00000|  0%| F|  |TAMS 0x0000000092e00000, 0x0000000092e00000| Untracked 
| 303|0x0000000092f00000, 0x0000000092f00000, 0x0000000093000000|  0%| F|  |TAMS 0x0000000092f00000, 0x0000000092f00000| Untracked 
| 304|0x0000000093000000, 0x0000000093000000, 0x0000000093100000|  0%| F|  |TAMS 0x0000000093000000, 0x0000000093000000| Untracked 
| 305|0x0000000093100000, 0x0000000093100000, 0x0000000093200000|  0%| F|  |TAMS 0x0000000093100000, 0x0000000093100000| Untracked 
| 306|0x0000000093200000, 0x0000000093200000, 0x0000000093300000|  0%| F|  |TAMS 0x0000000093200000, 0x0000000093200000| Untracked 
| 307|0x0000000093300000, 0x0000000093300000, 0x0000000093400000|  0%| F|  |TAMS 0x0000000093300000, 0x0000000093300000| Untracked 
| 308|0x0000000093400000, 0x0000000093400000, 0x0000000093500000|  0%| F|  |TAMS 0x0000000093400000, 0x0000000093400000| Untracked 
| 309|0x0000000093500000, 0x0000000093500000, 0x0000000093600000|  0%| F|  |TAMS 0x0000000093500000, 0x0000000093500000| Untracked 
| 310|0x0000000093600000, 0x0000000093600000, 0x0000000093700000|  0%| F|  |TAMS 0x0000000093600000, 0x0000000093600000| Untracked 
| 311|0x0000000093700000, 0x0000000093700000, 0x0000000093800000|  0%| F|  |TAMS 0x0000000093700000, 0x0000000093700000| Untracked 
| 312|0x0000000093800000, 0x0000000093800000, 0x0000000093900000|  0%| F|  |TAMS 0x0000000093800000, 0x0000000093800000| Untracked 
| 313|0x0000000093900000, 0x0000000093900000, 0x0000000093a00000|  0%| F|  |TAMS 0x0000000093900000, 0x0000000093900000| Untracked 
| 314|0x0000000093a00000, 0x0000000093a00000, 0x0000000093b00000|  0%| F|  |TAMS 0x0000000093a00000, 0x0000000093a00000| Untracked 
| 315|0x0000000093b00000, 0x0000000093b00000, 0x0000000093c00000|  0%| F|  |TAMS 0x0000000093b00000, 0x0000000093b00000| Untracked 
| 316|0x0000000093c00000, 0x0000000093c00000, 0x0000000093d00000|  0%| F|  |TAMS 0x0000000093c00000, 0x0000000093c00000| Untracked 
| 317|0x0000000093d00000, 0x0000000093d00000, 0x0000000093e00000|  0%| F|  |TAMS 0x0000000093d00000, 0x0000000093d00000| Untracked 
| 318|0x0000000093e00000, 0x0000000093e00000, 0x0000000093f00000|  0%| F|  |TAMS 0x0000000093e00000, 0x0000000093e00000| Untracked 
| 319|0x0000000093f00000, 0x0000000093f00000, 0x0000000094000000|  0%| F|  |TAMS 0x0000000093f00000, 0x0000000093f00000| Untracked 
| 320|0x0000000094000000, 0x0000000094000000, 0x0000000094100000|  0%| F|  |TAMS 0x0000000094000000, 0x0000000094000000| Untracked 
| 321|0x0000000094100000, 0x0000000094100000, 0x0000000094200000|  0%| F|  |TAMS 0x0000000094100000, 0x0000000094100000| Untracked 
| 322|0x0000000094200000, 0x0000000094200000, 0x0000000094300000|  0%| F|  |TAMS 0x0000000094200000, 0x0000000094200000| Untracked 
| 323|0x0000000094300000, 0x0000000094300000, 0x0000000094400000|  0%| F|  |TAMS 0x0000000094300000, 0x0000000094300000| Untracked 
| 324|0x0000000094400000, 0x0000000094400000, 0x0000000094500000|  0%| F|  |TAMS 0x0000000094400000, 0x0000000094400000| Untracked 
| 325|0x0000000094500000, 0x0000000094500000, 0x0000000094600000|  0%| F|  |TAMS 0x0000000094500000, 0x0000000094500000| Untracked 
| 326|0x0000000094600000, 0x0000000094600000, 0x0000000094700000|  0%| F|  |TAMS 0x0000000094600000, 0x0000000094600000| Untracked 
| 327|0x0000000094700000, 0x0000000094700000, 0x0000000094800000|  0%| F|  |TAMS 0x0000000094700000, 0x0000000094700000| Untracked 
| 328|0x0000000094800000, 0x0000000094800000, 0x0000000094900000|  0%| F|  |TAMS 0x0000000094800000, 0x0000000094800000| Untracked 
| 329|0x0000000094900000, 0x0000000094900000, 0x0000000094a00000|  0%| F|  |TAMS 0x0000000094900000, 0x0000000094900000| Untracked 
| 330|0x0000000094a00000, 0x0000000094a00000, 0x0000000094b00000|  0%| F|  |TAMS 0x0000000094a00000, 0x0000000094a00000| Untracked 
| 331|0x0000000094b00000, 0x0000000094bb7a00, 0x0000000094c00000| 76%| E|  |TAMS 0x0000000094b00000, 0x0000000094b00000| Complete 
| 332|0x0000000094c00000, 0x0000000094d00000, 0x0000000094d00000|100%| E|CS|TAMS 0x0000000094c00000, 0x0000000094c00000| Complete 
| 333|0x0000000094d00000, 0x0000000094e00000, 0x0000000094e00000|100%| E|  |TAMS 0x0000000094d00000, 0x0000000094d00000| Complete 
| 334|0x0000000094e00000, 0x0000000094f00000, 0x0000000094f00000|100%| E|CS|TAMS 0x0000000094e00000, 0x0000000094e00000| Complete 
| 335|0x0000000094f00000, 0x0000000095000000, 0x0000000095000000|100%| E|CS|TAMS 0x0000000094f00000, 0x0000000094f00000| Complete 
| 336|0x0000000095000000, 0x0000000095100000, 0x0000000095100000|100%| E|CS|TAMS 0x0000000095000000, 0x0000000095000000| Complete 
| 337|0x0000000095100000, 0x0000000095200000, 0x0000000095200000|100%| E|CS|TAMS 0x0000000095100000, 0x0000000095100000| Complete 
| 338|0x0000000095200000, 0x0000000095300000, 0x0000000095300000|100%| E|CS|TAMS 0x0000000095200000, 0x0000000095200000| Complete 
| 339|0x0000000095300000, 0x0000000095400000, 0x0000000095400000|100%| E|CS|TAMS 0x0000000095300000, 0x0000000095300000| Complete 
| 340|0x0000000095400000, 0x0000000095500000, 0x0000000095500000|100%| E|CS|TAMS 0x0000000095400000, 0x0000000095400000| Complete 
| 341|0x0000000095500000, 0x0000000095600000, 0x0000000095600000|100%| E|CS|TAMS 0x0000000095500000, 0x0000000095500000| Complete 
| 342|0x0000000095600000, 0x0000000095700000, 0x0000000095700000|100%| E|CS|TAMS 0x0000000095600000, 0x0000000095600000| Complete 
| 343|0x0000000095700000, 0x0000000095800000, 0x0000000095800000|100%| E|CS|TAMS 0x0000000095700000, 0x0000000095700000| Complete 
| 344|0x0000000095800000, 0x0000000095900000, 0x0000000095900000|100%| E|CS|TAMS 0x0000000095800000, 0x0000000095800000| Complete 
| 345|0x0000000095900000, 0x0000000095a00000, 0x0000000095a00000|100%| E|CS|TAMS 0x0000000095900000, 0x0000000095900000| Complete 
| 346|0x0000000095a00000, 0x0000000095b00000, 0x0000000095b00000|100%| E|CS|TAMS 0x0000000095a00000, 0x0000000095a00000| Complete 
| 347|0x0000000095b00000, 0x0000000095c00000, 0x0000000095c00000|100%| E|CS|TAMS 0x0000000095b00000, 0x0000000095b00000| Complete 
| 348|0x0000000095c00000, 0x0000000095d00000, 0x0000000095d00000|100%| E|CS|TAMS 0x0000000095c00000, 0x0000000095c00000| Complete 
| 349|0x0000000095d00000, 0x0000000095e00000, 0x0000000095e00000|100%| E|CS|TAMS 0x0000000095d00000, 0x0000000095d00000| Complete 
| 350|0x0000000095e00000, 0x0000000095f00000, 0x0000000095f00000|100%| E|CS|TAMS 0x0000000095e00000, 0x0000000095e00000| Complete 
| 351|0x0000000095f00000, 0x0000000096000000, 0x0000000096000000|100%| E|CS|TAMS 0x0000000095f00000, 0x0000000095f00000| Complete 
| 352|0x0000000096000000, 0x0000000096100000, 0x0000000096100000|100%| E|CS|TAMS 0x0000000096000000, 0x0000000096000000| Complete 
| 353|0x0000000096100000, 0x0000000096200000, 0x0000000096200000|100%| E|CS|TAMS 0x0000000096100000, 0x0000000096100000| Complete 
| 354|0x0000000096200000, 0x0000000096300000, 0x0000000096300000|100%| E|CS|TAMS 0x0000000096200000, 0x0000000096200000| Complete 
| 355|0x0000000096300000, 0x0000000096400000, 0x0000000096400000|100%| E|CS|TAMS 0x0000000096300000, 0x0000000096300000| Complete 
| 356|0x0000000096400000, 0x0000000096500000, 0x0000000096500000|100%| E|CS|TAMS 0x0000000096400000, 0x0000000096400000| Complete 
| 357|0x0000000096500000, 0x0000000096600000, 0x0000000096600000|100%| E|CS|TAMS 0x0000000096500000, 0x0000000096500000| Complete 
| 358|0x0000000096600000, 0x0000000096700000, 0x0000000096700000|100%| E|CS|TAMS 0x0000000096600000, 0x0000000096600000| Complete 
| 359|0x0000000096700000, 0x0000000096800000, 0x0000000096800000|100%| E|CS|TAMS 0x0000000096700000, 0x0000000096700000| Complete 
| 360|0x0000000096800000, 0x0000000096900000, 0x0000000096900000|100%| E|CS|TAMS 0x0000000096800000, 0x0000000096800000| Complete 
| 361|0x0000000096900000, 0x0000000096a00000, 0x0000000096a00000|100%| E|CS|TAMS 0x0000000096900000, 0x0000000096900000| Complete 
| 362|0x0000000096a00000, 0x0000000096b00000, 0x0000000096b00000|100%| E|CS|TAMS 0x0000000096a00000, 0x0000000096a00000| Complete 
| 363|0x0000000096b00000, 0x0000000096c00000, 0x0000000096c00000|100%| E|CS|TAMS 0x0000000096b00000, 0x0000000096b00000| Complete 
| 364|0x0000000096c00000, 0x0000000096d00000, 0x0000000096d00000|100%| E|CS|TAMS 0x0000000096c00000, 0x0000000096c00000| Complete 
| 365|0x0000000096d00000, 0x0000000096e00000, 0x0000000096e00000|100%| E|CS|TAMS 0x0000000096d00000, 0x0000000096d00000| Complete 
| 366|0x0000000096e00000, 0x0000000096f00000, 0x0000000096f00000|100%| E|CS|TAMS 0x0000000096e00000, 0x0000000096e00000| Complete 
| 367|0x0000000096f00000, 0x0000000097000000, 0x0000000097000000|100%| E|CS|TAMS 0x0000000096f00000, 0x0000000096f00000| Complete 
| 368|0x0000000097000000, 0x0000000097100000, 0x0000000097100000|100%| E|CS|TAMS 0x0000000097000000, 0x0000000097000000| Complete 
| 369|0x0000000097100000, 0x0000000097200000, 0x0000000097200000|100%| E|CS|TAMS 0x0000000097100000, 0x0000000097100000| Complete 
| 370|0x0000000097200000, 0x0000000097300000, 0x0000000097300000|100%| E|CS|TAMS 0x0000000097200000, 0x0000000097200000| Complete 
| 371|0x0000000097300000, 0x0000000097400000, 0x0000000097400000|100%| E|CS|TAMS 0x0000000097300000, 0x0000000097300000| Complete 
| 372|0x0000000097400000, 0x0000000097500000, 0x0000000097500000|100%| E|CS|TAMS 0x0000000097400000, 0x0000000097400000| Complete 
| 373|0x0000000097500000, 0x0000000097600000, 0x0000000097600000|100%| E|CS|TAMS 0x0000000097500000, 0x0000000097500000| Complete 
| 374|0x0000000097600000, 0x0000000097700000, 0x0000000097700000|100%| E|CS|TAMS 0x0000000097600000, 0x0000000097600000| Complete 
| 375|0x0000000097700000, 0x0000000097800000, 0x0000000097800000|100%| E|CS|TAMS 0x0000000097700000, 0x0000000097700000| Complete 
| 376|0x0000000097800000, 0x0000000097900000, 0x0000000097900000|100%| E|CS|TAMS 0x0000000097800000, 0x0000000097800000| Complete 
| 377|0x0000000097900000, 0x0000000097a00000, 0x0000000097a00000|100%| E|CS|TAMS 0x0000000097900000, 0x0000000097900000| Complete 
| 378|0x0000000097a00000, 0x0000000097b00000, 0x0000000097b00000|100%| E|CS|TAMS 0x0000000097a00000, 0x0000000097a00000| Complete 
| 379|0x0000000097b00000, 0x0000000097c00000, 0x0000000097c00000|100%| E|CS|TAMS 0x0000000097b00000, 0x0000000097b00000| Complete 
| 380|0x0000000097c00000, 0x0000000097d00000, 0x0000000097d00000|100%| E|CS|TAMS 0x0000000097c00000, 0x0000000097c00000| Complete 
| 381|0x0000000097d00000, 0x0000000097e00000, 0x0000000097e00000|100%| E|CS|TAMS 0x0000000097d00000, 0x0000000097d00000| Complete 
| 382|0x0000000097e00000, 0x0000000097f00000, 0x0000000097f00000|100%| E|CS|TAMS 0x0000000097e00000, 0x0000000097e00000| Complete 
| 383|0x0000000097f00000, 0x0000000098000000, 0x0000000098000000|100%| E|CS|TAMS 0x0000000097f00000, 0x0000000097f00000| Complete 
| 384|0x0000000098000000, 0x0000000098100000, 0x0000000098100000|100%| E|CS|TAMS 0x0000000098000000, 0x0000000098000000| Complete 
| 385|0x0000000098100000, 0x0000000098200000, 0x0000000098200000|100%| E|CS|TAMS 0x0000000098100000, 0x0000000098100000| Complete 
| 386|0x0000000098200000, 0x0000000098300000, 0x0000000098300000|100%| E|CS|TAMS 0x0000000098200000, 0x0000000098200000| Complete 
| 387|0x0000000098300000, 0x0000000098400000, 0x0000000098400000|100%| E|CS|TAMS 0x0000000098300000, 0x0000000098300000| Complete 
| 388|0x0000000098400000, 0x0000000098500000, 0x0000000098500000|100%| E|CS|TAMS 0x0000000098400000, 0x0000000098400000| Complete 
| 389|0x0000000098500000, 0x0000000098600000, 0x0000000098600000|100%| E|CS|TAMS 0x0000000098500000, 0x0000000098500000| Complete 
| 390|0x0000000098600000, 0x0000000098700000, 0x0000000098700000|100%| E|CS|TAMS 0x0000000098600000, 0x0000000098600000| Complete 
| 391|0x0000000098700000, 0x0000000098800000, 0x0000000098800000|100%| E|CS|TAMS 0x0000000098700000, 0x0000000098700000| Complete 
| 392|0x0000000098800000, 0x0000000098900000, 0x0000000098900000|100%| E|CS|TAMS 0x0000000098800000, 0x0000000098800000| Complete 
| 393|0x0000000098900000, 0x0000000098a00000, 0x0000000098a00000|100%| E|CS|TAMS 0x0000000098900000, 0x0000000098900000| Complete 
| 394|0x0000000098a00000, 0x0000000098b00000, 0x0000000098b00000|100%| E|CS|TAMS 0x0000000098a00000, 0x0000000098a00000| Complete 
| 395|0x0000000098b00000, 0x0000000098c00000, 0x0000000098c00000|100%| E|CS|TAMS 0x0000000098b00000, 0x0000000098b00000| Complete 
| 396|0x0000000098c00000, 0x0000000098d00000, 0x0000000098d00000|100%| E|CS|TAMS 0x0000000098c00000, 0x0000000098c00000| Complete 
| 397|0x0000000098d00000, 0x0000000098e00000, 0x0000000098e00000|100%| E|CS|TAMS 0x0000000098d00000, 0x0000000098d00000| Complete 
| 398|0x0000000098e00000, 0x0000000098f00000, 0x0000000098f00000|100%| E|CS|TAMS 0x0000000098e00000, 0x0000000098e00000| Complete 
| 399|0x0000000098f00000, 0x0000000099000000, 0x0000000099000000|100%| E|CS|TAMS 0x0000000098f00000, 0x0000000098f00000| Complete 
| 400|0x0000000099000000, 0x0000000099100000, 0x0000000099100000|100%| E|CS|TAMS 0x0000000099000000, 0x0000000099000000| Complete 
| 401|0x0000000099100000, 0x0000000099200000, 0x0000000099200000|100%| E|CS|TAMS 0x0000000099100000, 0x0000000099100000| Complete 
| 402|0x0000000099200000, 0x0000000099300000, 0x0000000099300000|100%| E|CS|TAMS 0x0000000099200000, 0x0000000099200000| Complete 
| 403|0x0000000099300000, 0x0000000099400000, 0x0000000099400000|100%| E|CS|TAMS 0x0000000099300000, 0x0000000099300000| Complete 
| 404|0x0000000099400000, 0x0000000099500000, 0x0000000099500000|100%| E|CS|TAMS 0x0000000099400000, 0x0000000099400000| Complete 
| 405|0x0000000099500000, 0x0000000099600000, 0x0000000099600000|100%| E|CS|TAMS 0x0000000099500000, 0x0000000099500000| Complete 
| 406|0x0000000099600000, 0x0000000099700000, 0x0000000099700000|100%| E|CS|TAMS 0x0000000099600000, 0x0000000099600000| Complete 
| 407|0x0000000099700000, 0x0000000099800000, 0x0000000099800000|100%| E|CS|TAMS 0x0000000099700000, 0x0000000099700000| Complete 
| 408|0x0000000099800000, 0x0000000099900000, 0x0000000099900000|100%| E|CS|TAMS 0x0000000099800000, 0x0000000099800000| Complete 
| 409|0x0000000099900000, 0x0000000099a00000, 0x0000000099a00000|100%| E|CS|TAMS 0x0000000099900000, 0x0000000099900000| Complete 
| 410|0x0000000099a00000, 0x0000000099b00000, 0x0000000099b00000|100%| E|CS|TAMS 0x0000000099a00000, 0x0000000099a00000| Complete 
| 411|0x0000000099b00000, 0x0000000099c00000, 0x0000000099c00000|100%| E|CS|TAMS 0x0000000099b00000, 0x0000000099b00000| Complete 
| 412|0x0000000099c00000, 0x0000000099d00000, 0x0000000099d00000|100%| E|CS|TAMS 0x0000000099c00000, 0x0000000099c00000| Complete 
| 413|0x0000000099d00000, 0x0000000099e00000, 0x0000000099e00000|100%| E|CS|TAMS 0x0000000099d00000, 0x0000000099d00000| Complete 
| 414|0x0000000099e00000, 0x0000000099f00000, 0x0000000099f00000|100%| E|CS|TAMS 0x0000000099e00000, 0x0000000099e00000| Complete 
| 415|0x0000000099f00000, 0x000000009a000000, 0x000000009a000000|100%| E|CS|TAMS 0x0000000099f00000, 0x0000000099f00000| Complete 
| 416|0x000000009a000000, 0x000000009a100000, 0x000000009a100000|100%| E|CS|TAMS 0x000000009a000000, 0x000000009a000000| Complete 
| 417|0x000000009a100000, 0x000000009a200000, 0x000000009a200000|100%| E|CS|TAMS 0x000000009a100000, 0x000000009a100000| Complete 
| 418|0x000000009a200000, 0x000000009a300000, 0x000000009a300000|100%| E|CS|TAMS 0x000000009a200000, 0x000000009a200000| Complete 
| 419|0x000000009a300000, 0x000000009a400000, 0x000000009a400000|100%| E|CS|TAMS 0x000000009a300000, 0x000000009a300000| Complete 
| 420|0x000000009a400000, 0x000000009a500000, 0x000000009a500000|100%| E|CS|TAMS 0x000000009a400000, 0x000000009a400000| Complete 
| 421|0x000000009a500000, 0x000000009a600000, 0x000000009a600000|100%| E|CS|TAMS 0x000000009a500000, 0x000000009a500000| Complete 
| 422|0x000000009a600000, 0x000000009a700000, 0x000000009a700000|100%| E|CS|TAMS 0x000000009a600000, 0x000000009a600000| Complete 
| 423|0x000000009a700000, 0x000000009a800000, 0x000000009a800000|100%| E|CS|TAMS 0x000000009a700000, 0x000000009a700000| Complete 
| 424|0x000000009a800000, 0x000000009a900000, 0x000000009a900000|100%| E|CS|TAMS 0x000000009a800000, 0x000000009a800000| Complete 
| 425|0x000000009a900000, 0x000000009aa00000, 0x000000009aa00000|100%| E|CS|TAMS 0x000000009a900000, 0x000000009a900000| Complete 
| 426|0x000000009aa00000, 0x000000009ab00000, 0x000000009ab00000|100%| E|CS|TAMS 0x000000009aa00000, 0x000000009aa00000| Complete 
| 427|0x000000009ab00000, 0x000000009ac00000, 0x000000009ac00000|100%| E|CS|TAMS 0x000000009ab00000, 0x000000009ab00000| Complete 
| 428|0x000000009ac00000, 0x000000009ad00000, 0x000000009ad00000|100%| E|CS|TAMS 0x000000009ac00000, 0x000000009ac00000| Complete 
| 429|0x000000009ad00000, 0x000000009ae00000, 0x000000009ae00000|100%| E|CS|TAMS 0x000000009ad00000, 0x000000009ad00000| Complete 
| 430|0x000000009ae00000, 0x000000009af00000, 0x000000009af00000|100%| E|CS|TAMS 0x000000009ae00000, 0x000000009ae00000| Complete 
| 431|0x000000009af00000, 0x000000009b000000, 0x000000009b000000|100%| E|CS|TAMS 0x000000009af00000, 0x000000009af00000| Complete 
| 432|0x000000009b000000, 0x000000009b100000, 0x000000009b100000|100%| E|CS|TAMS 0x000000009b000000, 0x000000009b000000| Complete 
| 433|0x000000009b100000, 0x000000009b200000, 0x000000009b200000|100%| E|CS|TAMS 0x000000009b100000, 0x000000009b100000| Complete 
| 434|0x000000009b200000, 0x000000009b300000, 0x000000009b300000|100%| E|CS|TAMS 0x000000009b200000, 0x000000009b200000| Complete 
| 435|0x000000009b300000, 0x000000009b400000, 0x000000009b400000|100%| E|CS|TAMS 0x000000009b300000, 0x000000009b300000| Complete 
| 436|0x000000009b400000, 0x000000009b500000, 0x000000009b500000|100%| E|CS|TAMS 0x000000009b400000, 0x000000009b400000| Complete 
| 437|0x000000009b500000, 0x000000009b600000, 0x000000009b600000|100%| E|CS|TAMS 0x000000009b500000, 0x000000009b500000| Complete 
| 438|0x000000009b600000, 0x000000009b700000, 0x000000009b700000|100%| E|CS|TAMS 0x000000009b600000, 0x000000009b600000| Complete 
| 439|0x000000009b700000, 0x000000009b800000, 0x000000009b800000|100%| E|CS|TAMS 0x000000009b700000, 0x000000009b700000| Complete 
| 440|0x000000009b800000, 0x000000009b900000, 0x000000009b900000|100%| E|CS|TAMS 0x000000009b800000, 0x000000009b800000| Complete 
| 441|0x000000009b900000, 0x000000009ba00000, 0x000000009ba00000|100%| E|CS|TAMS 0x000000009b900000, 0x000000009b900000| Complete 
| 442|0x000000009ba00000, 0x000000009bb00000, 0x000000009bb00000|100%| E|CS|TAMS 0x000000009ba00000, 0x000000009ba00000| Complete 
| 443|0x000000009bb00000, 0x000000009bc00000, 0x000000009bc00000|100%| E|CS|TAMS 0x000000009bb00000, 0x000000009bb00000| Complete 
| 444|0x000000009bc00000, 0x000000009bd00000, 0x000000009bd00000|100%| E|CS|TAMS 0x000000009bc00000, 0x000000009bc00000| Complete 
| 445|0x000000009bd00000, 0x000000009be00000, 0x000000009be00000|100%| E|CS|TAMS 0x000000009bd00000, 0x000000009bd00000| Complete 
| 446|0x000000009be00000, 0x000000009bf00000, 0x000000009bf00000|100%| E|CS|TAMS 0x000000009be00000, 0x000000009be00000| Complete 
| 447|0x000000009bf00000, 0x000000009c000000, 0x000000009c000000|100%| E|CS|TAMS 0x000000009bf00000, 0x000000009bf00000| Complete 
| 448|0x000000009c000000, 0x000000009c100000, 0x000000009c100000|100%| E|CS|TAMS 0x000000009c000000, 0x000000009c000000| Complete 
| 449|0x000000009c100000, 0x000000009c200000, 0x000000009c200000|100%| E|CS|TAMS 0x000000009c100000, 0x000000009c100000| Complete 
| 450|0x000000009c200000, 0x000000009c300000, 0x000000009c300000|100%| E|CS|TAMS 0x000000009c200000, 0x000000009c200000| Complete 
| 451|0x000000009c300000, 0x000000009c400000, 0x000000009c400000|100%| E|CS|TAMS 0x000000009c300000, 0x000000009c300000| Complete 
| 452|0x000000009c400000, 0x000000009c500000, 0x000000009c500000|100%| E|CS|TAMS 0x000000009c400000, 0x000000009c400000| Complete 
| 453|0x000000009c500000, 0x000000009c600000, 0x000000009c600000|100%| E|CS|TAMS 0x000000009c500000, 0x000000009c500000| Complete 
| 454|0x000000009c600000, 0x000000009c700000, 0x000000009c700000|100%| E|CS|TAMS 0x000000009c600000, 0x000000009c600000| Complete 
| 455|0x000000009c700000, 0x000000009c800000, 0x000000009c800000|100%| E|CS|TAMS 0x000000009c700000, 0x000000009c700000| Complete 
| 456|0x000000009c800000, 0x000000009c900000, 0x000000009c900000|100%| E|CS|TAMS 0x000000009c800000, 0x000000009c800000| Complete 
| 457|0x000000009c900000, 0x000000009ca00000, 0x000000009ca00000|100%| E|CS|TAMS 0x000000009c900000, 0x000000009c900000| Complete 
| 458|0x000000009ca00000, 0x000000009cb00000, 0x000000009cb00000|100%| E|CS|TAMS 0x000000009ca00000, 0x000000009ca00000| Complete 
| 459|0x000000009cb00000, 0x000000009cc00000, 0x000000009cc00000|100%| E|CS|TAMS 0x000000009cb00000, 0x000000009cb00000| Complete 
| 460|0x000000009cc00000, 0x000000009cd00000, 0x000000009cd00000|100%| E|CS|TAMS 0x000000009cc00000, 0x000000009cc00000| Complete 
| 461|0x000000009cd00000, 0x000000009ce00000, 0x000000009ce00000|100%| E|CS|TAMS 0x000000009cd00000, 0x000000009cd00000| Complete 
| 462|0x000000009ce00000, 0x000000009cf00000, 0x000000009cf00000|100%| E|CS|TAMS 0x000000009ce00000, 0x000000009ce00000| Complete 
| 463|0x000000009cf00000, 0x000000009d000000, 0x000000009d000000|100%| E|CS|TAMS 0x000000009cf00000, 0x000000009cf00000| Complete 
| 464|0x000000009d000000, 0x000000009d100000, 0x000000009d100000|100%| E|CS|TAMS 0x000000009d000000, 0x000000009d000000| Complete 
| 465|0x000000009d100000, 0x000000009d200000, 0x000000009d200000|100%| E|CS|TAMS 0x000000009d100000, 0x000000009d100000| Complete 
| 466|0x000000009d200000, 0x000000009d300000, 0x000000009d300000|100%| E|CS|TAMS 0x000000009d200000, 0x000000009d200000| Complete 
| 467|0x000000009d300000, 0x000000009d400000, 0x000000009d400000|100%| E|CS|TAMS 0x000000009d300000, 0x000000009d300000| Complete 
| 468|0x000000009d400000, 0x000000009d500000, 0x000000009d500000|100%| E|CS|TAMS 0x000000009d400000, 0x000000009d400000| Complete 
| 469|0x000000009d500000, 0x000000009d600000, 0x000000009d600000|100%| E|CS|TAMS 0x000000009d500000, 0x000000009d500000| Complete 
| 470|0x000000009d600000, 0x000000009d700000, 0x000000009d700000|100%| E|CS|TAMS 0x000000009d600000, 0x000000009d600000| Complete 
| 471|0x000000009d700000, 0x000000009d800000, 0x000000009d800000|100%| E|CS|TAMS 0x000000009d700000, 0x000000009d700000| Complete 
| 472|0x000000009d800000, 0x000000009d900000, 0x000000009d900000|100%| E|CS|TAMS 0x000000009d800000, 0x000000009d800000| Complete 
| 473|0x000000009d900000, 0x000000009da00000, 0x000000009da00000|100%| E|CS|TAMS 0x000000009d900000, 0x000000009d900000| Complete 
| 474|0x000000009da00000, 0x000000009db00000, 0x000000009db00000|100%| E|CS|TAMS 0x000000009da00000, 0x000000009da00000| Complete 
| 578|0x00000000a4200000, 0x00000000a4300000, 0x00000000a4300000|100%| E|CS|TAMS 0x00000000a4200000, 0x00000000a4200000| Complete 
| 579|0x00000000a4300000, 0x00000000a4400000, 0x00000000a4400000|100%| E|CS|TAMS 0x00000000a4300000, 0x00000000a4300000| Complete 

Card table byte_map: [0x000001b069710000,0x000001b069b10000] _byte_map_base: 0x000001b069310000

Marking Bits (Prev, Next): (CMBitMap*) 0x000001b056960920, (CMBitMap*) 0x000001b056960960
 Prev Bits: [0x000001b069f10000, 0x000001b06bf10000)
 Next Bits: [0x000001b06bf10000, 0x000001b06df10000)

Polling page: 0x000001b054780000

Metaspace:

Usage:
  Non-class:    111.80 MB used.
      Class:     18.19 MB used.
       Both:    129.99 MB used.

Virtual space:
  Non-class space:      120.00 MB reserved,     112.31 MB ( 94%) committed,  15 nodes.
      Class space:        1.00 GB reserved,      18.69 MB (  2%) committed,  1 nodes.
             Both:        1.12 GB reserved,     131.00 MB ( 11%) committed. 

Chunk freelists:
   Non-Class:  3.03 MB
       Class:  1.31 MB
        Both:  4.34 MB

MaxMetaspaceSize: unlimited
CompressedClassSpaceSize: 1.00 GB
Initial GC threshold: 21.00 MB
Current GC threshold: 212.81 MB
CDS: off
MetaspaceReclaimPolicy: balanced
 - commit_granule_bytes: 65536.
 - commit_granule_words: 8192.
 - virtual_space_node_default_size: 1048576.
 - enlarge_chunks_in_place: 1.
 - new_chunks_are_fully_committed: 0.
 - uncommit_free_chunks: 1.
 - use_allocation_guard: 0.
 - handle_deallocations: 1.


Internal statistics:

num_allocs_failed_limit: 6.
num_arena_births: 1928.
num_arena_deaths: 98.
num_vsnodes_births: 16.
num_vsnodes_deaths: 0.
num_space_committed: 2095.
num_space_uncommitted: 0.
num_chunks_returned_to_freelist: 139.
num_chunks_taken_from_freelist: 7251.
num_chunk_merges: 47.
num_chunk_splits: 4650.
num_chunks_enlarged: 3001.
num_purges: 6.
num_inconsistent_stats: 0.

CodeHeap 'non-profiled nmethods': size=120000Kb used=12370Kb max_used=12370Kb free=107629Kb
 bounds [0x000001b061890000, 0x000001b0624b0000, 0x000001b068dc0000]
CodeHeap 'profiled nmethods': size=120000Kb used=32559Kb max_used=32559Kb free=87440Kb
 bounds [0x000001b059dc0000, 0x000001b05bd90000, 0x000001b0612f0000]
CodeHeap 'non-nmethods': size=5760Kb used=2465Kb max_used=2569Kb free=3294Kb
 bounds [0x000001b0612f0000, 0x000001b061580000, 0x000001b061890000]
 total_blobs=18015 nmethods=17000 adapters=927
 compilation: enabled
              stopped_count=0, restarted_count=0
 full_count=0

Compilation events (20 events):
Event: 821.823 Thread 0x000001b0714a43f0 nmethod 20187 0x000001b05bd82910 code [0x000001b05bd82aa0, 0x000001b05bd82b98]
Event: 821.903 Thread 0x000001b0714a3af0 20188 %     4       java.util.regex.Matcher::replaceAll @ 22 (59 bytes)
Event: 821.919 Thread 0x000001b0714a43f0 20191       3       org.gradle.internal.instantiation.generator.AsmBackedClassGenerator$ClassBuilderImpl$28::loadPropertiesFromState (97 bytes)
Event: 821.924 Thread 0x000001b0714a43f0 nmethod 20191 0x000001b05bd82c10 code [0x000001b05bd82fe0, 0x000001b05bd84dc8]
Event: 821.940 Thread 0x000001b0714a3af0 nmethod 20188% 0x000001b0624a2210 code [0x000001b0624a2440, 0x000001b0624a3450]
Event: 821.941 Thread 0x000001b0714a3af0 20190       4       org.gradle.internal.instantiation.generator.AbstractClassGenerator::inspectType (560 bytes)
Event: 822.004 Thread 0x000001b0714a43f0 20193       1       com.android.build.gradle.options.Stage::getStatus (5 bytes)
Event: 822.004 Thread 0x000001b0714a43f0 nmethod 20193 0x000001b0624a3f10 code [0x000001b0624a40a0, 0x000001b0624a4178]
Event: 822.007 Thread 0x000001b0714a43f0 20194       3       com.google.common.collect.CollectPreconditions::checkEntryNotNull (100 bytes)
Event: 822.008 Thread 0x000001b0714a43f0 nmethod 20194 0x000001b05bd85890 code [0x000001b05bd85ba0, 0x000001b05bd868a8]
Event: 822.008 Thread 0x000001b0714a43f0 20195       1       com.google.common.collect.ImmutableEntry::getKey (5 bytes)
Event: 822.009 Thread 0x000001b0714a43f0 nmethod 20195 0x000001b0624a4210 code [0x000001b0624a43a0, 0x000001b0624a4478]
Event: 822.009 Thread 0x000001b0714a43f0 20196       1       com.google.common.collect.ImmutableEntry::getValue (5 bytes)
Event: 822.009 Thread 0x000001b0714a43f0 nmethod 20196 0x000001b0624a4510 code [0x000001b0624a46a0, 0x000001b0624a4778]
Event: 822.017 Thread 0x000001b0714a43f0 20197       3       com.google.common.collect.ImmutableMapEntry::<init> (12 bytes)
Event: 822.017 Thread 0x000001b0714a43f0 nmethod 20197 0x000001b05bd86e10 code [0x000001b05bd86fc0, 0x000001b05bd872c8]
Event: 822.017 Thread 0x000001b0714a43f0 20198       3       com.google.common.collect.ImmutableEntry::<init> (15 bytes)
Event: 822.017 Thread 0x000001b0714a43f0 nmethod 20198 0x000001b05bd87410 code [0x000001b05bd875c0, 0x000001b05bd87838]
Event: 822.017 Thread 0x000001b0714a43f0 20199       1       com.google.common.collect.ImmutableMapEntry::isReusable (2 bytes)
Event: 822.017 Thread 0x000001b0714a43f0 nmethod 20199 0x000001b0624a4810 code [0x000001b0624a49a0, 0x000001b0624a4a78]

GC Heap History (20 events):
Event: 49.755 GC heap before
{Heap before GC invocations=51 (full 0):
 garbage-first heap   total 296960K, used 224111K [0x0000000080000000, 0x0000000100000000)
  region size 1024K, 127 young (130048K), 2 survivors (2048K)
 Metaspace       used 101529K, committed 102208K, reserved 1138688K
  class space    used 13768K, committed 14080K, reserved 1048576K
}
Event: 49.765 GC heap after
{Heap after GC invocations=52 (full 0):
 garbage-first heap   total 296960K, used 105152K [0x0000000080000000, 0x0000000100000000)
  region size 1024K, 10 young (10240K), 10 survivors (10240K)
 Metaspace       used 101529K, committed 102208K, reserved 1138688K
  class space    used 13768K, committed 14080K, reserved 1048576K
}
Event: 68.471 GC heap before
{Heap before GC invocations=53 (full 0):
 garbage-first heap   total 296960K, used 230080K [0x0000000080000000, 0x0000000100000000)
  region size 1024K, 133 young (136192K), 10 survivors (10240K)
 Metaspace       used 109485K, committed 110272K, reserved 1146880K
  class space    used 14861K, committed 15232K, reserved 1048576K
}
Event: 68.487 GC heap after
{Heap after GC invocations=54 (full 0):
 garbage-first heap   total 296960K, used 114827K [0x0000000080000000, 0x0000000100000000)
  region size 1024K, 10 young (10240K), 10 survivors (10240K)
 Metaspace       used 109485K, committed 110272K, reserved 1146880K
  class space    used 14861K, committed 15232K, reserved 1048576K
}
Event: 68.574 GC heap before
{Heap before GC invocations=54 (full 0):
 garbage-first heap   total 296960K, used 118923K [0x0000000080000000, 0x0000000100000000)
  region size 1024K, 14 young (14336K), 10 survivors (10240K)
 Metaspace       used 109855K, committed 110656K, reserved 1146880K
  class space    used 14914K, committed 15296K, reserved 1048576K
}
Event: 68.583 GC heap after
{Heap after GC invocations=55 (full 0):
 garbage-first heap   total 296960K, used 115837K [0x0000000080000000, 0x0000000100000000)
  region size 1024K, 2 young (2048K), 2 survivors (2048K)
 Metaspace       used 109855K, committed 110656K, reserved 1146880K
  class space    used 14914K, committed 15296K, reserved 1048576K
}
Event: 71.523 GC heap before
{Heap before GC invocations=55 (full 0):
 garbage-first heap   total 296960K, used 234621K [0x0000000080000000, 0x0000000100000000)
  region size 1024K, 119 young (121856K), 2 survivors (2048K)
 Metaspace       used 120739K, committed 121536K, reserved 1155072K
  class space    used 16801K, committed 17152K, reserved 1048576K
}
Event: 71.532 GC heap after
{Heap after GC invocations=56 (full 0):
 garbage-first heap   total 296960K, used 121930K [0x0000000080000000, 0x0000000100000000)
  region size 1024K, 8 young (8192K), 8 survivors (8192K)
 Metaspace       used 120739K, committed 121536K, reserved 1155072K
  class space    used 16801K, committed 17152K, reserved 1048576K
}
Event: 112.466 GC heap before
{Heap before GC invocations=57 (full 0):
 garbage-first heap   total 296960K, used 259146K [0x0000000080000000, 0x0000000100000000)
  region size 1024K, 122 young (124928K), 8 survivors (8192K)
 Metaspace       used 128281K, committed 129152K, reserved 1163264K
  class space    used 18134K, committed 18560K, reserved 1048576K
}
Event: 112.479 GC heap after
{Heap after GC invocations=58 (full 0):
 garbage-first heap   total 296960K, used 125120K [0x0000000080000000, 0x0000000100000000)
  region size 1024K, 11 young (11264K), 11 survivors (11264K)
 Metaspace       used 128281K, committed 129152K, reserved 1163264K
  class space    used 18134K, committed 18560K, reserved 1048576K
}
Event: 112.557 GC heap before
{Heap before GC invocations=58 (full 0):
 garbage-first heap   total 296960K, used 127168K [0x0000000080000000, 0x0000000100000000)
  region size 1024K, 14 young (14336K), 11 survivors (11264K)
 Metaspace       used 128290K, committed 129152K, reserved 1163264K
  class space    used 18135K, committed 18560K, reserved 1048576K
}
Event: 112.568 GC heap after
{Heap after GC invocations=59 (full 0):
 garbage-first heap   total 296960K, used 125770K [0x0000000080000000, 0x0000000100000000)
  region size 1024K, 2 young (2048K), 2 survivors (2048K)
 Metaspace       used 128290K, committed 129152K, reserved 1163264K
  class space    used 18135K, committed 18560K, reserved 1048576K
}
Event: 170.929 GC heap before
{Heap before GC invocations=59 (full 0):
 garbage-first heap   total 296960K, used 239434K [0x0000000080000000, 0x0000000100000000)
  region size 1024K, 114 young (116736K), 2 survivors (2048K)
 Metaspace       used 128919K, committed 129856K, reserved 1163264K
  class space    used 18160K, committed 18624K, reserved 1048576K
}
Event: 170.945 GC heap after
{Heap after GC invocations=60 (full 0):
 garbage-first heap   total 296960K, used 136564K [0x0000000080000000, 0x0000000100000000)
  region size 1024K, 13 young (13312K), 13 survivors (13312K)
 Metaspace       used 128919K, committed 129856K, reserved 1163264K
  class space    used 18160K, committed 18624K, reserved 1048576K
}
Event: 193.478 GC heap before
{Heap before GC invocations=61 (full 0):
 garbage-first heap   total 296960K, used 237940K [0x0000000080000000, 0x0000000100000000)
  region size 1024K, 113 young (115712K), 13 survivors (13312K)
 Metaspace       used 129345K, committed 130368K, reserved 1163264K
  class space    used 18201K, committed 18688K, reserved 1048576K
}
Event: 193.486 GC heap after
{Heap after GC invocations=62 (full 0):
 garbage-first heap   total 296960K, used 138901K [0x0000000080000000, 0x0000000100000000)
  region size 1024K, 10 young (10240K), 10 survivors (10240K)
 Metaspace       used 129345K, committed 130368K, reserved 1163264K
  class space    used 18201K, committed 18688K, reserved 1048576K
}
Event: 193.525 GC heap before
{Heap before GC invocations=62 (full 0):
 garbage-first heap   total 296960K, used 142997K [0x0000000080000000, 0x0000000100000000)
  region size 1024K, 14 young (14336K), 10 survivors (10240K)
 Metaspace       used 129346K, committed 130368K, reserved 1163264K
  class space    used 18201K, committed 18688K, reserved 1048576K
}
Event: 193.535 GC heap after
{Heap after GC invocations=63 (full 0):
 garbage-first heap   total 296960K, used 134537K [0x0000000080000000, 0x0000000100000000)
  region size 1024K, 2 young (2048K), 2 survivors (2048K)
 Metaspace       used 129346K, committed 130368K, reserved 1163264K
  class space    used 18201K, committed 18688K, reserved 1048576K
}
Event: 502.560 GC heap before
{Heap before GC invocations=63 (full 0):
 garbage-first heap   total 296960K, used 237961K [0x0000000080000000, 0x0000000100000000)
  region size 1024K, 104 young (106496K), 2 survivors (2048K)
 Metaspace       used 129722K, committed 130752K, reserved 1163264K
  class space    used 18211K, committed 18688K, reserved 1048576K
}
Event: 502.570 GC heap after
{Heap after GC invocations=64 (full 0):
 garbage-first heap   total 593920K, used 143680K [0x0000000080000000, 0x0000000100000000)
  region size 1024K, 11 young (11264K), 11 survivors (11264K)
 Metaspace       used 129722K, committed 130752K, reserved 1163264K
  class space    used 18211K, committed 18688K, reserved 1048576K
}

Dll operation events (2 events):
Event: 0.030 Loaded shared library C:\Program Files\Android\Android Studio\jbr\bin\java.dll
Event: 1.798 Loaded shared library C:\Program Files\Android\Android Studio\jbr\bin\verify.dll

Deoptimization events (20 events):
Event: 664.980 Thread 0x000001b07eecca90 DEOPT PACKING pc=0x000001b0623a17f0 sp=0x00000054666fd2a0
Event: 664.981 Thread 0x000001b07eecca90 DEOPT UNPACKING pc=0x000001b0613469a3 sp=0x00000054666fd298 mode 2
Event: 664.981 Thread 0x000001b07eecca90 Uncommon trap: trap_request=0xffffffad fr.pc=0x000001b0623a17f0 relative=0x0000000000007f10
Event: 664.981 Thread 0x000001b07eecca90 Uncommon trap: reason=uninitialized action=reinterpret pc=0x000001b0623a17f0 method=java.io.ObjectStreamClass.invokeWriteObject(Ljava/lang/Object;Ljava/io/ObjectOutputStream;)V @ 33 c2
Event: 664.981 Thread 0x000001b07eecca90 DEOPT PACKING pc=0x000001b0623a17f0 sp=0x00000054666fd6d0
Event: 664.981 Thread 0x000001b07eecca90 DEOPT UNPACKING pc=0x000001b0613469a3 sp=0x00000054666fd6c8 mode 2
Event: 664.982 Thread 0x000001b07eecca90 Uncommon trap: trap_request=0xffffffad fr.pc=0x000001b0623a17f0 relative=0x0000000000007f10
Event: 664.982 Thread 0x000001b07eecca90 Uncommon trap: reason=uninitialized action=reinterpret pc=0x000001b0623a17f0 method=java.io.ObjectStreamClass.invokeWriteObject(Ljava/lang/Object;Ljava/io/ObjectOutputStream;)V @ 33 c2
Event: 664.982 Thread 0x000001b07eecca90 DEOPT PACKING pc=0x000001b0623a17f0 sp=0x00000054666fe2f0
Event: 664.982 Thread 0x000001b07eecca90 DEOPT UNPACKING pc=0x000001b0613469a3 sp=0x00000054666fe2e8 mode 2
Event: 665.008 Thread 0x000001b07eecca90 Uncommon trap: trap_request=0x00000017 fr.pc=0x000001b061dcdcf0 relative=0x00000000000000d0
Event: 665.008 Thread 0x000001b07eecca90 Uncommon trap: reason=unloaded action=reinterpret pc=0x000001b061dcdcf0 method=com.esotericsoftware.kryo.io.Output.flush()V @ 28 c2
Event: 665.008 Thread 0x000001b07eecca90 DEOPT PACKING pc=0x000001b061dcdcf0 sp=0x00000054666feab0
Event: 665.008 Thread 0x000001b07eecca90 DEOPT UNPACKING pc=0x000001b0613469a3 sp=0x00000054666fe9e8 mode 2
Event: 821.201 Thread 0x000001b078ca80a0 DEOPT PACKING pc=0x000001b05a605593 sp=0x00000054684f8e00
Event: 821.201 Thread 0x000001b078ca80a0 DEOPT UNPACKING pc=0x000001b061347143 sp=0x00000054684f8338 mode 0
Event: 821.367 Thread 0x000001b078ca80a0 Uncommon trap: trap_request=0xffffffc6 fr.pc=0x000001b061f7e588 relative=0x0000000000002f28
Event: 821.367 Thread 0x000001b078ca80a0 Uncommon trap: reason=bimorphic_or_optimized_type_check action=maybe_recompile pc=0x000001b061f7e588 method=com.google.common.cache.LocalCache$Segment.copyEntry(Lcom/google/common/cache/ReferenceEntry;Lcom/google/common/cache/ReferenceEntry;)Lcom/google/c
Event: 821.367 Thread 0x000001b078ca80a0 DEOPT PACKING pc=0x000001b061f7e588 sp=0x00000054684f89e0
Event: 821.367 Thread 0x000001b078ca80a0 DEOPT UNPACKING pc=0x000001b0613469a3 sp=0x00000054684f8868 mode 2

Classes unloaded (20 events):
Event: 171.049 Thread 0x000001b070baec70 Unloading class 0x0000000101112400 'java/lang/invoke/LambdaForm$DMH+0x0000000101112400'
Event: 171.049 Thread 0x000001b070baec70 Unloading class 0x0000000101111c00 'java/lang/invoke/LambdaForm$DMH+0x0000000101111c00'
Event: 171.049 Thread 0x000001b070baec70 Unloading class 0x0000000101111800 'java/lang/invoke/LambdaForm$DMH+0x0000000101111800'
Event: 171.049 Thread 0x000001b070baec70 Unloading class 0x0000000101111000 'java/lang/invoke/LambdaForm$DMH+0x0000000101111000'
Event: 171.049 Thread 0x000001b070baec70 Unloading class 0x0000000101110c00 'java/lang/invoke/LambdaForm$DMH+0x0000000101110c00'
Event: 171.049 Thread 0x000001b070baec70 Unloading class 0x0000000101110800 'java/lang/invoke/LambdaForm$DMH+0x0000000101110800'
Event: 171.049 Thread 0x000001b070baec70 Unloading class 0x0000000101110400 'java/lang/invoke/LambdaForm$DMH+0x0000000101110400'
Event: 171.049 Thread 0x000001b070baec70 Unloading class 0x00000001010c4c00 'java/lang/invoke/LambdaForm$DMH+0x00000001010c4c00'
Event: 171.049 Thread 0x000001b070baec70 Unloading class 0x00000001010c4800 'java/lang/invoke/LambdaForm$DMH+0x00000001010c4800'
Event: 171.049 Thread 0x000001b070baec70 Unloading class 0x00000001010c4400 'java/lang/invoke/LambdaForm$DMH+0x00000001010c4400'
Event: 171.049 Thread 0x000001b070baec70 Unloading class 0x00000001010bc400 'java/lang/invoke/LambdaForm$DMH+0x00000001010bc400'
Event: 171.049 Thread 0x000001b070baec70 Unloading class 0x00000001010a8000 'java/lang/invoke/LambdaForm$DMH+0x00000001010a8000'
Event: 171.049 Thread 0x000001b070baec70 Unloading class 0x0000000100ff1000 'java/lang/invoke/LambdaForm$DMH+0x0000000100ff1000'
Event: 171.049 Thread 0x000001b070baec70 Unloading class 0x0000000100ff0c00 'java/lang/invoke/LambdaForm$DMH+0x0000000100ff0c00'
Event: 171.049 Thread 0x000001b070baec70 Unloading class 0x0000000100ff0800 'java/lang/invoke/LambdaForm$DMH+0x0000000100ff0800'
Event: 171.049 Thread 0x000001b070baec70 Unloading class 0x0000000100f9c400 'java/lang/invoke/LambdaForm$DMH+0x0000000100f9c400'
Event: 171.049 Thread 0x000001b070baec70 Unloading class 0x0000000100f49000 'java/lang/invoke/LambdaForm$DMH+0x0000000100f49000'
Event: 171.049 Thread 0x000001b070baec70 Unloading class 0x0000000100f48c00 'java/lang/invoke/LambdaForm$DMH+0x0000000100f48c00'
Event: 171.049 Thread 0x000001b070baec70 Unloading class 0x0000000100f48800 'java/lang/invoke/LambdaForm$DMH+0x0000000100f48800'
Event: 171.049 Thread 0x000001b070baec70 Unloading class 0x0000000100f48000 'java/lang/invoke/LambdaForm$DMH+0x0000000100f48000'

Classes redefined (0 events):
No events

Internal exceptions (20 events):
Event: 504.037 Thread 0x000001b0758ed9f0 Exception <a 'sun/nio/fs/WindowsException'{0x000000009b2d0eb0}> (0x000000009b2d0eb0) 
thrown [s\src\hotspot\share\prims\jni.cpp, line 517]
Event: 504.120 Thread 0x000001b0758ecb80 Exception <a 'sun/nio/fs/WindowsException'{0x000000009a33eb58}> (0x000000009a33eb58) 
thrown [s\src\hotspot\share\prims\jni.cpp, line 517]
Event: 504.120 Thread 0x000001b0758ecb80 Exception <a 'sun/nio/fs/WindowsException'{0x000000009a340af8}> (0x000000009a340af8) 
thrown [s\src\hotspot\share\prims\jni.cpp, line 517]
Event: 504.121 Thread 0x000001b0758ecb80 Exception <a 'sun/nio/fs/WindowsException'{0x000000009a342bb0}> (0x000000009a342bb0) 
thrown [s\src\hotspot\share\prims\jni.cpp, line 517]
Event: 504.505 Thread 0x000001b077f4c360 Exception <a 'sun/nio/fs/WindowsException'{0x0000000099bc6ea8}> (0x0000000099bc6ea8) 
thrown [s\src\hotspot\share\prims\jni.cpp, line 517]
Event: 504.505 Thread 0x000001b077f4c360 Exception <a 'sun/nio/fs/WindowsException'{0x0000000099bc7388}> (0x0000000099bc7388) 
thrown [s\src\hotspot\share\prims\jni.cpp, line 517]
Event: 504.506 Thread 0x000001b077f4c360 Exception <a 'sun/nio/fs/WindowsException'{0x0000000099bc9370}> (0x0000000099bc9370) 
thrown [s\src\hotspot\share\prims\jni.cpp, line 517]
Event: 663.137 Thread 0x000001b07b0a8b40 Exception <a 'sun/net/ConnectionResetException'{0x000000009905aea8}: Connection reset> (0x000000009905aea8) 
thrown [s\src\hotspot\share\prims\jni.cpp, line 536]
Event: 663.152 Thread 0x000001b07ace2780 Exception <a 'java/io/IOException'{0x00000000990c85f8}: Connection reset by peer> (0x00000000990c85f8) 
thrown [s\src\hotspot\share\prims\jni.cpp, line 536]
Event: 664.899 Thread 0x000001b07eecca90 Exception <a 'java/lang/NoSuchMethodError'{0x0000000098088888}: static Lorg/gradle/tooling/internal/provider/serialization/ClassLoaderDetails;.<clinit>()V> (0x0000000098088888) 
thrown [s\src\hotspot\share\prims\jni.cpp, line 1108]
Event: 664.906 Thread 0x000001b07eecca90 Exception <a 'java/lang/NoSuchMethodError'{0x000000009809a568}: static Lorg/gradle/tooling/internal/provider/serialization/WellKnownClassLoaderRegistry$KnownClassLoaderSpec;.<clinit>()V> (0x000000009809a568) 
thrown [s\src\hotspot\share\prims\jni.cpp, line 1108]
Event: 664.906 Thread 0x000001b07eecca90 Exception <a 'java/lang/NoSuchMethodError'{0x000000009809bbe0}: static Lorg/gradle/internal/classloader/ClassLoaderSpec;.<clinit>()V> (0x000000009809bbe0) 
thrown [s\src\hotspot\share\prims\jni.cpp, line 1108]
Event: 664.930 Thread 0x000001b07eecca90 Exception <a 'java/lang/NoSuchMethodError'{0x00000000980addc0}: static Lorg/gradle/internal/classloader/ClassLoaderSpec;.<clinit>()V> (0x00000000980addc0) 
thrown [s\src\hotspot\share\prims\jni.cpp, line 1108]
Event: 664.953 Thread 0x000001b07eecca90 Exception <a 'java/lang/NoSuchMethodError'{0x00000000980b9bb0}: static Lorg/gradle/internal/classloader/VisitableURLClassLoader$Spec;.<clinit>()V> (0x00000000980b9bb0) 
thrown [s\src\hotspot\share\prims\jni.cpp, line 1108]
Event: 664.980 Thread 0x000001b07eecca90 Exception <a 'java/io/IOException'{0x00000000980c6af8}: Connection reset by peer> (0x00000000980c6af8) 
thrown [s\src\hotspot\share\prims\jni.cpp, line 536]
Event: 664.981 Thread 0x000001b07eecca90 Exception <a 'java/io/IOException'{0x00000000980c8210}: Connection reset by peer> (0x00000000980c8210) 
thrown [s\src\hotspot\share\prims\jni.cpp, line 536]
Event: 664.982 Thread 0x000001b07eecca90 Exception <a 'java/io/IOException'{0x00000000980c9928}: Connection reset by peer> (0x00000000980c9928) 
thrown [s\src\hotspot\share\prims\jni.cpp, line 536]
Event: 664.982 Thread 0x000001b07eecca90 Exception <a 'java/io/IOException'{0x00000000980caaf0}: Connection reset by peer> (0x00000000980caaf0) 
thrown [s\src\hotspot\share\prims\jni.cpp, line 536]
Event: 665.005 Thread 0x000001b07eecca90 Exception <a 'java/io/IOException'{0x00000000980e4ad0}: Connection reset by peer> (0x00000000980e4ad0) 
thrown [s\src\hotspot\share\prims\jni.cpp, line 536]
Event: 665.008 Thread 0x000001b07eecca90 Exception <a 'java/io/IOException'{0x00000000980e7990}: Connection reset by peer> (0x00000000980e7990) 
thrown [s\src\hotspot\share\prims\jni.cpp, line 536]

VM Operations (20 events):
Event: 664.602 Executing VM operation: HandshakeAllThreads done
Event: 664.636 Executing VM operation: HandshakeAllThreads
Event: 664.636 Executing VM operation: HandshakeAllThreads done
Event: 665.636 Executing VM operation: Cleanup
Event: 665.637 Executing VM operation: Cleanup done
Event: 668.638 Executing VM operation: Cleanup
Event: 668.638 Executing VM operation: Cleanup done
Event: 677.643 Executing VM operation: Cleanup
Event: 677.643 Executing VM operation: Cleanup done
Event: 702.651 Executing VM operation: Cleanup
Event: 702.651 Executing VM operation: Cleanup done
Event: 718.660 Executing VM operation: Cleanup
Event: 718.660 Executing VM operation: Cleanup done
Event: 772.690 Executing VM operation: Cleanup
Event: 772.690 Executing VM operation: Cleanup done
Event: 816.723 Executing VM operation: Cleanup
Event: 816.724 Executing VM operation: Cleanup done
Event: 820.725 Executing VM operation: Cleanup
Event: 820.725 Executing VM operation: Cleanup done
Event: 822.726 Executing VM operation: Cleanup

Events (20 events):
Event: 820.917 Thread 0x000001b077465780 Thread added: 0x000001b077465780
Event: 820.917 Thread 0x000001b077464440 Thread added: 0x000001b077464440
Event: 820.917 Thread 0x000001b077465c50 Thread added: 0x000001b077465c50
Event: 820.918 Thread 0x000001b077462290 Thread added: 0x000001b077462290
Event: 820.918 Thread 0x000001b077463aa0 Thread added: 0x000001b077463aa0
Event: 820.919 Thread 0x000001b077463100 Thread added: 0x000001b077463100
Event: 820.919 Thread 0x000001b07eec9e60 Thread added: 0x000001b07eec9e60
Event: 820.919 Thread 0x000001b07eec8180 Thread added: 0x000001b07eec8180
Event: 820.920 Thread 0x000001b07eec8b20 Thread added: 0x000001b07eec8b20
Event: 820.921 Thread 0x000001b07eec94c0 Thread added: 0x000001b07eec94c0
Event: 820.921 Thread 0x000001b07eec7310 Thread added: 0x000001b07eec7310
Event: 820.922 Thread 0x000001b07eeca800 Thread added: 0x000001b07eeca800
Event: 820.922 Thread 0x000001b07eec77e0 Thread added: 0x000001b07eec77e0
Event: 820.923 Thread 0x000001b07eec7cb0 Thread added: 0x000001b07eec7cb0
Event: 820.923 Thread 0x000001b07e846a00 Thread added: 0x000001b07e846a00
Event: 820.924 Thread 0x000001b07e847870 Thread added: 0x000001b07e847870
Event: 820.925 Thread 0x000001b07eec9990 Thread added: 0x000001b07eec9990
Event: 820.925 Thread 0x000001b07eec8650 Thread added: 0x000001b07eec8650
Event: 821.746 Thread 0x000001b0771c5f90 Thread exited: 0x000001b0771c5f90
Event: 821.746 Thread 0x000001b0771c5a80 Thread exited: 0x000001b0771c5a80


Dynamic libraries:
0x00007ff69aa30000 - 0x00007ff69aa3a000 	C:\Program Files\Android\Android Studio\jbr\bin\java.exe
0x00007ff96f020000 - 0x00007ff96f287000 	C:\WINDOWS\SYSTEM32\ntdll.dll
0x00007ff96d5f0000 - 0x00007ff96d6b9000 	C:\WINDOWS\System32\KERNEL32.DLL
0x00007ff96bb10000 - 0x00007ff96bf04000 	C:\WINDOWS\System32\KERNELBASE.dll
0x00007ff96bfa0000 - 0x00007ff96c0eb000 	C:\WINDOWS\System32\ucrtbase.dll
0x00007ff9417b0000 - 0x00007ff9417c7000 	C:\Program Files\Android\Android Studio\jbr\bin\jli.dll
0x00007ff94a6f0000 - 0x00007ff94a70b000 	C:\Program Files\Android\Android Studio\jbr\bin\VCRUNTIME140.dll
0x00007ff96ebe0000 - 0x00007ff96eda5000 	C:\WINDOWS\System32\USER32.dll
0x00007ff96cd80000 - 0x00007ff96cda7000 	C:\WINDOWS\System32\win32u.dll
0x00007ff94dc60000 - 0x00007ff94def3000 	C:\WINDOWS\WinSxS\amd64_microsoft.windows.common-controls_6595b64144ccf1df_6.0.26100.8115_none_3e075c82e3354f9c\COMCTL32.dll
0x00007ff96de30000 - 0x00007ff96de5b000 	C:\WINDOWS\System32\GDI32.dll
0x00007ff96ce20000 - 0x00007ff96cec9000 	C:\WINDOWS\System32\msvcrt.dll
0x00007ff96c1a0000 - 0x00007ff96c2cb000 	C:\WINDOWS\System32\gdi32full.dll
0x00007ff96ba60000 - 0x00007ff96bb03000 	C:\WINDOWS\System32\msvcp_win.dll
0x00007ff96ced0000 - 0x00007ff96cf02000 	C:\WINDOWS\System32\IMM32.DLL
0x00007ff9544b0000 - 0x00007ff9544bc000 	C:\Program Files\Android\Android Studio\jbr\bin\vcruntime140_1.dll
0x00007ff927070000 - 0x00007ff9270fd000 	C:\Program Files\Android\Android Studio\jbr\bin\msvcp140.dll
0x00007ff864020000 - 0x00007ff864c8e000 	C:\Program Files\Android\Android Studio\jbr\bin\server\jvm.dll
0x00007ff96d530000 - 0x00007ff96d5e6000 	C:\WINDOWS\System32\ADVAPI32.dll
0x00007ff96d260000 - 0x00007ff96d307000 	C:\WINDOWS\System32\sechost.dll
0x00007ff96e410000 - 0x00007ff96e528000 	C:\WINDOWS\System32\RPCRT4.dll
0x00007ff969860000 - 0x00007ff969896000 	C:\WINDOWS\SYSTEM32\WINMM.dll
0x00007ff958430000 - 0x00007ff95843b000 	C:\WINDOWS\SYSTEM32\VERSION.dll
0x00007ff9423c0000 - 0x00007ff9423ca000 	C:\WINDOWS\SYSTEM32\WSOCK32.dll
0x00007ff96edb0000 - 0x00007ff96ee30000 	C:\WINDOWS\System32\WS2_32.dll
0x00007ff96a620000 - 0x00007ff96a63b000 	C:\WINDOWS\SYSTEM32\kernel.appcore.dll
0x00007ff958330000 - 0x00007ff95833a000 	C:\Program Files\Android\Android Studio\jbr\bin\jimage.dll
0x00007ff969570000 - 0x00007ff9697b2000 	C:\WINDOWS\SYSTEM32\DBGHELP.DLL
0x00007ff96e570000 - 0x00007ff96e8f2000 	C:\WINDOWS\System32\combase.dll
0x00007ff96e330000 - 0x00007ff96e408000 	C:\WINDOWS\System32\OLEAUT32.dll
0x00007ff969820000 - 0x00007ff96985b000 	C:\WINDOWS\SYSTEM32\dbgcore.DLL
0x00007ff96c0f0000 - 0x00007ff96c195000 	C:\WINDOWS\System32\bcryptPrimitives.dll
0x00007ff94f060000 - 0x00007ff94f085000 	C:\Program Files\Android\Android Studio\jbr\bin\java.dll
0x00007ff94e920000 - 0x00007ff94e938000 	C:\Program Files\Android\Android Studio\jbr\bin\zip.dll
0x00007ff96d6c0000 - 0x00007ff96de27000 	C:\WINDOWS\System32\SHELL32.dll
0x00007ff96b8f0000 - 0x00007ff96ba5a000 	C:\WINDOWS\System32\wintypes.dll
0x00007ff96c510000 - 0x00007ff96cd78000 	C:\WINDOWS\System32\windows.storage.dll
0x00007ff96cf20000 - 0x00007ff96d018000 	C:\WINDOWS\System32\SHCORE.dll
0x00007ff96cdb0000 - 0x00007ff96ce16000 	C:\WINDOWS\System32\shlwapi.dll
0x00007ff96b810000 - 0x00007ff96b839000 	C:\WINDOWS\SYSTEM32\profapi.dll
0x00007ff94bcf0000 - 0x00007ff94bd09000 	C:\Program Files\Android\Android Studio\jbr\bin\net.dll
0x00007ff964870000 - 0x00007ff96499d000 	C:\WINDOWS\SYSTEM32\WINHTTP.dll
0x00007ff96abf0000 - 0x00007ff96ac5c000 	C:\WINDOWS\system32\mswsock.dll
0x00007ff94b900000 - 0x00007ff94b916000 	C:\Program Files\Android\Android Studio\jbr\bin\nio.dll
0x00007ff958320000 - 0x00007ff958330000 	C:\Program Files\Android\Android Studio\jbr\bin\verify.dll
0x00007ff95bf20000 - 0x00007ff95bf47000 	C:\Users\Ashley (etu-arakoto)\.gradle\native\68d5fa5c4cc2d200863cafc0d521ce42e7d3e7ee720ec0a83991735586a16f82\windows-amd64\native-platform.dll
0x00007ff91ff30000 - 0x00007ff920074000 	C:\Users\Ashley (etu-arakoto)\.gradle\native\e376f236ea51e6404a007f0833ffe2c6e607c4080706a723a18a27aeea778392\windows-amd64\native-platform-file-events.dll
0x00007ff958010000 - 0x00007ff958019000 	C:\Program Files\Android\Android Studio\jbr\bin\management.dll
0x00007ff957f90000 - 0x00007ff957f9b000 	C:\Program Files\Android\Android Studio\jbr\bin\management_ext.dll
0x00007ff96e300000 - 0x00007ff96e308000 	C:\WINDOWS\System32\PSAPI.DLL
0x00007ff96aed0000 - 0x00007ff96aeeb000 	C:\WINDOWS\SYSTEM32\CRYPTSP.dll
0x00007ff96a5e0000 - 0x00007ff96a619000 	C:\WINDOWS\system32\rsaenh.dll
0x00007ff96aca0000 - 0x00007ff96acd3000 	C:\WINDOWS\SYSTEM32\USERENV.dll
0x00007ff96b7e0000 - 0x00007ff96b80a000 	C:\WINDOWS\SYSTEM32\bcrypt.dll
0x00007ff96aef0000 - 0x00007ff96aefc000 	C:\WINDOWS\SYSTEM32\CRYPTBASE.dll
0x00007ff96a030000 - 0x00007ff96a062000 	C:\WINDOWS\SYSTEM32\IPHLPAPI.DLL
0x00007ff96e2f0000 - 0x00007ff96e2fa000 	C:\WINDOWS\System32\NSI.dll
0x00007ff965180000 - 0x00007ff96519d000 	C:\WINDOWS\SYSTEM32\dhcpcsvc6.DLL
0x00007ff965150000 - 0x00007ff965175000 	C:\WINDOWS\SYSTEM32\dhcpcsvc.DLL
0x00007ff96a0c0000 - 0x00007ff96a1f2000 	C:\WINDOWS\SYSTEM32\DNSAPI.dll
0x00007ff92ec40000 - 0x00007ff92ec48000 	C:\WINDOWS\system32\wshunix.dll
0x00007ff9431b0000 - 0x00007ff9431c8000 	C:\WINDOWS\system32\napinsp.dll
0x00007ff943010000 - 0x00007ff943023000 	C:\WINDOWS\System32\winrnr.dll
0x00007ff942fe0000 - 0x00007ff943002000 	C:\WINDOWS\system32\nlansp_c.dll
0x00007ff942fc0000 - 0x00007ff942fd6000 	C:\WINDOWS\system32\wshbth.dll
0x00007ff964ba0000 - 0x00007ff964bab000 	C:\Windows\System32\rasadhlp.dll
0x00007ff965be0000 - 0x00007ff965c66000 	C:\WINDOWS\System32\fwpuclnt.dll
0x00007ff957fd0000 - 0x00007ff957fee000 	C:\Users\Ashley (etu-arakoto)\AppData\Local\Temp\native-platform3902833321935209523dir\native-platform.dll
0x00007ff957fc0000 - 0x00007ff957fc7000 	C:\Program Files\Android\Android Studio\jbr\bin\rmi.dll

dbghelp: loaded successfully - version: 4.0.5 - missing functions: none
symbol engine: initialized successfully - sym options: 0x614 - pdb path: .;C:\Program Files\Android\Android Studio\jbr\bin;C:\WINDOWS\SYSTEM32;C:\WINDOWS\WinSxS\amd64_microsoft.windows.common-controls_6595b64144ccf1df_6.0.26100.8115_none_3e075c82e3354f9c;C:\Program Files\Android\Android Studio\jbr\bin\server;C:\Users\Ashley (etu-arakoto)\.gradle\native\68d5fa5c4cc2d200863cafc0d521ce42e7d3e7ee720ec0a83991735586a16f82\windows-amd64;C:\Users\Ashley (etu-arakoto)\.gradle\native\e376f236ea51e6404a007f0833ffe2c6e607c4080706a723a18a27aeea778392\windows-amd64;C:\Users\Ashley (etu-arakoto)\AppData\Local\Temp\native-platform3902833321935209523dir

VM Arguments:
jvm_args: --add-opens=java.base/java.util=ALL-UNNAMED --add-opens=java.base/java.lang=ALL-UNNAMED --add-opens=java.base/java.lang.invoke=ALL-UNNAMED --add-opens=java.prefs/java.util.prefs=ALL-UNNAMED --add-opens=java.base/java.nio.charset=ALL-UNNAMED --add-opens=java.base/java.net=ALL-UNNAMED --add-opens=java.base/java.util.concurrent.atomic=ALL-UNNAMED -Xmx2048m -Dfile.encoding=UTF-8 -Duser.country=FR -Duser.language=fr -Duser.variant 
java_command: org.gradle.launcher.daemon.bootstrap.GradleDaemon 8.0
java_class_path (initial): C:\Users\Ashley (etu-arakoto)\.gradle\wrapper\dists\gradle-8.0-bin\ca5e32bp14vu59qr306oxotwh\gradle-8.0\lib\gradle-launcher-8.0.jar
Launcher Type: SUN_STANDARD

[Global flags]
     intx CICompilerCount                          = 4                                         {product} {ergonomic}
     uint ConcGCThreads                            = 3                                         {product} {ergonomic}
     uint G1ConcRefinementThreads                  = 10                                        {product} {ergonomic}
   size_t G1HeapRegionSize                         = 1048576                                   {product} {ergonomic}
    uintx GCDrainStackTargetSize                   = 64                                        {product} {ergonomic}
   size_t InitialHeapSize                          = 264241152                                 {product} {ergonomic}
   size_t MarkStackSize                            = 4194304                                   {product} {ergonomic}
   size_t MaxHeapSize                              = 2147483648                                {product} {command line}
   size_t MaxNewSize                               = 1287651328                                {product} {ergonomic}
   size_t MinHeapDeltaBytes                        = 1048576                                   {product} {ergonomic}
   size_t MinHeapSize                              = 8388608                                   {product} {ergonomic}
    uintx NonNMethodCodeHeapSize                   = 5839372                                {pd product} {ergonomic}
    uintx NonProfiledCodeHeapSize                  = 122909434                              {pd product} {ergonomic}
    uintx ProfiledCodeHeapSize                     = 122909434                              {pd product} {ergonomic}
    uintx ReservedCodeCacheSize                    = 251658240                              {pd product} {ergonomic}
     bool SegmentedCodeCache                       = true                                      {product} {ergonomic}
   size_t SoftMaxHeapSize                          = 2147483648                             {manageable} {ergonomic}
     bool UseCompressedClassPointers               = true                           {product lp64_product} {ergonomic}
     bool UseCompressedOops                        = true                           {product lp64_product} {ergonomic}
     bool UseG1GC                                  = true                                      {product} {ergonomic}
     bool UseLargePagesIndividualAllocation        = false                                  {pd product} {ergonomic}

Logging:
Log output configuration:
 #0: stdout all=warning uptime,level,tags
 #1: stderr all=off uptime,level,tags

Environment Variables:
PATH=C:\Program Files\Eclipse Adoptium\jdk-21.0.3.9-hotspot\bin;C:\Python312\Scripts\;C:\Python312\;C:\Program Files (x86)\Common Files\Oracle\Java\javapath;C:\WINDOWS\system32;C:\WINDOWS;C:\WINDOWS\System32\Wbem;C:\WINDOWS\System32\WindowsPowerShell\v1.0\;C:\WINDOWS\System32\OpenSSH\;C:\Program Files\dotnet\;C:\Program Files\Microsoft SQL Server\150\Tools\Binn\;C:\Program Files\Microsoft SQL Server\Client SDK\ODBC\170\Tools\Binn\;C:\Program Files\MongoDB\mongosh-2.0.1-win32-x64\bin;C:\ProgramData\chocolatey\bin;C:\Program Files\k6\;C:\Program Files\Git\cmd;C:\Program Files\PuTTY\;C:\composer;C:\xampp\mysql\bin\mysql.exe;C:\Program Files\Go\bin;C:\Program Files\Docker\Docker\resources\bin;C:\Users\Ashley (etu-arakoto)\AppData\Local\nvm;C:\nvm4w\nodejs;C:\Program Files (x86)\Microsoft SQL Server\160\Tools\Binn\;C:\Program Files\Microsoft SQL Server\160\Tools\Binn\;C:\Program Files\Microsoft SQL Server\160\DTS\Binn\;C:\Ruby33-x64\bin;C:\Users\Ashley (etu-arakoto)\.cargo\bin;C:\Users\Ashley (etu-arakoto)\AppData\Local\Microsoft\WindowsApps;C:\Users\Ashley (etu-arakoto)\AppData\Local\Programs\Microsoft VS Code\bin;C:\Users\Ashley (etu-arakoto)\.dotnet\tools;C:\Program Files\MongoDB\Server\7.0\bin;C:\Users\Ashley (etu-arakoto)\AppData\Roaming\npm;C:\dartsdk-windows-x64-release\dart-sdk\bin;C:\PHP;C:\Users\Ashley (etu-arakoto)\AppData\Roaming\Composer\vendor\bin;C:\composer;C:\xampp\mysql\bin;C:\Program Files (x86)\Java\jre-1.8\bin;C:\Users\Ashley (etu-arakoto)\AppData\Roaming\Programs\Zero Install;C:\Users\Ashley (etu-arakoto)\go\bin;C:\Program Files\Go\bin;C:\apache-maven-3.9.9-bin\apache-maven-3.9.9\bin;C:\spring-3.3.5\bin;C:\kotlinc\bin;C:\gradle-8.12\bin;C:\Program Files\PostgreSQL\16\bin;C:\Users\Ashley (etu-arakoto)\AppData\Local\Microsoft\WindowsApps;C:\Python312\Scripts;C:\sqlite3;C:\stripe_1.29.0_windows_x86_64;C:\flutter_windows_3.13.6-stable\flutter\bin;C:\Users\Ashley (etu-arakoto)\AppData\Local\nvm;C:\nvm4w\nodejs
USERNAME=Ashley (etu-arakoto)
OS=Windows_NT
PROCESSOR_IDENTIFIER=Intel64 Family 6 Model 186 Stepping 3, GenuineIntel
TMP=C:\Users\ASHLEY~1\AppData\Local\Temp
TEMP=C:\Users\ASHLEY~1\AppData\Local\Temp


JNI global refs:
JNI global refs: 27, weak refs: 3

JNI global refs memory usage: 843, weak refs: 841


---------------  S Y S T E M  ---------------

OS:
 Windows 11 , 64 bit Build 26100 (10.0.26100.8246)
OS uptime: 7 days 13:51 hours
Hyper-V role detected

CPU: total 12 (initial active 12) (6 cores per cpu, 2 threads per core) family 6 model 186 stepping 3 microcode 0x6134, cx8, cmov, fxsr, ht, mmx, 3dnowpref, sse, sse2, sse3, ssse3, sse4.1, sse4.2, popcnt, lzcnt, tsc, tscinvbit, avx, avx2, aes, erms, clmul, bmi1, bmi2, adx, sha, fma, vzeroupper, clflush, clflushopt, clwb, hv

Memory: 4k page, system-wide physical 16068M (938M free)
TotalPageFile size 65220M (AvailPageFile size 0M)
current process WorkingSet (physical memory assigned to process): 297M, peak: 660M
current process commit charge ("private bytes"): 889M, peak: 983M

vm_info: OpenJDK 64-Bit Server VM (17.0.6+0-b2043.56-10027231) for windows-amd64 JRE (17.0.6+0-b2043.56-10027231), built on Apr 28 2023 00:43:19 by "androidbuild" with MS VC++ 16.10 / 16.11 (VS2019)

END.
