#
# There is insufficient memory for the Java Runtime Environment to continue.
# Native memory allocation (mmap) failed to map 689963008 bytes for G1 virtual space
# Possible reasons:
#   The system is out of physical RAM or swap space
#   The process is running with CompressedOops enabled, and the Java Heap may be blocking the growth of the native heap
# Possible solutions:
#   Reduce memory load on the system
#   Increase physical memory or swap space
#   Check if swap backing store is full
#   Decrease Java heap size (-Xmx/-Xms)
#   Decrease number of Java threads
#   Decrease Java thread stack sizes (-Xss)
#   Set larger code cache with -XX:ReservedCodeCacheSize=
#   JVM is running with Unscaled Compressed Oops mode in which the Java heap is
#     placed in the first 4GB address space. The Java Heap base address is the
#     maximum limit for the native heap growth. Please use -XX:HeapBaseMinAddress
#     to set the Java Heap base and to place the Java Heap above 4GB virtual address.
# This output file may be truncated or incomplete.
#
#  Out of Memory Error (os_windows.cpp:3769), pid=11780, tid=21336
#
# JRE version: OpenJDK Runtime Environment (17.0.6) (build 17.0.6+0-b2043.56-10027231)
# Java VM: OpenJDK 64-Bit Server VM (17.0.6+0-b2043.56-10027231, mixed mode, tiered, compressed oops, compressed class ptrs, g1 gc, windows-amd64)
# No core dump will be written. Minidumps are not enabled by default on client versions of Windows
#

---------------  S U M M A R Y ------------

Command Line: --add-opens=java.base/java.util=ALL-UNNAMED --add-opens=java.base/java.lang=ALL-UNNAMED --add-opens=java.base/java.lang.invoke=ALL-UNNAMED --add-opens=java.prefs/java.util.prefs=ALL-UNNAMED --add-opens=java.base/java.nio.charset=ALL-UNNAMED --add-opens=java.base/java.net=ALL-UNNAMED --add-opens=java.base/java.util.concurrent.atomic=ALL-UNNAMED -Xmx2048m -Dfile.encoding=UTF-8 -Duser.country=FR -Duser.language=fr -Duser.variant org.gradle.launcher.daemon.bootstrap.GradleDaemon 8.0

Host: 13th Gen Intel(R) Core(TM) i7-1355U, 12 cores, 15G,  Windows 11 , 64 bit Build 26100 (10.0.26100.8246)
Time: Mon May 18 00:08:21 2026 Paris, Madrid (heure duild 26100 (10.0.26100.8246) elapsed time: 5598.675779 seconds (0d 1h 33m 18s)

---------------  T H R E A D  ---------------

Current thread (0x0000020544056ea0):  VMThread "VM Thread" [stack: 0x0000000637200000,0x0000000637300000] [id=21336]

Stack: [0x0000000637200000,0x0000000637300000]
Native frames: (J=compiled Java code, j=interpreted, Vv=VM code, C=native code)
V  [jvm.dll+0x683c9a]
V  [jvm.dll+0x8427a4]
V  [jvm.dll+0x843f9e]
V  [jvm.dll+0x844603]
V  [jvm.dll+0x249b75]
V  [jvm.dll+0x680b69]
V  [jvm.dll+0x67505a]
V  [jvm.dll+0x309acb]
V  [jvm.dll+0x310f86]
V  [jvm.dll+0x3608ee]
V  [jvm.dll+0x360b1f]
V  [jvm.dll+0x2dfbf8]
V  [jvm.dll+0x2ddec4]
V  [jvm.dll+0x2dd4cc]
V  [jvm.dll+0x321f3b]
V  [jvm.dll+0x848ccb]
V  [jvm.dll+0x849a04]
V  [jvm.dll+0x849f1d]
V  [jvm.dll+0x84a2f4]
V  [jvm.dll+0x84a3c0]
V  [jvm.dll+0x7f274a]
V  [jvm.dll+0x682ad5]
C  [ucrtbase.dll+0x37b0]
C  [KERNEL32.DLL+0x2e8d7]
C  [ntdll.dll+0x8c3fc]

VM_Operation (0x0000000643efc210): G1CollectForAllocation, mode: safepoint, requested by thread 0x000002054878ef30


---------------  P R O C E S S  ---------------

Threads class SMR info:
_java_thread_list=0x0000020549dc4d90, length=203, elements={
0x00000205294107d0, 0x000002054405f020, 0x0000020544069660, 0x00000205440ad3a0,
0x00000205440adc60, 0x00000205440aeb30, 0x00000205440af800, 0x00000205440b0b90,
0x00000205440c73c0, 0x00000205440ca470, 0x0000020544268190, 0x0000020544268660,
0x0000020545c044a0, 0x0000020545900400, 0x000002054541c320, 0x00000205471d8090,
0x00000205471d6d50, 0x00000205471d6880, 0x00000205471d7220, 0x00000205471d63b0,
0x0000020548e85370, 0x0000020548e87050, 0x0000020548e849d0, 0x0000020548e87520,
0x0000020548e8aee0, 0x0000020548e8a070, 0x0000020548e8aa10, 0x0000020548e89ba0,
0x000002054923e2f0, 0x000002054923e7c0, 0x000002054923ec90, 0x000002054923d480,
0x000002054923cfb0, 0x000002054923cae0, 0x000002054923c610, 0x000002054923d950,
0x000002054896b470, 0x000002054896daf0, 0x000002054896b940, 0x000002054896a130,
0x0000020549c04ca0, 0x000002054ff5c950, 0x0000020546950510, 0x0000020544617b10,
0x000002054461ab30, 0x0000020549c03e30, 0x0000020544618980, 0x000002054461a190,
0x000002054461b000, 0x0000020544619320, 0x0000020544617640, 0x0000020544810b10,
0x00000205448114b0, 0x0000020544811980, 0x0000020544811e50, 0x0000020544812320,
0x00000205448127f0, 0x0000020544810640, 0x000002054480f300, 0x0000020544810fe0,
0x000002054480f7d0, 0x000002054480fca0, 0x0000020544810170, 0x000002054f713a30,
0x0000020548d0d140, 0x0000020548d0e480, 0x0000020548d0dae0, 0x0000020548d0dfb0,
0x0000020548d0d610, 0x0000020549b06140, 0x0000020549b04930, 0x0000020549b06fb0,
0x0000020549b035f0, 0x0000020549b057a0, 0x0000020549b03f90, 0x0000020549b03ac0,
0x0000020549b05c70, 0x0000020549b04460, 0x0000020549b07480, 0x0000020549b087c0,
0x0000020549b04e00, 0x0000020549b07950, 0x0000020549b07e20, 0x0000020549b052d0,
0x0000020549b09630, 0x0000020549b09b00, 0x0000020549b09fd0, 0x0000020549b0a970,
0x000002054896c2e0, 0x0000020548968df0, 0x000002054896a600, 0x000002054896aad0,
0x000002054896cc80, 0x00000205489692c0, 0x0000020548969790, 0x0000020548970170,
0x000002054896f300, 0x0000020548970640, 0x000002054896d620, 0x000002054896dfc0,
0x000002054896e490, 0x000002054896e960, 0x000002054896ee30, 0x0000020548e861e0,
0x0000020548e866b0, 0x0000020548e87ec0, 0x0000020548e84500, 0x0000020548e88860,
0x0000020548e88390, 0x0000020548e88d30, 0x0000020548e896d0, 0x0000020548e86b80,
0x000002054923f630, 0x000002054923c140, 0x0000020549241310, 0x000002054923ffd0,
0x00000205493a1490, 0x00000205493a2300, 0x00000205493a27d0, 0x0000020549242180,
0x00000205471d5ee0, 0x00000205471d8a30, 0x00000205471d76f0, 0x00000205471d8560,
0x000002054998f1d0, 0x00000205499909e0, 0x000002054998de90, 0x0000020549990510,
0x000002054998fb70, 0x000002054998d4f0, 0x000002054998d9c0, 0x000002054998ed00,
0x000002054998e360, 0x000002054998e830, 0x000002054998f6a0, 0x000002054998d020,
0x0000020549991380, 0x00000205499926c0, 0x0000020549991d20, 0x0000020549992b90,
0x0000020549991850, 0x00000205499921f0, 0x0000020549990eb0, 0x0000020549c03490,
0x0000020549c06980, 0x0000020549c05b10, 0x0000020549c047d0, 0x0000020549c02fc0,
0x0000020549c04300, 0x0000020549c064b0, 0x0000020549c05170, 0x0000020549c03960,
0x0000020549c05640, 0x0000020549c05fe0, 0x0000020550336430, 0x0000020550336900,
0x0000020550335a90, 0x0000020550335f60, 0x0000020553e838a0, 0x0000020553e84240,
0x0000020553e850b0, 0x0000020553e84be0, 0x0000020553e83d70, 0x0000020553e84710,
0x0000020555a391f0, 0x000002054f713560, 0x000002054f715710, 0x000002054f713090,
0x000002054f713f00, 0x000002054f714d70, 0x000002054f7143d0, 0x000002054f715240,
0x000002054f7148a0, 0x000002054f712220, 0x000002054f715be0, 0x0000020549993a00,
0x0000020549990040, 0x0000020548d0f2f0, 0x0000020548d0f7c0, 0x0000020548d0fc90,
0x0000020548d0c2d0, 0x0000020548d0cc70, 0x0000020548d0c7a0, 0x000002054878e0c0,
0x000002054878dbf0, 0x00000205487915b0, 0x0000020548790c10, 0x000002054878e590,
0x000002055109f370, 0x0000020555a38850, 0x00000205510a1520, 0x00000205487910e0,
0x000002054878ea60, 0x000002054878ef30, 0x000002054878f400, 0x000002054878f8d0,
0x000002054878fda0, 0x0000020548790270, 0x00000205446184b0, 0x000002054f9b8cc0,
0x000002055109fd10, 0x00000205510a06b0, 0x000002054fbe7e00
}

Java Threads: ( => current thread )
  0x00000205294107d0 JavaThread "main" [_thread_blocked, id=33152, stack(0x0000000636c00000,0x0000000636d00000)]
  0x000002054405f020 JavaThread "Reference Handler" daemon [_thread_blocked, id=33628, stack(0x0000000637300000,0x0000000637400000)]
  0x0000020544069660 JavaThread "Finalizer" daemon [_thread_blocked, id=27760, stack(0x0000000637400000,0x0000000637500000)]
  0x00000205440ad3a0 JavaThread "Signal Dispatcher" daemon [_thread_blocked, id=9916, stack(0x0000000637500000,0x0000000637600000)]
  0x00000205440adc60 JavaThread "Attach Listener" daemon [_thread_blocked, id=20852, stack(0x0000000637600000,0x0000000637700000)]
  0x00000205440aeb30 JavaThread "Service Thread" daemon [_thread_blocked, id=6056, stack(0x0000000637700000,0x0000000637800000)]
  0x00000205440af800 JavaThread "Monitor Deflation Thread" daemon [_thread_blocked, id=30564, stack(0x0000000637800000,0x0000000637900000)]
  0x00000205440b0b90 JavaThread "C2 CompilerThread0" daemon [_thread_blocked, id=34328, stack(0x0000000637900000,0x0000000637a00000)]
  0x00000205440c73c0 JavaThread "C1 CompilerThread0" daemon [_thread_blocked, id=17012, stack(0x0000000637a00000,0x0000000637b00000)]
  0x00000205440ca470 JavaThread "Sweeper thread" daemon [_thread_blocked, id=26504, stack(0x0000000637b00000,0x0000000637c00000)]
  0x0000020544268190 JavaThread "Common-Cleaner" daemon [_thread_blocked, id=7284, stack(0x0000000637c00000,0x0000000637d00000)]
  0x0000020544268660 JavaThread "Notification Thread" daemon [_thread_blocked, id=19420, stack(0x0000000637d00000,0x0000000637e00000)]
  0x0000020545c044a0 JavaThread "Daemon health stats" [_thread_blocked, id=32964, stack(0x0000000638500000,0x0000000638600000)]
  0x0000020545900400 JavaThread "Incoming local TCP Connector on port 54021" [_thread_in_native, id=34424, stack(0x0000000637f00000,0x0000000638000000)]
  0x000002054541c320 JavaThread "Daemon periodic checks" [_thread_blocked, id=33920, stack(0x0000000638600000,0x0000000638700000)]
  0x00000205471d8090 JavaThread "Cache worker for journal cache (C:\Users\Ashley (etu-arakoto)\.gradle\caches\journal-1)" [_thread_blocked, id=30700, stack(0x0000000639400000,0x0000000639500000)]
  0x00000205471d6d50 JavaThread "File lock request listener" [_thread_in_native, id=30200, stack(0x0000000639500000,0x0000000639600000)]
  0x00000205471d6880 JavaThread "Cache worker for file hash cache (C:\Users\Ashley (etu-arakoto)\.gradle\caches\8.0\fileHashes)" [_thread_blocked, id=22880, stack(0x0000000639600000,0x0000000639700000)]
  0x00000205471d7220 JavaThread "File watcher server" daemon [_thread_blocked, id=25788, stack(0x0000000639800000,0x0000000639900000)]
  0x00000205471d63b0 JavaThread "File watcher consumer" daemon [_thread_blocked, id=32436, stack(0x0000000639900000,0x0000000639a00000)]
  0x0000020548e85370 JavaThread "Cache worker for file content cache (C:\Users\Ashley (etu-arakoto)\.gradle\caches\8.0\fileContent)" [_thread_blocked, id=11124, stack(0x0000000639c00000,0x0000000639d00000)]
  0x0000020548e87050 JavaThread "Cache worker for execution history cache (C:\Users\Ashley (etu-arakoto)\.gradle\caches\8.0\executionHistory)" [_thread_blocked, id=21576, stack(0x0000000639d00000,0x0000000639e00000)]
  0x0000020548e849d0 JavaThread "jar transforms" [_thread_blocked, id=4644, stack(0x0000000639f00000,0x000000063a000000)]
  0x0000020548e87520 JavaThread "jar transforms Thread 2" [_thread_blocked, id=3432, stack(0x000000063a200000,0x000000063a300000)]
  0x0000020548e8aee0 JavaThread "Cache worker for kotlin-dsl (C:\Users\Ashley (etu-arakoto)\.gradle\caches\8.0\kotlin-dsl)" [_thread_blocked, id=33784, stack(0x000000063a100000,0x000000063a200000)]
  0x0000020548e8a070 JavaThread "jar transforms Thread 3" [_thread_blocked, id=7748, stack(0x000000063a000000,0x000000063a100000)]
  0x0000020548e8aa10 JavaThread "jar transforms Thread 4" [_thread_blocked, id=34536, stack(0x000000063a300000,0x000000063a400000)]
  0x0000020548e89ba0 JavaThread "jar transforms Thread 5" [_thread_blocked, id=31648, stack(0x000000063a600000,0x000000063a700000)]
  0x000002054923e2f0 JavaThread "jar transforms Thread 6" [_thread_blocked, id=20340, stack(0x0000000640600000,0x0000000640700000)]
  0x000002054923e7c0 JavaThread "jar transforms Thread 7" [_thread_blocked, id=8032, stack(0x0000000642000000,0x0000000642100000)]
  0x000002054923ec90 JavaThread "jar transforms Thread 8" [_thread_blocked, id=34444, stack(0x0000000642100000,0x0000000642200000)]
  0x000002054923d480 JavaThread "jar transforms Thread 9" [_thread_blocked, id=34076, stack(0x0000000642200000,0x0000000642300000)]
  0x000002054923cfb0 JavaThread "jar transforms Thread 10" [_thread_blocked, id=31812, stack(0x0000000642300000,0x0000000642400000)]
  0x000002054923cae0 JavaThread "jar transforms Thread 11" [_thread_blocked, id=26420, stack(0x0000000642400000,0x0000000642500000)]
  0x000002054923c610 JavaThread "jar transforms Thread 12" [_thread_blocked, id=30660, stack(0x0000000642500000,0x0000000642600000)]
  0x000002054923d950 JavaThread "Memory manager" [_thread_blocked, id=16004, stack(0x0000000642a00000,0x0000000642b00000)]
  0x000002054896b470 JavaThread "RMI Scheduler(0)" daemon [_thread_blocked, id=34936, stack(0x0000000642900000,0x0000000642a00000)]
  0x000002054896daf0 JavaThread "RMI GC Daemon" daemon [_thread_blocked, id=34944, stack(0x0000000644300000,0x0000000644400000)]
  0x000002054896b940 JavaThread "RMI TCP Accept-0" daemon [_thread_in_native, id=34960, stack(0x0000000644400000,0x0000000644500000)]
  0x000002054896a130 JavaThread "RMI Reaper" [_thread_blocked, id=34964, stack(0x0000000644500000,0x0000000644600000)]
  0x0000020549c04ca0 JavaThread "ForkJoinPool.commonPool-worker-42" daemon [_thread_blocked, id=16508, stack(0x0000000643500000,0x0000000643600000)]
  0x000002054ff5c950 JavaThread "RMI TCP Connection(55)-127.0.0.1" daemon [_thread_in_native, id=30004, stack(0x0000000636900000,0x0000000636a00000)]
  0x0000020546950510 JavaThread "Daemon Thread 10" [_thread_blocked, id=19648, stack(0x0000000636a00000,0x0000000636b00000)]
  0x0000020544617b10 JavaThread "Handler for socket connection from /127.0.0.1:54021 to /127.0.0.1:58404" [_thread_in_native, id=27076, stack(0x0000000636b00000,0x0000000636c00000)]
  0x000002054461ab30 JavaThread "Cancel handler" [_thread_blocked, id=33060, stack(0x0000000638700000,0x0000000638800000)]
  0x0000020549c03e30 JavaThread "Daemon worker Thread 10" [_thread_blocked, id=30072, stack(0x0000000638800000,0x0000000638900000)]
  0x0000020544618980 JavaThread "Asynchronous log dispatcher for DefaultDaemonConnection: socket connection from /127.0.0.1:54021 to /127.0.0.1:58404" [_thread_blocked, id=14488, stack(0x0000000638900000,0x0000000638a00000)]
  0x000002054461a190 JavaThread "Stdin handler" [_thread_blocked, id=31540, stack(0x0000000638a00000,0x0000000638b00000)]
  0x000002054461b000 JavaThread "Daemon client event forwarder" [_thread_blocked, id=32644, stack(0x0000000638b00000,0x0000000638c00000)]
  0x0000020544619320 JavaThread "Cache worker for checksums cache (C:\Users\Ashley (etu-arakoto)\Documents\Informatique\suivi_candidatures\candidatures_android\.gradle\8.0\checksums)" [_thread_blocked, id=31576, stack(0x0000000638c00000,0x0000000638d00000)]
  0x0000020544617640 JavaThread "Cache worker for cache directory md-rule (C:\Users\Ashley (etu-arakoto)\.gradle\caches\8.0\md-rule)" [_thread_blocked, id=1396, stack(0x0000000638e00000,0x0000000638f00000)]
  0x0000020544810b10 JavaThread "Cache worker for file hash cache (C:\Users\Ashley (etu-arakoto)\Documents\Informatique\suivi_candidatures\candidatures_android\.gradle\8.0\fileHashes)" [_thread_blocked, id=2756, stack(0x0000000639700000,0x0000000639800000)]
  0x00000205448114b0 JavaThread "Cache worker for cache directory md-supplier (C:\Users\Ashley (etu-arakoto)\.gradle\caches\8.0\md-supplier)" [_thread_blocked, id=14888, stack(0x0000000639a00000,0x0000000639b00000)]
  0x0000020544811980 JavaThread "Cache worker for dependencies-accessors (C:\Users\Ashley (etu-arakoto)\Documents\Informatique\suivi_candidatures\candidatures_android\.gradle\8.0\dependencies-accessors)" [_thread_blocked, id=33756, stack(0x0000000639b00000,0x0000000639c00000)]
  0x0000020544811e50 JavaThread "Cache worker for Build Output Cleanup Cache (C:\Users\Ashley (etu-arakoto)\Documents\Informatique\suivi_candidatures\candidatures_android\.gradle\buildOutputCleanup)" [_thread_blocked, id=12740, stack(0x0000000639e00000,0x0000000639f00000)]
  0x0000020544812320 JavaThread "Unconstrained build operations" [_thread_blocked, id=27712, stack(0x000000063a400000,0x000000063a500000)]
  0x00000205448127f0 JavaThread "Unconstrained build operations Thread 2" [_thread_blocked, id=31704, stack(0x000000063a500000,0x000000063a600000)]
  0x0000020544810640 JavaThread "Unconstrained build operations Thread 3" [_thread_blocked, id=33804, stack(0x000000063a700000,0x000000063a800000)]
  0x000002054480f300 JavaThread "Unconstrained build operations Thread 4" [_thread_blocked, id=26928, stack(0x000000063a800000,0x000000063a900000)]
  0x0000020544810fe0 JavaThread "Unconstrained build operations Thread 5" [_thread_blocked, id=33380, stack(0x000000063a900000,0x000000063aa00000)]
  0x000002054480f7d0 JavaThread "Unconstrained build operations Thread 6" [_thread_blocked, id=16324, stack(0x000000063aa00000,0x000000063ab00000)]
  0x000002054480fca0 JavaThread "Unconstrained build operations Thread 7" [_thread_blocked, id=9872, stack(0x000000063ab00000,0x000000063ac00000)]
  0x0000020544810170 JavaThread "Unconstrained build operations Thread 8" [_thread_blocked, id=7720, stack(0x000000063ac00000,0x000000063ad00000)]
  0x000002054f713a30 JavaThread "Unconstrained build operations Thread 9" [_thread_blocked, id=15196, stack(0x000000063ad00000,0x000000063ae00000)]
  0x0000020548d0d140 JavaThread "Unconstrained build operations Thread 10" [_thread_blocked, id=6380, stack(0x000000063ae00000,0x000000063af00000)]
  0x0000020548d0e480 JavaThread "Unconstrained build operations Thread 11" [_thread_blocked, id=34352, stack(0x000000063af00000,0x000000063b000000)]
  0x0000020548d0dae0 JavaThread "Unconstrained build operations Thread 12" [_thread_blocked, id=4936, stack(0x000000063b000000,0x000000063b100000)]
  0x0000020548d0dfb0 JavaThread "Unconstrained build operations Thread 13" [_thread_blocked, id=27792, stack(0x000000063b100000,0x000000063b200000)]
  0x0000020548d0d610 JavaThread "Unconstrained build operations Thread 14" [_thread_blocked, id=23400, stack(0x000000063b200000,0x000000063b300000)]
  0x0000020549b06140 JavaThread "Unconstrained build operations Thread 15" [_thread_blocked, id=11012, stack(0x000000063b300000,0x000000063b400000)]
  0x0000020549b04930 JavaThread "Unconstrained build operations Thread 16" [_thread_blocked, id=25836, stack(0x000000063b400000,0x000000063b500000)]
  0x0000020549b06fb0 JavaThread "Unconstrained build operations Thread 17" [_thread_blocked, id=34120, stack(0x000000063b500000,0x000000063b600000)]
  0x0000020549b035f0 JavaThread "Unconstrained build operations Thread 18" [_thread_blocked, id=15844, stack(0x000000063b600000,0x000000063b700000)]
  0x0000020549b057a0 JavaThread "Unconstrained build operations Thread 19" [_thread_blocked, id=20112, stack(0x000000063b700000,0x000000063b800000)]
  0x0000020549b03f90 JavaThread "Unconstrained build operations Thread 20" [_thread_blocked, id=33304, stack(0x000000063b800000,0x000000063b900000)]
  0x0000020549b03ac0 JavaThread "Unconstrained build operations Thread 21" [_thread_blocked, id=25732, stack(0x000000063b900000,0x000000063ba00000)]
  0x0000020549b05c70 JavaThread "Unconstrained build operations Thread 22" [_thread_blocked, id=29140, stack(0x000000063ba00000,0x000000063bb00000)]
  0x0000020549b04460 JavaThread "Unconstrained build operations Thread 23" [_thread_blocked, id=10332, stack(0x000000063bb00000,0x000000063bc00000)]
  0x0000020549b07480 JavaThread "Unconstrained build operations Thread 24" [_thread_blocked, id=33488, stack(0x000000063bc00000,0x000000063bd00000)]
  0x0000020549b087c0 JavaThread "Unconstrained build operations Thread 25" [_thread_blocked, id=34104, stack(0x000000063bd00000,0x000000063be00000)]
  0x0000020549b04e00 JavaThread "Unconstrained build operations Thread 26" [_thread_blocked, id=12940, stack(0x000000063be00000,0x000000063bf00000)]
  0x0000020549b07950 JavaThread "Unconstrained build operations Thread 27" [_thread_blocked, id=30260, stack(0x000000063bf00000,0x000000063c000000)]
  0x0000020549b07e20 JavaThread "Unconstrained build operations Thread 28" [_thread_blocked, id=32060, stack(0x000000063c000000,0x000000063c100000)]
  0x0000020549b052d0 JavaThread "Unconstrained build operations Thread 29" [_thread_blocked, id=8944, stack(0x000000063c100000,0x000000063c200000)]
  0x0000020549b09630 JavaThread "Unconstrained build operations Thread 30" [_thread_blocked, id=32000, stack(0x000000063c200000,0x000000063c300000)]
  0x0000020549b09b00 JavaThread "Unconstrained build operations Thread 31" [_thread_blocked, id=19844, stack(0x000000063c300000,0x000000063c400000)]
  0x0000020549b09fd0 JavaThread "Unconstrained build operations Thread 32" [_thread_blocked, id=34148, stack(0x000000063c400000,0x000000063c500000)]
  0x0000020549b0a970 JavaThread "Unconstrained build operations Thread 33" [_thread_blocked, id=16028, stack(0x000000063c500000,0x000000063c600000)]
  0x000002054896c2e0 JavaThread "Unconstrained build operations Thread 34" [_thread_blocked, id=16008, stack(0x000000063c600000,0x000000063c700000)]
  0x0000020548968df0 JavaThread "Unconstrained build operations Thread 35" [_thread_blocked, id=5288, stack(0x000000063c700000,0x000000063c800000)]
  0x000002054896a600 JavaThread "Unconstrained build operations Thread 36" [_thread_blocked, id=15924, stack(0x000000063c800000,0x000000063c900000)]
  0x000002054896aad0 JavaThread "Unconstrained build operations Thread 37" [_thread_blocked, id=9816, stack(0x000000063c900000,0x000000063ca00000)]
  0x000002054896cc80 JavaThread "Unconstrained build operations Thread 38" [_thread_blocked, id=18544, stack(0x000000063ca00000,0x000000063cb00000)]
  0x00000205489692c0 JavaThread "Unconstrained build operations Thread 39" [_thread_blocked, id=27200, stack(0x000000063cb00000,0x000000063cc00000)]
  0x0000020548969790 JavaThread "Unconstrained build operations Thread 40" [_thread_blocked, id=34164, stack(0x000000063cc00000,0x000000063cd00000)]
  0x0000020548970170 JavaThread "Unconstrained build operations Thread 41" [_thread_blocked, id=35132, stack(0x000000063cd00000,0x000000063ce00000)]
  0x000002054896f300 JavaThread "Unconstrained build operations Thread 42" [_thread_blocked, id=8292, stack(0x000000063ce00000,0x000000063cf00000)]
  0x0000020548970640 JavaThread "Unconstrained build operations Thread 43" [_thread_blocked, id=2620, stack(0x000000063cf00000,0x000000063d000000)]
  0x000002054896d620 JavaThread "Unconstrained build operations Thread 44" [_thread_blocked, id=32124, stack(0x000000063d000000,0x000000063d100000)]
  0x000002054896dfc0 JavaThread "Unconstrained build operations Thread 45" [_thread_blocked, id=32448, stack(0x000000063d100000,0x000000063d200000)]
  0x000002054896e490 JavaThread "Unconstrained build operations Thread 46" [_thread_blocked, id=980, stack(0x000000063d200000,0x000000063d300000)]
  0x000002054896e960 JavaThread "Unconstrained build operations Thread 47" [_thread_blocked, id=16520, stack(0x000000063d300000,0x000000063d400000)]
  0x000002054896ee30 JavaThread "Unconstrained build operations Thread 48" [_thread_blocked, id=15652, stack(0x000000063d400000,0x000000063d500000)]
  0x0000020548e861e0 JavaThread "Unconstrained build operations Thread 49" [_thread_blocked, id=15012, stack(0x000000063d500000,0x000000063d600000)]
  0x0000020548e866b0 JavaThread "Unconstrained build operations Thread 50" [_thread_blocked, id=19524, stack(0x000000063d600000,0x000000063d700000)]
  0x0000020548e87ec0 JavaThread "Unconstrained build operations Thread 51" [_thread_blocked, id=32528, stack(0x000000063d700000,0x000000063d800000)]
  0x0000020548e84500 JavaThread "Unconstrained build operations Thread 52" [_thread_blocked, id=16648, stack(0x000000063d800000,0x000000063d900000)]
  0x0000020548e88860 JavaThread "Unconstrained build operations Thread 53" [_thread_blocked, id=33564, stack(0x000000063d900000,0x000000063da00000)]
  0x0000020548e88390 JavaThread "Unconstrained build operations Thread 54" [_thread_blocked, id=31096, stack(0x000000063da00000,0x000000063db00000)]
  0x0000020548e88d30 JavaThread "Unconstrained build operations Thread 55" [_thread_blocked, id=35048, stack(0x000000063db00000,0x000000063dc00000)]
  0x0000020548e896d0 JavaThread "Unconstrained build operations Thread 56" [_thread_blocked, id=28004, stack(0x000000063dc00000,0x000000063dd00000)]
  0x0000020548e86b80 JavaThread "Unconstrained build operations Thread 57" [_thread_blocked, id=33076, stack(0x000000063dd00000,0x000000063de00000)]
  0x000002054923f630 JavaThread "Unconstrained build operations Thread 58" [_thread_blocked, id=13280, stack(0x000000063de00000,0x000000063df00000)]
  0x000002054923c140 JavaThread "Unconstrained build operations Thread 59" [_thread_blocked, id=32800, stack(0x000000063df00000,0x000000063e000000)]
  0x0000020549241310 JavaThread "Unconstrained build operations Thread 60" [_thread_blocked, id=29864, stack(0x000000063e000000,0x000000063e100000)]
  0x000002054923ffd0 JavaThread "Unconstrained build operations Thread 61" [_thread_blocked, id=22268, stack(0x000000063e100000,0x000000063e200000)]
  0x00000205493a1490 JavaThread "Unconstrained build operations Thread 62" [_thread_blocked, id=28124, stack(0x000000063e200000,0x000000063e300000)]
  0x00000205493a2300 JavaThread "Unconstrained build operations Thread 63" [_thread_blocked, id=35124, stack(0x000000063e300000,0x000000063e400000)]
  0x00000205493a27d0 JavaThread "Unconstrained build operations Thread 64" [_thread_blocked, id=34724, stack(0x000000063e400000,0x000000063e500000)]
  0x0000020549242180 JavaThread "Unconstrained build operations Thread 65" [_thread_blocked, id=17760, stack(0x000000063e500000,0x000000063e600000)]
  0x00000205471d5ee0 JavaThread "Unconstrained build operations Thread 66" [_thread_blocked, id=19448, stack(0x000000063e600000,0x000000063e700000)]
  0x00000205471d8a30 JavaThread "Unconstrained build operations Thread 67" [_thread_blocked, id=13564, stack(0x000000063e700000,0x000000063e800000)]
  0x00000205471d76f0 JavaThread "Unconstrained build operations Thread 68" [_thread_blocked, id=9068, stack(0x000000063e800000,0x000000063e900000)]
  0x00000205471d8560 JavaThread "Unconstrained build operations Thread 69" [_thread_blocked, id=17844, stack(0x000000063e900000,0x000000063ea00000)]
  0x000002054998f1d0 JavaThread "Unconstrained build operations Thread 70" [_thread_blocked, id=31248, stack(0x000000063ea00000,0x000000063eb00000)]
  0x00000205499909e0 JavaThread "Unconstrained build operations Thread 71" [_thread_blocked, id=33500, stack(0x000000063eb00000,0x000000063ec00000)]
  0x000002054998de90 JavaThread "Unconstrained build operations Thread 72" [_thread_blocked, id=32632, stack(0x000000063ec00000,0x000000063ed00000)]
  0x0000020549990510 JavaThread "Unconstrained build operations Thread 73" [_thread_blocked, id=31784, stack(0x000000063ed00000,0x000000063ee00000)]
  0x000002054998fb70 JavaThread "Unconstrained build operations Thread 74" [_thread_blocked, id=34312, stack(0x000000063ee00000,0x000000063ef00000)]
  0x000002054998d4f0 JavaThread "Unconstrained build operations Thread 75" [_thread_blocked, id=9412, stack(0x000000063ef00000,0x000000063f000000)]
  0x000002054998d9c0 JavaThread "Unconstrained build operations Thread 76" [_thread_blocked, id=14112, stack(0x000000063f000000,0x000000063f100000)]
  0x000002054998ed00 JavaThread "Unconstrained build operations Thread 77" [_thread_blocked, id=16588, stack(0x000000063f100000,0x000000063f200000)]
  0x000002054998e360 JavaThread "Unconstrained build operations Thread 78" [_thread_blocked, id=15488, stack(0x000000063f200000,0x000000063f300000)]
  0x000002054998e830 JavaThread "Unconstrained build operations Thread 79" [_thread_blocked, id=35096, stack(0x000000063f300000,0x000000063f400000)]
  0x000002054998f6a0 JavaThread "Unconstrained build operations Thread 80" [_thread_blocked, id=17644, stack(0x000000063f400000,0x000000063f500000)]
  0x000002054998d020 JavaThread "Unconstrained build operations Thread 81" [_thread_blocked, id=1656, stack(0x000000063f500000,0x000000063f600000)]
  0x0000020549991380 JavaThread "Unconstrained build operations Thread 82" [_thread_blocked, id=30960, stack(0x000000063f600000,0x000000063f700000)]
  0x00000205499926c0 JavaThread "Unconstrained build operations Thread 83" [_thread_blocked, id=26336, stack(0x000000063f700000,0x000000063f800000)]
  0x0000020549991d20 JavaThread "Unconstrained build operations Thread 84" [_thread_blocked, id=28276, stack(0x000000063f800000,0x000000063f900000)]
  0x0000020549992b90 JavaThread "Unconstrained build operations Thread 85" [_thread_blocked, id=9852, stack(0x000000063f900000,0x000000063fa00000)]
  0x0000020549991850 JavaThread "Unconstrained build operations Thread 86" [_thread_blocked, id=29756, stack(0x000000063fa00000,0x000000063fb00000)]
  0x00000205499921f0 JavaThread "Unconstrained build operations Thread 87" [_thread_blocked, id=13604, stack(0x000000063fb00000,0x000000063fc00000)]
  0x0000020549990eb0 JavaThread "Unconstrained build operations Thread 88" [_thread_blocked, id=16472, stack(0x000000063fc00000,0x000000063fd00000)]
  0x0000020549c03490 JavaThread "Unconstrained build operations Thread 89" [_thread_blocked, id=13148, stack(0x000000063fd00000,0x000000063fe00000)]
  0x0000020549c06980 JavaThread "Unconstrained build operations Thread 90" [_thread_blocked, id=11912, stack(0x000000063fe00000,0x000000063ff00000)]
  0x0000020549c05b10 JavaThread "Unconstrained build operations Thread 91" [_thread_blocked, id=17876, stack(0x000000063ff00000,0x0000000640000000)]
  0x0000020549c047d0 JavaThread "Unconstrained build operations Thread 92" [_thread_blocked, id=16684, stack(0x0000000640000000,0x0000000640100000)]
  0x0000020549c02fc0 JavaThread "Unconstrained build operations Thread 93" [_thread_blocked, id=18756, stack(0x0000000640100000,0x0000000640200000)]
  0x0000020549c04300 JavaThread "Unconstrained build operations Thread 94" [_thread_blocked, id=9748, stack(0x0000000640200000,0x0000000640300000)]
  0x0000020549c064b0 JavaThread "Unconstrained build operations Thread 95" [_thread_blocked, id=11472, stack(0x0000000640300000,0x0000000640400000)]
  0x0000020549c05170 JavaThread "Unconstrained build operations Thread 96" [_thread_blocked, id=10116, stack(0x0000000640400000,0x0000000640500000)]
  0x0000020549c03960 JavaThread "Unconstrained build operations Thread 97" [_thread_blocked, id=33916, stack(0x0000000640500000,0x0000000640600000)]
  0x0000020549c05640 JavaThread "Unconstrained build operations Thread 98" [_thread_blocked, id=21008, stack(0x0000000640700000,0x0000000640800000)]
  0x0000020549c05fe0 JavaThread "Unconstrained build operations Thread 99" [_thread_blocked, id=26520, stack(0x0000000640800000,0x0000000640900000)]
  0x0000020550336430 JavaThread "Unconstrained build operations Thread 100" [_thread_blocked, id=1288, stack(0x0000000640900000,0x0000000640a00000)]
  0x0000020550336900 JavaThread "Unconstrained build operations Thread 101" [_thread_blocked, id=31132, stack(0x0000000640a00000,0x0000000640b00000)]
  0x0000020550335a90 JavaThread "Unconstrained build operations Thread 102" [_thread_blocked, id=4600, stack(0x0000000640b00000,0x0000000640c00000)]
  0x0000020550335f60 JavaThread "Unconstrained build operations Thread 103" [_thread_blocked, id=35740, stack(0x0000000640c00000,0x0000000640d00000)]
  0x0000020553e838a0 JavaThread "Unconstrained build operations Thread 104" [_thread_blocked, id=34640, stack(0x0000000640d00000,0x0000000640e00000)]
  0x0000020553e84240 JavaThread "Unconstrained build operations Thread 105" [_thread_blocked, id=4080, stack(0x0000000640e00000,0x0000000640f00000)]
  0x0000020553e850b0 JavaThread "Unconstrained build operations Thread 106" [_thread_blocked, id=11872, stack(0x0000000640f00000,0x0000000641000000)]
  0x0000020553e84be0 JavaThread "Unconstrained build operations Thread 107" [_thread_blocked, id=29136, stack(0x0000000641000000,0x0000000641100000)]
  0x0000020553e83d70 JavaThread "Unconstrained build operations Thread 108" [_thread_blocked, id=15320, stack(0x0000000641100000,0x0000000641200000)]
  0x0000020553e84710 JavaThread "Unconstrained build operations Thread 109" [_thread_blocked, id=27508, stack(0x0000000641200000,0x0000000641300000)]
  0x0000020555a391f0 JavaThread "Unconstrained build operations Thread 110" [_thread_blocked, id=30380, stack(0x0000000641300000,0x0000000641400000)]
  0x000002054f713560 JavaThread "Unconstrained build operations Thread 111" [_thread_blocked, id=9460, stack(0x0000000641400000,0x0000000641500000)]
  0x000002054f715710 JavaThread "Unconstrained build operations Thread 112" [_thread_blocked, id=17008, stack(0x0000000641500000,0x0000000641600000)]
  0x000002054f713090 JavaThread "Unconstrained build operations Thread 113" [_thread_blocked, id=27484, stack(0x0000000641600000,0x0000000641700000)]
  0x000002054f713f00 JavaThread "Unconstrained build operations Thread 114" [_thread_blocked, id=28960, stack(0x0000000641700000,0x0000000641800000)]
  0x000002054f714d70 JavaThread "Unconstrained build operations Thread 115" [_thread_blocked, id=20648, stack(0x0000000641800000,0x0000000641900000)]
  0x000002054f7143d0 JavaThread "Unconstrained build operations Thread 116" [_thread_blocked, id=33456, stack(0x0000000641900000,0x0000000641a00000)]
  0x000002054f715240 JavaThread "Unconstrained build operations Thread 117" [_thread_blocked, id=34508, stack(0x0000000641a00000,0x0000000641b00000)]
  0x000002054f7148a0 JavaThread "Unconstrained build operations Thread 118" [_thread_blocked, id=34340, stack(0x0000000641b00000,0x0000000641c00000)]
  0x000002054f712220 JavaThread "Unconstrained build operations Thread 119" [_thread_blocked, id=21296, stack(0x0000000641c00000,0x0000000641d00000)]
  0x000002054f715be0 JavaThread "Unconstrained build operations Thread 120" [_thread_blocked, id=31764, stack(0x0000000641d00000,0x0000000641e00000)]
  0x0000020549993a00 JavaThread "build event listener" [_thread_blocked, id=26248, stack(0x0000000641e00000,0x0000000641f00000)]
  0x0000020549990040 JavaThread "included builds" [_thread_blocked, id=33468, stack(0x0000000642600000,0x0000000642700000)]
  0x0000020548d0f2f0 JavaThread "Execution worker" [_thread_blocked, id=29012, stack(0x0000000642700000,0x0000000642800000)]
  0x0000020548d0f7c0 JavaThread "Execution worker Thread 2" [_thread_blocked, id=21920, stack(0x0000000642800000,0x0000000642900000)]
  0x0000020548d0fc90 JavaThread "Execution worker Thread 3" [_thread_blocked, id=19464, stack(0x0000000642b00000,0x0000000642c00000)]
  0x0000020548d0c2d0 JavaThread "Execution worker Thread 4" [_thread_blocked, id=20124, stack(0x0000000642c00000,0x0000000642d00000)]
  0x0000020548d0cc70 JavaThread "Execution worker Thread 5" [_thread_blocked, id=13528, stack(0x0000000642d00000,0x0000000642e00000)]
  0x0000020548d0c7a0 JavaThread "Execution worker Thread 6" [_thread_blocked, id=31564, stack(0x0000000642e00000,0x0000000642f00000)]
  0x000002054878e0c0 JavaThread "Execution worker Thread 7" [_thread_blocked, id=11052, stack(0x0000000642f00000,0x0000000643000000)]
  0x000002054878dbf0 JavaThread "Execution worker Thread 8" [_thread_blocked, id=34808, stack(0x0000000643000000,0x0000000643100000)]
  0x00000205487915b0 JavaThread "Execution worker Thread 9" [_thread_blocked, id=26200, stack(0x0000000643100000,0x0000000643200000)]
  0x0000020548790c10 JavaThread "Execution worker Thread 10" [_thread_blocked, id=10928, stack(0x0000000643200000,0x0000000643300000)]
  0x000002054878e590 JavaThread "Execution worker Thread 11" [_thread_blocked, id=20516, stack(0x0000000643300000,0x0000000643400000)]
  0x000002055109f370 JavaThread "Cache worker for execution history cache (C:\Users\Ashley (etu-arakoto)\Documents\Informatique\suivi_candidatures\candidatures_android\.gradle\8.0\executionHistory)" [_thread_blocked, id=28736, stack(0x0000000643400000,0x0000000643500000)]
  0x0000020555a38850 JavaThread "WorkerExecutor Queue" [_thread_blocked, id=34052, stack(0x0000000641f00000,0x0000000642000000)]
  0x00000205510a1520 JavaThread "WorkerExecutor Queue Thread 2" [_thread_blocked, id=19948, stack(0x0000000643b00000,0x0000000643c00000)]
  0x00000205487910e0 JavaThread "WorkerExecutor Queue Thread 3" [_thread_blocked, id=16812, stack(0x0000000643c00000,0x0000000643d00000)]
  0x000002054878ea60 JavaThread "WorkerExecutor Queue Thread 4" [_thread_blocked, id=32160, stack(0x0000000643d00000,0x0000000643e00000)]
  0x000002054878ef30 JavaThread "WorkerExecutor Queue Thread 5" [_thread_blocked, id=6824, stack(0x0000000643e00000,0x0000000643f00000)]
  0x000002054878f400 JavaThread "WorkerExecutor Queue Thread 6" [_thread_blocked, id=28544, stack(0x0000000643f00000,0x0000000644000000)]
  0x000002054878f8d0 JavaThread "WorkerExecutor Queue Thread 7" [_thread_blocked, id=15648, stack(0x0000000644000000,0x0000000644100000)]
  0x000002054878fda0 JavaThread "WorkerExecutor Queue Thread 8" [_thread_blocked, id=15500, stack(0x0000000644100000,0x0000000644200000)]
  0x0000020548790270 JavaThread "WorkerExecutor Queue Thread 9" [_thread_blocked, id=19628, stack(0x0000000644200000,0x0000000644300000)]
  0x00000205446184b0 JavaThread "WorkerExecutor Queue Thread 10" [_thread_blocked, id=5312, stack(0x0000000644600000,0x0000000644700000)]
  0x000002054f9b8cc0 JavaThread "WorkerExecutor Queue Thread 11" [_thread_blocked, id=20680, stack(0x0000000644700000,0x0000000644800000)]
  0x000002055109fd10 JavaThread "WorkerExecutor Queue Thread 12" [_thread_blocked, id=14180, stack(0x0000000644800000,0x0000000644900000)]
  0x00000205510a06b0 JavaThread "WorkerExecutor Queue Thread 13" [_thread_blocked, id=32780, stack(0x0000000644900000,0x0000000644a00000)]
  0x000002054fbe7e00 JavaThread "C2 CompilerThread1" daemon [_thread_blocked, id=33160, stack(0x0000000644a00000,0x0000000644b00000)]

Other Threads:
=>0x0000020544056ea0 VMThread "VM Thread" [stack: 0x0000000637200000,0x0000000637300000] [id=21336]
  0x0000020529490c90 WatcherThread [stack: 0x0000000637e00000,0x0000000637f00000] [id=20464]
  0x0000020529470cc0 GCTaskThread "GC Thread#0" [stack: 0x0000000636d00000,0x0000000636e00000] [id=2456]
  0x0000020544d3e270 GCTaskThread "GC Thread#1" [stack: 0x0000000638000000,0x0000000638100000] [id=34668]
  0x0000020544d3e520 GCTaskThread "GC Thread#2" [stack: 0x0000000638100000,0x0000000638200000] [id=9560]
  0x00000205453e7bf0 GCTaskThread "GC Thread#3" [stack: 0x0000000638200000,0x0000000638300000] [id=31596]
  0x0000020545193ca0 GCTaskThread "GC Thread#4" [stack: 0x0000000638300000,0x0000000638400000] [id=12368]
  0x00000205451929d0 GCTaskThread "GC Thread#5" [stack: 0x0000000638400000,0x0000000638500000] [id=31824]
  0x0000020545192470 GCTaskThread "GC Thread#6" [stack: 0x0000000638d00000,0x0000000638e00000] [id=31992]
  0x0000020545192720 GCTaskThread "GC Thread#7" [stack: 0x0000000638f00000,0x0000000639000000] [id=25824]
  0x0000020545193490 GCTaskThread "GC Thread#8" [stack: 0x0000000639000000,0x0000000639100000] [id=9340]
  0x0000020545192f30 GCTaskThread "GC Thread#9" [stack: 0x0000000639100000,0x0000000639200000] [id=32988]
  0x0000020529481b10 ConcurrentGCThread "G1 Main Marker" [stack: 0x0000000636e00000,0x0000000636f00000] [id=26020]
  0x0000020529483100 ConcurrentGCThread "G1 Conc#0" [stack: 0x0000000636f00000,0x0000000637000000] [id=31772]
  0x0000020545193740 ConcurrentGCThread "G1 Conc#1" [stack: 0x0000000639200000,0x0000000639300000] [id=33020]
  0x00000205451939f0 ConcurrentGCThread "G1 Conc#2" [stack: 0x0000000639300000,0x0000000639400000] [id=32144]
  0x00000205294cdac0 ConcurrentGCThread "G1 Refine#0" [stack: 0x0000000637000000,0x0000000637100000] [id=23268]
  0x0000020545b154e0 ConcurrentGCThread "G1 Refine#1" [stack: 0x0000000643600000,0x0000000643700000] [id=28988]
  0x0000020545b15aa0 ConcurrentGCThread "G1 Refine#2" [stack: 0x0000000643700000,0x0000000643800000] [id=30120]
  0x0000020545b15d80 ConcurrentGCThread "G1 Refine#3" [stack: 0x0000000643800000,0x0000000643900000] [id=1316]
  0x000002054f956bc0 ConcurrentGCThread "G1 Refine#4" [stack: 0x0000000643900000,0x0000000643a00000] [id=33772]
  0x00000205294ce290 ConcurrentGCThread "G1 Service" [stack: 0x0000000637100000,0x0000000637200000] [id=1208]

Threads with active compile tasks:
C2 CompilerThread0  5598799 31316       4       com.android.tools.r8.ir.optimize.F::p (2065 bytes)
C2 CompilerThread1  5598799 31321 %     4       com.android.tools.r8.internal.ll::d @ 652 (1116 bytes)

VM state: at safepoint (normal execution)

VM Mutex/Monitor currently owned by a thread:  ([mutex/lock_event])
[0x0000020527160cd0] Threads_lock - owner thread: 0x0000020544056ea0
[0x000002052940e480] Heap_lock - owner thread: 0x000002054878ef30

Heap address: 0x0000000080000000, size: 2048 MB, Compressed Oops mode: 32-bit

CDS archive(s) not mapped
Compressed class space mapped at: 0x0000000100000000-0x0000000140000000, reserved size: 1073741824
Narrow klass base: 0x0000000000000000, Narrow klass shift: 3, Narrow klass range: 0x140000000

GC Precious Log:
 CPUs: 12 total, 12 available
 Memory: 16068M
 Large Page Support: Disabled
 NUMA Support: Disabled
 Compressed Oops: Enabled (32-bit)
 Heap Region Size: 1M
 Heap Min Capacity: 8M
 Heap Initial Capacity: 252M
 Heap Max Capacity: 2G
 Pre-touch: Disabled
 Parallel Workers: 10
 Concurrent Workers: 3
 Concurrent Refinement Workers: 10
 Periodic GC: Disabled

Heap:
 garbage-first heap   total 414720K, used 145077K [0x0000000080000000, 0x0000000100000000)
  region size 1024K, 5 young (5120K), 5 survivors (5120K)
 Metaspace       used 141192K, committed 142656K, reserved 1179648K
  class space    used 19597K, committed 20288K, reserved 1048576K

Heap Regions: E=young(eden), S=young(survivor), O=old, HS=humongous(starts), HC=humongous(continues), CS=collection set, F=free, OA=open archive, CA=closed archive, TAMS=top-at-mark-start (previous, next)
|   0|0x0000000080000000, 0x0000000080100000, 0x0000000080100000|100%|HS|  |TAMS 0x0000000080100000, 0x0000000080100000| Complete 
|   1|0x0000000080100000, 0x0000000080200000, 0x0000000080200000|100%|HC|  |TAMS 0x0000000080200000, 0x0000000080200000| Complete 
|   2|0x0000000080200000, 0x0000000080300000, 0x0000000080300000|100%|HC|  |TAMS 0x0000000080300000, 0x0000000080300000| Complete 
|   3|0x0000000080300000, 0x0000000080400000, 0x0000000080400000|100%|HC|  |TAMS 0x0000000080400000, 0x0000000080400000| Complete 
|   4|0x0000000080400000, 0x0000000080500000, 0x0000000080500000|100%| O|  |TAMS 0x0000000080500000, 0x0000000080500000| Untracked 
|   5|0x0000000080500000, 0x0000000080600000, 0x0000000080600000|100%| O|  |TAMS 0x0000000080600000, 0x0000000080600000| Untracked 
|   6|0x0000000080600000, 0x0000000080700000, 0x0000000080700000|100%| O|  |TAMS 0x0000000080700000, 0x0000000080700000| Untracked 
|   7|0x0000000080700000, 0x0000000080800000, 0x0000000080800000|100%| O|  |TAMS 0x0000000080800000, 0x0000000080800000| Untracked 
|   8|0x0000000080800000, 0x0000000080900000, 0x0000000080900000|100%| O|  |TAMS 0x0000000080900000, 0x0000000080900000| Untracked 
|   9|0x0000000080900000, 0x0000000080a00000, 0x0000000080a00000|100%| O|  |TAMS 0x0000000080a00000, 0x0000000080a00000| Untracked 
|  10|0x0000000080a00000, 0x0000000080b00000, 0x0000000080b00000|100%| O|  |TAMS 0x0000000080b00000, 0x0000000080b00000| Untracked 
|  11|0x0000000080b00000, 0x0000000080c00000, 0x0000000080c00000|100%| O|  |TAMS 0x0000000080c00000, 0x0000000080c00000| Untracked 
|  12|0x0000000080c00000, 0x0000000080d00000, 0x0000000080d00000|100%| O|  |TAMS 0x0000000080d00000, 0x0000000080d00000| Untracked 
|  13|0x0000000080d00000, 0x0000000080e00000, 0x0000000080e00000|100%| O|  |TAMS 0x0000000080e00000, 0x0000000080e00000| Untracked 
|  14|0x0000000080e00000, 0x0000000080f00000, 0x0000000080f00000|100%| O|  |TAMS 0x0000000080f00000, 0x0000000080f00000| Untracked 
|  15|0x0000000080f00000, 0x0000000081000000, 0x0000000081000000|100%| O|  |TAMS 0x0000000081000000, 0x0000000081000000| Untracked 
|  16|0x0000000081000000, 0x0000000081100000, 0x0000000081100000|100%| O|  |TAMS 0x0000000081100000, 0x0000000081100000| Untracked 
|  17|0x0000000081100000, 0x0000000081200000, 0x0000000081200000|100%| O|  |TAMS 0x0000000081200000, 0x0000000081200000| Untracked 
|  18|0x0000000081200000, 0x0000000081300000, 0x0000000081300000|100%| O|  |TAMS 0x0000000081300000, 0x0000000081300000| Untracked 
|  19|0x0000000081300000, 0x0000000081400000, 0x0000000081400000|100%| O|  |TAMS 0x0000000081400000, 0x0000000081400000| Untracked 
|  20|0x0000000081400000, 0x0000000081500000, 0x0000000081500000|100%| O|  |TAMS 0x0000000081500000, 0x0000000081500000| Untracked 
|  21|0x0000000081500000, 0x0000000081600000, 0x0000000081600000|100%| O|  |TAMS 0x0000000081600000, 0x0000000081600000| Untracked 
|  22|0x0000000081600000, 0x0000000081700000, 0x0000000081700000|100%| O|  |TAMS 0x0000000081700000, 0x0000000081700000| Untracked 
|  23|0x0000000081700000, 0x0000000081800000, 0x0000000081800000|100%| O|  |TAMS 0x0000000081800000, 0x0000000081800000| Untracked 
|  24|0x0000000081800000, 0x0000000081900000, 0x0000000081900000|100%| O|  |TAMS 0x0000000081900000, 0x0000000081900000| Untracked 
|  25|0x0000000081900000, 0x0000000081a00000, 0x0000000081a00000|100%| O|  |TAMS 0x0000000081a00000, 0x0000000081a00000| Untracked 
|  26|0x0000000081a00000, 0x0000000081b00000, 0x0000000081b00000|100%| O|  |TAMS 0x0000000081b00000, 0x0000000081b00000| Untracked 
|  27|0x0000000081b00000, 0x0000000081c00000, 0x0000000081c00000|100%| O|  |TAMS 0x0000000081c00000, 0x0000000081c00000| Untracked 
|  28|0x0000000081c00000, 0x0000000081d00000, 0x0000000081d00000|100%| O|  |TAMS 0x0000000081d00000, 0x0000000081d00000| Untracked 
|  29|0x0000000081d00000, 0x0000000081e00000, 0x0000000081e00000|100%| O|  |TAMS 0x0000000081d00000, 0x0000000081e00000| Untracked 
|  30|0x0000000081e00000, 0x0000000081f00000, 0x0000000081f00000|100%| O|  |TAMS 0x0000000081f00000, 0x0000000081f00000| Untracked 
|  31|0x0000000081f00000, 0x0000000082000000, 0x0000000082000000|100%| O|  |TAMS 0x0000000082000000, 0x0000000082000000| Untracked 
|  32|0x0000000082000000, 0x0000000082100000, 0x0000000082100000|100%| O|  |TAMS 0x0000000082100000, 0x0000000082100000| Untracked 
|  33|0x0000000082100000, 0x0000000082200000, 0x0000000082200000|100%| O|  |TAMS 0x0000000082200000, 0x0000000082200000| Untracked 
|  34|0x0000000082200000, 0x0000000082300000, 0x0000000082300000|100%| O|  |TAMS 0x0000000082300000, 0x0000000082300000| Untracked 
|  35|0x0000000082300000, 0x0000000082400000, 0x0000000082400000|100%| O|  |TAMS 0x0000000082400000, 0x0000000082400000| Untracked 
|  36|0x0000000082400000, 0x0000000082500000, 0x0000000082500000|100%| O|  |TAMS 0x0000000082500000, 0x0000000082500000| Untracked 
|  37|0x0000000082500000, 0x0000000082600000, 0x0000000082600000|100%|HS|  |TAMS 0x0000000082600000, 0x0000000082600000| Complete 
|  38|0x0000000082600000, 0x0000000082700000, 0x0000000082700000|100%|HS|  |TAMS 0x0000000082700000, 0x0000000082700000| Complete 
|  39|0x0000000082700000, 0x0000000082800000, 0x0000000082800000|100%|HS|  |TAMS 0x0000000082800000, 0x0000000082800000| Complete 
|  40|0x0000000082800000, 0x0000000082900000, 0x0000000082900000|100%|HC|  |TAMS 0x0000000082900000, 0x0000000082900000| Complete 
|  41|0x0000000082900000, 0x0000000082a00000, 0x0000000082a00000|100%|HS|  |TAMS 0x0000000082a00000, 0x0000000082a00000| Complete 
|  42|0x0000000082a00000, 0x0000000082b00000, 0x0000000082b00000|100%| O|  |TAMS 0x0000000082b00000, 0x0000000082b00000| Untracked 
|  43|0x0000000082b00000, 0x0000000082c00000, 0x0000000082c00000|100%| O|  |TAMS 0x0000000082c00000, 0x0000000082c00000| Untracked 
|  44|0x0000000082c00000, 0x0000000082d00000, 0x0000000082d00000|100%|HS|  |TAMS 0x0000000082d00000, 0x0000000082d00000| Complete 
|  45|0x0000000082d00000, 0x0000000082e00000, 0x0000000082e00000|100%|HC|  |TAMS 0x0000000082e00000, 0x0000000082e00000| Complete 
|  46|0x0000000082e00000, 0x0000000082f00000, 0x0000000082f00000|100%|HC|  |TAMS 0x0000000082f00000, 0x0000000082f00000| Complete 
|  47|0x0000000082f00000, 0x0000000083000000, 0x0000000083000000|100%|HC|  |TAMS 0x0000000083000000, 0x0000000083000000| Complete 
|  48|0x0000000083000000, 0x0000000083100000, 0x0000000083100000|100%| O|  |TAMS 0x0000000083100000, 0x0000000083100000| Untracked 
|  49|0x0000000083100000, 0x0000000083200000, 0x0000000083200000|100%| O|  |TAMS 0x0000000083200000, 0x0000000083200000| Untracked 
|  50|0x0000000083200000, 0x0000000083300000, 0x0000000083300000|100%| O|  |TAMS 0x0000000083300000, 0x0000000083300000| Untracked 
|  51|0x0000000083300000, 0x0000000083400000, 0x0000000083400000|100%| O|  |TAMS 0x0000000083400000, 0x0000000083400000| Untracked 
|  52|0x0000000083400000, 0x0000000083500000, 0x0000000083500000|100%| O|  |TAMS 0x0000000083500000, 0x0000000083500000| Untracked 
|  53|0x0000000083500000, 0x0000000083600000, 0x0000000083600000|100%| O|  |TAMS 0x0000000083600000, 0x0000000083600000| Untracked 
|  54|0x0000000083600000, 0x0000000083700000, 0x0000000083700000|100%| O|  |TAMS 0x0000000083700000, 0x0000000083700000| Untracked 
|  55|0x0000000083700000, 0x0000000083800000, 0x0000000083800000|100%| O|  |TAMS 0x0000000083700000, 0x0000000083800000| Untracked 
|  56|0x0000000083800000, 0x0000000083900000, 0x0000000083900000|100%| O|  |TAMS 0x0000000083800000, 0x0000000083900000| Untracked 
|  57|0x0000000083900000, 0x0000000083a00000, 0x0000000083a00000|100%| O|  |TAMS 0x0000000083a00000, 0x0000000083a00000| Untracked 
|  58|0x0000000083a00000, 0x0000000083a00000, 0x0000000083b00000|  0%| F|  |TAMS 0x0000000083a00000, 0x0000000083a00000| Untracked 
|  59|0x0000000083b00000, 0x0000000083c00000, 0x0000000083c00000|100%| O|  |TAMS 0x0000000083c00000, 0x0000000083c00000| Untracked 
|  60|0x0000000083c00000, 0x0000000083d00000, 0x0000000083d00000|100%| O|  |TAMS 0x0000000083d00000, 0x0000000083d00000| Untracked 
|  61|0x0000000083d00000, 0x0000000083e00000, 0x0000000083e00000|100%| O|  |TAMS 0x0000000083e00000, 0x0000000083e00000| Untracked 
|  62|0x0000000083e00000, 0x0000000083e00000, 0x0000000083f00000|  0%| F|  |TAMS 0x0000000083e00000, 0x0000000083e00000| Untracked 
|  63|0x0000000083f00000, 0x0000000084000000, 0x0000000084000000|100%| O|  |TAMS 0x0000000084000000, 0x0000000084000000| Untracked 
|  64|0x0000000084000000, 0x0000000084100000, 0x0000000084100000|100%| O|  |TAMS 0x0000000084100000, 0x0000000084100000| Untracked 
|  65|0x0000000084100000, 0x0000000084200000, 0x0000000084200000|100%| O|  |TAMS 0x0000000084200000, 0x0000000084200000| Untracked 
|  66|0x0000000084200000, 0x0000000084300000, 0x0000000084300000|100%| O|  |TAMS 0x0000000084300000, 0x0000000084300000| Untracked 
|  67|0x0000000084300000, 0x0000000084400000, 0x0000000084400000|100%| O|  |TAMS 0x0000000084400000, 0x0000000084400000| Untracked 
|  68|0x0000000084400000, 0x0000000084500000, 0x0000000084500000|100%| O|  |TAMS 0x0000000084500000, 0x0000000084500000| Untracked 
|  69|0x0000000084500000, 0x0000000084600000, 0x0000000084600000|100%| O|  |TAMS 0x0000000084600000, 0x0000000084600000| Untracked 
|  70|0x0000000084600000, 0x0000000084700000, 0x0000000084700000|100%| O|  |TAMS 0x0000000084700000, 0x0000000084700000| Untracked 
|  71|0x0000000084700000, 0x0000000084800000, 0x0000000084800000|100%| O|  |TAMS 0x0000000084800000, 0x0000000084800000| Untracked 
|  72|0x0000000084800000, 0x0000000084900000, 0x0000000084900000|100%| O|  |TAMS 0x0000000084900000, 0x0000000084900000| Untracked 
|  73|0x0000000084900000, 0x0000000084a00000, 0x0000000084a00000|100%| O|  |TAMS 0x0000000084a00000, 0x0000000084a00000| Untracked 
|  74|0x0000000084a00000, 0x0000000084b00000, 0x0000000084b00000|100%| O|  |TAMS 0x0000000084b00000, 0x0000000084b00000| Untracked 
|  75|0x0000000084b00000, 0x0000000084c00000, 0x0000000084c00000|100%| O|  |TAMS 0x0000000084c00000, 0x0000000084c00000| Untracked 
|  76|0x0000000084c00000, 0x0000000084d00000, 0x0000000084d00000|100%| O|  |TAMS 0x0000000084c00000, 0x0000000084d00000| Untracked 
|  77|0x0000000084d00000, 0x0000000084d00000, 0x0000000084e00000|  0%| F|  |TAMS 0x0000000084d00000, 0x0000000084d00000| Untracked 
|  78|0x0000000084e00000, 0x0000000084f00000, 0x0000000084f00000|100%| O|  |TAMS 0x0000000084f00000, 0x0000000084f00000| Untracked 
|  79|0x0000000084f00000, 0x0000000085000000, 0x0000000085000000|100%| O|  |TAMS 0x0000000084f00000, 0x0000000085000000| Untracked 
|  80|0x0000000085000000, 0x0000000085100000, 0x0000000085100000|100%| O|  |TAMS 0x0000000085100000, 0x0000000085100000| Untracked 
|  81|0x0000000085100000, 0x0000000085200000, 0x0000000085200000|100%| O|  |TAMS 0x0000000085200000, 0x0000000085200000| Untracked 
|  82|0x0000000085200000, 0x0000000085300000, 0x0000000085300000|100%| O|  |TAMS 0x0000000085300000, 0x0000000085300000| Untracked 
|  83|0x0000000085300000, 0x0000000085400000, 0x0000000085400000|100%| O|  |TAMS 0x0000000085400000, 0x0000000085400000| Untracked 
|  84|0x0000000085400000, 0x0000000085500000, 0x0000000085500000|100%| O|  |TAMS 0x0000000085500000, 0x0000000085500000| Untracked 
|  85|0x0000000085500000, 0x0000000085600000, 0x0000000085600000|100%| O|  |TAMS 0x0000000085600000, 0x0000000085600000| Untracked 
|  86|0x0000000085600000, 0x0000000085700000, 0x0000000085700000|100%| O|  |TAMS 0x0000000085600000, 0x0000000085700000| Untracked 
|  87|0x0000000085700000, 0x0000000085800000, 0x0000000085800000|100%| O|  |TAMS 0x0000000085800000, 0x0000000085800000| Untracked 
|  88|0x0000000085800000, 0x0000000085900000, 0x0000000085900000|100%| O|  |TAMS 0x0000000085900000, 0x0000000085900000| Untracked 
|  89|0x0000000085900000, 0x0000000085a00000, 0x0000000085a00000|100%| O|  |TAMS 0x0000000085a00000, 0x0000000085a00000| Untracked 
|  90|0x0000000085a00000, 0x0000000085b00000, 0x0000000085b00000|100%| O|  |TAMS 0x0000000085b00000, 0x0000000085b00000| Untracked 
|  91|0x0000000085b00000, 0x0000000085c00000, 0x0000000085c00000|100%| O|  |TAMS 0x0000000085b00000, 0x0000000085c00000| Untracked 
|  92|0x0000000085c00000, 0x0000000085c00000, 0x0000000085d00000|  0%| F|  |TAMS 0x0000000085c00000, 0x0000000085c00000| Untracked 
|  93|0x0000000085d00000, 0x0000000085e00000, 0x0000000085e00000|100%| O|  |TAMS 0x0000000085e00000, 0x0000000085e00000| Untracked 
|  94|0x0000000085e00000, 0x0000000085f00000, 0x0000000085f00000|100%| O|  |TAMS 0x0000000085e00000, 0x0000000085f00000| Untracked 
|  95|0x0000000085f00000, 0x0000000086000000, 0x0000000086000000|100%| O|  |TAMS 0x0000000086000000, 0x0000000086000000| Untracked 
|  96|0x0000000086000000, 0x0000000086100000, 0x0000000086100000|100%| O|  |TAMS 0x0000000086000000, 0x0000000086100000| Untracked 
|  97|0x0000000086100000, 0x0000000086200000, 0x0000000086200000|100%| O|  |TAMS 0x0000000086100000, 0x0000000086200000| Untracked 
|  98|0x0000000086200000, 0x0000000086300000, 0x0000000086300000|100%| O|  |TAMS 0x0000000086300000, 0x0000000086300000| Untracked 
|  99|0x0000000086300000, 0x0000000086400000, 0x0000000086400000|100%| O|  |TAMS 0x0000000086300000, 0x0000000086400000| Untracked 
| 100|0x0000000086400000, 0x0000000086500000, 0x0000000086500000|100%| O|  |TAMS 0x0000000086400000, 0x0000000086500000| Untracked 
| 101|0x0000000086500000, 0x0000000086600000, 0x0000000086600000|100%| O|  |TAMS 0x0000000086500000, 0x0000000086600000| Untracked 
| 102|0x0000000086600000, 0x0000000086700000, 0x0000000086700000|100%| O|  |TAMS 0x0000000086600000, 0x0000000086700000| Untracked 
| 103|0x0000000086700000, 0x0000000086800000, 0x0000000086800000|100%| O|  |TAMS 0x0000000086700000, 0x0000000086800000| Untracked 
| 104|0x0000000086800000, 0x0000000086900000, 0x0000000086900000|100%| O|  |TAMS 0x0000000086800000, 0x0000000086900000| Untracked 
| 105|0x0000000086900000, 0x00000000869b4a00, 0x0000000086a00000| 70%| O|  |TAMS 0x0000000086900000, 0x00000000869b4a00| Untracked 
| 106|0x0000000086a00000, 0x0000000086b00000, 0x0000000086b00000|100%| O|  |TAMS 0x0000000086b00000, 0x0000000086b00000| Untracked 
| 107|0x0000000086b00000, 0x0000000086c00000, 0x0000000086c00000|100%| O|  |TAMS 0x0000000086c00000, 0x0000000086c00000| Untracked 
| 108|0x0000000086c00000, 0x0000000086d00000, 0x0000000086d00000|100%| O|  |TAMS 0x0000000086d00000, 0x0000000086d00000| Untracked 
| 109|0x0000000086d00000, 0x0000000086d00000, 0x0000000086e00000|  0%| F|  |TAMS 0x0000000086d00000, 0x0000000086d00000| Untracked 
| 110|0x0000000086e00000, 0x0000000086e00000, 0x0000000086f00000|  0%| F|  |TAMS 0x0000000086e00000, 0x0000000086e00000| Untracked 
| 111|0x0000000086f00000, 0x0000000086f00000, 0x0000000087000000|  0%| F|  |TAMS 0x0000000086f00000, 0x0000000086f00000| Untracked 
| 112|0x0000000087000000, 0x0000000087000000, 0x0000000087100000|  0%| F|  |TAMS 0x0000000087000000, 0x0000000087000000| Untracked 
| 113|0x0000000087100000, 0x0000000087100000, 0x0000000087200000|  0%| F|  |TAMS 0x0000000087100000, 0x0000000087100000| Untracked 
| 114|0x0000000087200000, 0x0000000087200000, 0x0000000087300000|  0%| F|  |TAMS 0x0000000087200000, 0x0000000087200000| Untracked 
| 115|0x0000000087300000, 0x0000000087300000, 0x0000000087400000|  0%| F|  |TAMS 0x0000000087300000, 0x0000000087300000| Untracked 
| 116|0x0000000087400000, 0x0000000087400000, 0x0000000087500000|  0%| F|  |TAMS 0x0000000087400000, 0x0000000087400000| Untracked 
| 117|0x0000000087500000, 0x0000000087500000, 0x0000000087600000|  0%| F|  |TAMS 0x0000000087500000, 0x0000000087500000| Untracked 
| 118|0x0000000087600000, 0x0000000087600000, 0x0000000087700000|  0%| F|  |TAMS 0x0000000087600000, 0x0000000087600000| Untracked 
| 119|0x0000000087700000, 0x0000000087800000, 0x0000000087800000|100%| O|  |TAMS 0x0000000087800000, 0x0000000087800000| Untracked 
| 120|0x0000000087800000, 0x0000000087800000, 0x0000000087900000|  0%| F|  |TAMS 0x0000000087800000, 0x0000000087800000| Untracked 
| 121|0x0000000087900000, 0x0000000087a00000, 0x0000000087a00000|100%| O|  |TAMS 0x0000000087a00000, 0x0000000087a00000| Untracked 
| 122|0x0000000087a00000, 0x0000000087b00000, 0x0000000087b00000|100%| O|  |TAMS 0x0000000087b00000, 0x0000000087b00000| Untracked 
| 123|0x0000000087b00000, 0x0000000087c00000, 0x0000000087c00000|100%| O|  |TAMS 0x0000000087c00000, 0x0000000087c00000| Untracked 
| 124|0x0000000087c00000, 0x0000000087d00000, 0x0000000087d00000|100%| O|  |TAMS 0x0000000087d00000, 0x0000000087d00000| Untracked 
| 125|0x0000000087d00000, 0x0000000087e00000, 0x0000000087e00000|100%| O|  |TAMS 0x0000000087e00000, 0x0000000087e00000| Untracked 
| 126|0x0000000087e00000, 0x0000000087f00000, 0x0000000087f00000|100%| O|  |TAMS 0x0000000087f00000, 0x0000000087f00000| Untracked 
| 127|0x0000000087f00000, 0x0000000088000000, 0x0000000088000000|100%| O|  |TAMS 0x0000000088000000, 0x0000000088000000| Untracked 
| 128|0x0000000088000000, 0x0000000088100000, 0x0000000088100000|100%| O|  |TAMS 0x0000000088100000, 0x0000000088100000| Untracked 
| 129|0x0000000088100000, 0x0000000088200000, 0x0000000088200000|100%| O|  |TAMS 0x0000000088200000, 0x0000000088200000| Untracked 
| 130|0x0000000088200000, 0x0000000088300000, 0x0000000088300000|100%| O|  |TAMS 0x0000000088300000, 0x0000000088300000| Untracked 
| 131|0x0000000088300000, 0x0000000088400000, 0x0000000088400000|100%| O|  |TAMS 0x0000000088400000, 0x0000000088400000| Untracked 
| 132|0x0000000088400000, 0x0000000088400000, 0x0000000088500000|  0%| F|  |TAMS 0x0000000088400000, 0x0000000088400000| Untracked 
| 133|0x0000000088500000, 0x0000000088600000, 0x0000000088600000|100%| O|  |TAMS 0x0000000088600000, 0x0000000088600000| Untracked 
| 134|0x0000000088600000, 0x0000000088700000, 0x0000000088700000|100%| O|  |TAMS 0x0000000088700000, 0x0000000088700000| Untracked 
| 135|0x0000000088700000, 0x0000000088800000, 0x0000000088800000|100%| O|  |TAMS 0x0000000088800000, 0x0000000088800000| Untracked 
| 136|0x0000000088800000, 0x0000000088900000, 0x0000000088900000|100%| O|  |TAMS 0x0000000088900000, 0x0000000088900000| Untracked 
| 137|0x0000000088900000, 0x0000000088900000, 0x0000000088a00000|  0%| F|  |TAMS 0x0000000088900000, 0x0000000088900000| Untracked 
| 138|0x0000000088a00000, 0x0000000088a00000, 0x0000000088b00000|  0%| F|  |TAMS 0x0000000088a00000, 0x0000000088a00000| Untracked 
| 139|0x0000000088b00000, 0x0000000088c00000, 0x0000000088c00000|100%| O|  |TAMS 0x0000000088c00000, 0x0000000088c00000| Untracked 
| 140|0x0000000088c00000, 0x0000000088d00000, 0x0000000088d00000|100%| O|  |TAMS 0x0000000088d00000, 0x0000000088d00000| Untracked 
| 141|0x0000000088d00000, 0x0000000088d00000, 0x0000000088e00000|  0%| F|  |TAMS 0x0000000088d00000, 0x0000000088d00000| Untracked 
| 142|0x0000000088e00000, 0x0000000088e00000, 0x0000000088f00000|  0%| F|  |TAMS 0x0000000088e00000, 0x0000000088e00000| Untracked 
| 143|0x0000000088f00000, 0x0000000089000000, 0x0000000089000000|100%| O|  |TAMS 0x0000000089000000, 0x0000000089000000| Untracked 
| 144|0x0000000089000000, 0x0000000089000000, 0x0000000089100000|  0%| F|  |TAMS 0x0000000089000000, 0x0000000089000000| Untracked 
| 145|0x0000000089100000, 0x0000000089100000, 0x0000000089200000|  0%| F|  |TAMS 0x0000000089100000, 0x0000000089100000| Untracked 
| 146|0x0000000089200000, 0x0000000089200000, 0x0000000089300000|  0%| F|  |TAMS 0x0000000089200000, 0x0000000089200000| Untracked 
| 147|0x0000000089300000, 0x0000000089400000, 0x0000000089400000|100%| O|  |TAMS 0x0000000089400000, 0x0000000089400000| Untracked 
| 148|0x0000000089400000, 0x0000000089500000, 0x0000000089500000|100%| O|  |TAMS 0x0000000089500000, 0x0000000089500000| Untracked 
| 149|0x0000000089500000, 0x0000000089600000, 0x0000000089600000|100%| O|  |TAMS 0x0000000089600000, 0x0000000089600000| Untracked 
| 150|0x0000000089600000, 0x0000000089700000, 0x0000000089700000|100%| O|  |TAMS 0x0000000089700000, 0x0000000089700000| Untracked 
| 151|0x0000000089700000, 0x0000000089800000, 0x0000000089800000|100%| O|  |TAMS 0x0000000089800000, 0x0000000089800000| Untracked 
| 152|0x0000000089800000, 0x0000000089900000, 0x0000000089900000|100%| O|  |TAMS 0x0000000089900000, 0x0000000089900000| Untracked 
| 153|0x0000000089900000, 0x0000000089a00000, 0x0000000089a00000|100%| O|  |TAMS 0x0000000089a00000, 0x0000000089a00000| Untracked 
| 154|0x0000000089a00000, 0x0000000089b00000, 0x0000000089b00000|100%| O|  |TAMS 0x0000000089b00000, 0x0000000089b00000| Untracked 
| 155|0x0000000089b00000, 0x0000000089c00000, 0x0000000089c00000|100%| O|  |TAMS 0x0000000089c00000, 0x0000000089c00000| Untracked 
| 156|0x0000000089c00000, 0x0000000089d00000, 0x0000000089d00000|100%| O|  |TAMS 0x0000000089ca4200, 0x0000000089d00000| Untracked 
| 157|0x0000000089d00000, 0x0000000089d00000, 0x0000000089e00000|  0%| F|  |TAMS 0x0000000089d00000, 0x0000000089d00000| Untracked 
| 158|0x0000000089e00000, 0x0000000089e00000, 0x0000000089f00000|  0%| F|  |TAMS 0x0000000089e00000, 0x0000000089e00000| Untracked 
| 159|0x0000000089f00000, 0x0000000089f00000, 0x000000008a000000|  0%| F|  |TAMS 0x0000000089f00000, 0x0000000089f00000| Untracked 
| 160|0x000000008a000000, 0x000000008a000000, 0x000000008a100000|  0%| F|  |TAMS 0x000000008a000000, 0x000000008a000000| Untracked 
| 161|0x000000008a100000, 0x000000008a100000, 0x000000008a200000|  0%| F|  |TAMS 0x000000008a100000, 0x000000008a100000| Untracked 
| 162|0x000000008a200000, 0x000000008a300000, 0x000000008a300000|100%| O|  |TAMS 0x000000008a300000, 0x000000008a300000| Untracked 
| 163|0x000000008a300000, 0x000000008a400000, 0x000000008a400000|100%| O|  |TAMS 0x000000008a400000, 0x000000008a400000| Untracked 
| 164|0x000000008a400000, 0x000000008a400000, 0x000000008a500000|  0%| F|  |TAMS 0x000000008a400000, 0x000000008a400000| Untracked 
| 165|0x000000008a500000, 0x000000008a600000, 0x000000008a600000|100%| O|  |TAMS 0x000000008a600000, 0x000000008a600000| Untracked 
| 166|0x000000008a600000, 0x000000008a600000, 0x000000008a700000|  0%| F|  |TAMS 0x000000008a600000, 0x000000008a600000| Untracked 
| 167|0x000000008a700000, 0x000000008a700000, 0x000000008a800000|  0%| F|  |TAMS 0x000000008a700000, 0x000000008a700000| Untracked 
| 168|0x000000008a800000, 0x000000008a800000, 0x000000008a900000|  0%| F|  |TAMS 0x000000008a800000, 0x000000008a800000| Untracked 
| 169|0x000000008a900000, 0x000000008a900000, 0x000000008aa00000|  0%| F|  |TAMS 0x000000008a900000, 0x000000008a900000| Untracked 
| 170|0x000000008aa00000, 0x000000008aa00000, 0x000000008ab00000|  0%| F|  |TAMS 0x000000008aa00000, 0x000000008aa00000| Untracked 
| 171|0x000000008ab00000, 0x000000008ab00000, 0x000000008ac00000|  0%| F|  |TAMS 0x000000008ab00000, 0x000000008ab00000| Untracked 
| 172|0x000000008ac00000, 0x000000008ac00000, 0x000000008ad00000|  0%| F|  |TAMS 0x000000008ac00000, 0x000000008ac00000| Untracked 
| 173|0x000000008ad00000, 0x000000008ad00000, 0x000000008ae00000|  0%| F|  |TAMS 0x000000008ad00000, 0x000000008ad00000| Untracked 
| 174|0x000000008ae00000, 0x000000008ae00000, 0x000000008af00000|  0%| F|  |TAMS 0x000000008ae00000, 0x000000008ae00000| Untracked 
| 175|0x000000008af00000, 0x000000008af00000, 0x000000008b000000|  0%| F|  |TAMS 0x000000008af00000, 0x000000008af00000| Untracked 
| 176|0x000000008b000000, 0x000000008b000000, 0x000000008b100000|  0%| F|  |TAMS 0x000000008b000000, 0x000000008b000000| Untracked 
| 177|0x000000008b100000, 0x000000008b100000, 0x000000008b200000|  0%| F|  |TAMS 0x000000008b100000, 0x000000008b100000| Untracked 
| 178|0x000000008b200000, 0x000000008b200000, 0x000000008b300000|  0%| F|  |TAMS 0x000000008b200000, 0x000000008b200000| Untracked 
| 179|0x000000008b300000, 0x000000008b300000, 0x000000008b400000|  0%| F|  |TAMS 0x000000008b300000, 0x000000008b300000| Untracked 
| 180|0x000000008b400000, 0x000000008b400000, 0x000000008b500000|  0%| F|  |TAMS 0x000000008b400000, 0x000000008b400000| Untracked 
| 181|0x000000008b500000, 0x000000008b500000, 0x000000008b600000|  0%| F|  |TAMS 0x000000008b500000, 0x000000008b500000| Untracked 
| 182|0x000000008b600000, 0x000000008b600000, 0x000000008b700000|  0%| F|  |TAMS 0x000000008b600000, 0x000000008b600000| Untracked 
| 183|0x000000008b700000, 0x000000008b700000, 0x000000008b800000|  0%| F|  |TAMS 0x000000008b700000, 0x000000008b700000| Untracked 
| 184|0x000000008b800000, 0x000000008b800000, 0x000000008b900000|  0%| F|  |TAMS 0x000000008b800000, 0x000000008b800000| Untracked 
| 185|0x000000008b900000, 0x000000008b900000, 0x000000008ba00000|  0%| F|  |TAMS 0x000000008b900000, 0x000000008b900000| Untracked 
| 186|0x000000008ba00000, 0x000000008ba00000, 0x000000008bb00000|  0%| F|  |TAMS 0x000000008ba00000, 0x000000008ba00000| Untracked 
| 187|0x000000008bb00000, 0x000000008bb00000, 0x000000008bc00000|  0%| F|  |TAMS 0x000000008bb00000, 0x000000008bb00000| Untracked 
| 188|0x000000008bc00000, 0x000000008bc00000, 0x000000008bd00000|  0%| F|  |TAMS 0x000000008bc00000, 0x000000008bc00000| Untracked 
| 189|0x000000008bd00000, 0x000000008bd00000, 0x000000008be00000|  0%| F|  |TAMS 0x000000008bd00000, 0x000000008bd00000| Untracked 
| 190|0x000000008be00000, 0x000000008be00000, 0x000000008bf00000|  0%| F|  |TAMS 0x000000008be00000, 0x000000008be00000| Untracked 
| 191|0x000000008bf00000, 0x000000008bf00000, 0x000000008c000000|  0%| F|  |TAMS 0x000000008bf00000, 0x000000008bf00000| Untracked 
| 192|0x000000008c000000, 0x000000008c000000, 0x000000008c100000|  0%| F|  |TAMS 0x000000008c000000, 0x000000008c000000| Untracked 
| 193|0x000000008c100000, 0x000000008c100000, 0x000000008c200000|  0%| F|  |TAMS 0x000000008c100000, 0x000000008c100000| Untracked 
| 194|0x000000008c200000, 0x000000008c200000, 0x000000008c300000|  0%| F|  |TAMS 0x000000008c200000, 0x000000008c200000| Untracked 
| 195|0x000000008c300000, 0x000000008c300000, 0x000000008c400000|  0%| F|  |TAMS 0x000000008c300000, 0x000000008c300000| Untracked 
| 196|0x000000008c400000, 0x000000008c400000, 0x000000008c500000|  0%| F|  |TAMS 0x000000008c400000, 0x000000008c400000| Untracked 
| 197|0x000000008c500000, 0x000000008c500000, 0x000000008c600000|  0%| F|  |TAMS 0x000000008c500000, 0x000000008c500000| Untracked 
| 198|0x000000008c600000, 0x000000008c600000, 0x000000008c700000|  0%| F|  |TAMS 0x000000008c600000, 0x000000008c600000| Untracked 
| 199|0x000000008c700000, 0x000000008c700000, 0x000000008c800000|  0%| F|  |TAMS 0x000000008c700000, 0x000000008c700000| Untracked 
| 200|0x000000008c800000, 0x000000008c800000, 0x000000008c900000|  0%| F|  |TAMS 0x000000008c800000, 0x000000008c800000| Untracked 
| 201|0x000000008c900000, 0x000000008c900000, 0x000000008ca00000|  0%| F|  |TAMS 0x000000008c900000, 0x000000008c900000| Untracked 
| 202|0x000000008ca00000, 0x000000008ca00000, 0x000000008cb00000|  0%| F|  |TAMS 0x000000008ca00000, 0x000000008ca00000| Untracked 
| 203|0x000000008cb00000, 0x000000008cb00000, 0x000000008cc00000|  0%| F|  |TAMS 0x000000008cb00000, 0x000000008cb00000| Untracked 
| 204|0x000000008cc00000, 0x000000008cc00000, 0x000000008cd00000|  0%| F|  |TAMS 0x000000008cc00000, 0x000000008cc00000| Untracked 
| 205|0x000000008cd00000, 0x000000008cd00000, 0x000000008ce00000|  0%| F|  |TAMS 0x000000008cd00000, 0x000000008cd00000| Untracked 
| 206|0x000000008ce00000, 0x000000008ce00000, 0x000000008cf00000|  0%| F|  |TAMS 0x000000008ce00000, 0x000000008ce00000| Untracked 
| 207|0x000000008cf00000, 0x000000008cf00000, 0x000000008d000000|  0%| F|  |TAMS 0x000000008cf00000, 0x000000008cf00000| Untracked 
| 208|0x000000008d000000, 0x000000008d000000, 0x000000008d100000|  0%| F|  |TAMS 0x000000008d000000, 0x000000008d000000| Untracked 
| 209|0x000000008d100000, 0x000000008d100000, 0x000000008d200000|  0%| F|  |TAMS 0x000000008d100000, 0x000000008d100000| Untracked 
| 210|0x000000008d200000, 0x000000008d200000, 0x000000008d300000|  0%| F|  |TAMS 0x000000008d200000, 0x000000008d200000| Untracked 
| 211|0x000000008d300000, 0x000000008d3f8c28, 0x000000008d400000| 97%| S|CS|TAMS 0x000000008d300000, 0x000000008d300000| Complete 
| 212|0x000000008d400000, 0x000000008d500000, 0x000000008d500000|100%| S|CS|TAMS 0x000000008d400000, 0x000000008d400000| Complete 
| 213|0x000000008d500000, 0x000000008d600000, 0x000000008d600000|100%| S|CS|TAMS 0x000000008d500000, 0x000000008d500000| Complete 
| 214|0x000000008d600000, 0x000000008d700000, 0x000000008d700000|100%| S|CS|TAMS 0x000000008d600000, 0x000000008d600000| Complete 
| 215|0x000000008d700000, 0x000000008d800000, 0x000000008d800000|100%| S|CS|TAMS 0x000000008d700000, 0x000000008d700000| Complete 
| 216|0x000000008d800000, 0x000000008d800000, 0x000000008d900000|  0%| F|  |TAMS 0x000000008d800000, 0x000000008d800000| Untracked 
| 217|0x000000008d900000, 0x000000008d900000, 0x000000008da00000|  0%| F|  |TAMS 0x000000008d900000, 0x000000008d900000| Untracked 
| 218|0x000000008da00000, 0x000000008da00000, 0x000000008db00000|  0%| F|  |TAMS 0x000000008da00000, 0x000000008da00000| Untracked 
| 219|0x000000008db00000, 0x000000008db00000, 0x000000008dc00000|  0%| F|  |TAMS 0x000000008db00000, 0x000000008db00000| Untracked 
| 220|0x000000008dc00000, 0x000000008dc00000, 0x000000008dd00000|  0%| F|  |TAMS 0x000000008dc00000, 0x000000008dc00000| Untracked 
| 221|0x000000008dd00000, 0x000000008dd00000, 0x000000008de00000|  0%| F|  |TAMS 0x000000008dd00000, 0x000000008dd00000| Untracked 
| 222|0x000000008de00000, 0x000000008de00000, 0x000000008df00000|  0%| F|  |TAMS 0x000000008de00000, 0x000000008de00000| Untracked 
| 223|0x000000008df00000, 0x000000008df00000, 0x000000008e000000|  0%| F|  |TAMS 0x000000008df00000, 0x000000008df00000| Untracked 
| 224|0x000000008e000000, 0x000000008e000000, 0x000000008e100000|  0%| F|  |TAMS 0x000000008e000000, 0x000000008e000000| Untracked 
| 225|0x000000008e100000, 0x000000008e100000, 0x000000008e200000|  0%| F|  |TAMS 0x000000008e100000, 0x000000008e100000| Untracked 
| 226|0x000000008e200000, 0x000000008e200000, 0x000000008e300000|  0%| F|  |TAMS 0x000000008e200000, 0x000000008e200000| Untracked 
| 227|0x000000008e300000, 0x000000008e300000, 0x000000008e400000|  0%| F|  |TAMS 0x000000008e300000, 0x000000008e300000| Untracked 
| 228|0x000000008e400000, 0x000000008e400000, 0x000000008e500000|  0%| F|  |TAMS 0x000000008e400000, 0x000000008e400000| Untracked 
| 229|0x000000008e500000, 0x000000008e500000, 0x000000008e600000|  0%| F|  |TAMS 0x000000008e500000, 0x000000008e500000| Untracked 
| 230|0x000000008e600000, 0x000000008e600000, 0x000000008e700000|  0%| F|  |TAMS 0x000000008e600000, 0x000000008e600000| Untracked 
| 231|0x000000008e700000, 0x000000008e700000, 0x000000008e800000|  0%| F|  |TAMS 0x000000008e700000, 0x000000008e700000| Untracked 
| 232|0x000000008e800000, 0x000000008e800000, 0x000000008e900000|  0%| F|  |TAMS 0x000000008e800000, 0x000000008e800000| Untracked 
| 233|0x000000008e900000, 0x000000008e900000, 0x000000008ea00000|  0%| F|  |TAMS 0x000000008e900000, 0x000000008e900000| Untracked 
| 234|0x000000008ea00000, 0x000000008ea00000, 0x000000008eb00000|  0%| F|  |TAMS 0x000000008ea00000, 0x000000008ea00000| Untracked 
| 235|0x000000008eb00000, 0x000000008eb00000, 0x000000008ec00000|  0%| F|  |TAMS 0x000000008eb00000, 0x000000008eb00000| Untracked 
| 236|0x000000008ec00000, 0x000000008ec00000, 0x000000008ed00000|  0%| F|  |TAMS 0x000000008ec00000, 0x000000008ec00000| Untracked 
| 237|0x000000008ed00000, 0x000000008ed00000, 0x000000008ee00000|  0%| F|  |TAMS 0x000000008ed00000, 0x000000008ed00000| Untracked 
| 238|0x000000008ee00000, 0x000000008ee00000, 0x000000008ef00000|  0%| F|  |TAMS 0x000000008ee00000, 0x000000008ee00000| Untracked 
| 239|0x000000008ef00000, 0x000000008ef00000, 0x000000008f000000|  0%| F|  |TAMS 0x000000008ef00000, 0x000000008ef00000| Untracked 
| 240|0x000000008f000000, 0x000000008f000000, 0x000000008f100000|  0%| F|  |TAMS 0x000000008f000000, 0x000000008f000000| Untracked 
| 241|0x000000008f100000, 0x000000008f100000, 0x000000008f200000|  0%| F|  |TAMS 0x000000008f100000, 0x000000008f100000| Untracked 
| 242|0x000000008f200000, 0x000000008f200000, 0x000000008f300000|  0%| F|  |TAMS 0x000000008f200000, 0x000000008f200000| Untracked 
| 243|0x000000008f300000, 0x000000008f300000, 0x000000008f400000|  0%| F|  |TAMS 0x000000008f300000, 0x000000008f300000| Untracked 
| 244|0x000000008f400000, 0x000000008f400000, 0x000000008f500000|  0%| F|  |TAMS 0x000000008f400000, 0x000000008f400000| Untracked 
| 245|0x000000008f500000, 0x000000008f500000, 0x000000008f600000|  0%| F|  |TAMS 0x000000008f500000, 0x000000008f500000| Untracked 
| 246|0x000000008f600000, 0x000000008f600000, 0x000000008f700000|  0%| F|  |TAMS 0x000000008f600000, 0x000000008f600000| Untracked 
| 247|0x000000008f700000, 0x000000008f700000, 0x000000008f800000|  0%| F|  |TAMS 0x000000008f700000, 0x000000008f700000| Untracked 
| 248|0x000000008f800000, 0x000000008f800000, 0x000000008f900000|  0%| F|  |TAMS 0x000000008f800000, 0x000000008f800000| Untracked 
| 249|0x000000008f900000, 0x000000008f900000, 0x000000008fa00000|  0%| F|  |TAMS 0x000000008f900000, 0x000000008f900000| Untracked 
| 250|0x000000008fa00000, 0x000000008fa00000, 0x000000008fb00000|  0%| F|  |TAMS 0x000000008fa00000, 0x000000008fa00000| Untracked 
| 251|0x000000008fb00000, 0x000000008fb00000, 0x000000008fc00000|  0%| F|  |TAMS 0x000000008fb00000, 0x000000008fb00000| Untracked 
| 252|0x000000008fc00000, 0x000000008fc00000, 0x000000008fd00000|  0%| F|  |TAMS 0x000000008fc00000, 0x000000008fc00000| Untracked 
| 253|0x000000008fd00000, 0x000000008fd00000, 0x000000008fe00000|  0%| F|  |TAMS 0x000000008fd00000, 0x000000008fd00000| Untracked 
| 254|0x000000008fe00000, 0x000000008fe00000, 0x000000008ff00000|  0%| F|  |TAMS 0x000000008fe00000, 0x000000008fe00000| Untracked 
| 255|0x000000008ff00000, 0x000000008ff00000, 0x0000000090000000|  0%| F|  |TAMS 0x000000008ff00000, 0x000000008ff00000| Untracked 
| 256|0x0000000090000000, 0x0000000090000000, 0x0000000090100000|  0%| F|  |TAMS 0x0000000090000000, 0x0000000090000000| Untracked 
| 257|0x0000000090100000, 0x0000000090100000, 0x0000000090200000|  0%| F|  |TAMS 0x0000000090100000, 0x0000000090100000| Untracked 
| 258|0x0000000090200000, 0x0000000090200000, 0x0000000090300000|  0%| F|  |TAMS 0x0000000090200000, 0x0000000090200000| Untracked 
| 259|0x0000000090300000, 0x0000000090300000, 0x0000000090400000|  0%| F|  |TAMS 0x0000000090300000, 0x0000000090300000| Untracked 
| 260|0x0000000090400000, 0x0000000090400000, 0x0000000090500000|  0%| F|  |TAMS 0x0000000090400000, 0x0000000090400000| Untracked 
| 261|0x0000000090500000, 0x0000000090500000, 0x0000000090600000|  0%| F|  |TAMS 0x0000000090500000, 0x0000000090500000| Untracked 
| 262|0x0000000090600000, 0x0000000090600000, 0x0000000090700000|  0%| F|  |TAMS 0x0000000090600000, 0x0000000090600000| Untracked 
| 263|0x0000000090700000, 0x0000000090700000, 0x0000000090800000|  0%| F|  |TAMS 0x0000000090700000, 0x0000000090700000| Untracked 
| 264|0x0000000090800000, 0x0000000090800000, 0x0000000090900000|  0%| F|  |TAMS 0x0000000090800000, 0x0000000090800000| Untracked 
| 265|0x0000000090900000, 0x0000000090900000, 0x0000000090a00000|  0%| F|  |TAMS 0x0000000090900000, 0x0000000090900000| Untracked 
| 266|0x0000000090a00000, 0x0000000090a00000, 0x0000000090b00000|  0%| F|  |TAMS 0x0000000090a00000, 0x0000000090a00000| Untracked 
| 267|0x0000000090b00000, 0x0000000090b00000, 0x0000000090c00000|  0%| F|  |TAMS 0x0000000090b00000, 0x0000000090b00000| Untracked 
| 268|0x0000000090c00000, 0x0000000090c00000, 0x0000000090d00000|  0%| F|  |TAMS 0x0000000090c00000, 0x0000000090c00000| Untracked 
| 269|0x0000000090d00000, 0x0000000090d00000, 0x0000000090e00000|  0%| F|  |TAMS 0x0000000090d00000, 0x0000000090d00000| Untracked 
| 270|0x0000000090e00000, 0x0000000090e00000, 0x0000000090f00000|  0%| F|  |TAMS 0x0000000090e00000, 0x0000000090e00000| Untracked 
| 271|0x0000000090f00000, 0x0000000090f00000, 0x0000000091000000|  0%| F|  |TAMS 0x0000000090f00000, 0x0000000090f00000| Untracked 
| 272|0x0000000091000000, 0x0000000091000000, 0x0000000091100000|  0%| F|  |TAMS 0x0000000091000000, 0x0000000091000000| Untracked 
| 273|0x0000000091100000, 0x0000000091100000, 0x0000000091200000|  0%| F|  |TAMS 0x0000000091100000, 0x0000000091100000| Untracked 
| 274|0x0000000091200000, 0x0000000091200000, 0x0000000091300000|  0%| F|  |TAMS 0x0000000091200000, 0x0000000091200000| Untracked 
| 275|0x0000000091300000, 0x0000000091300000, 0x0000000091400000|  0%| F|  |TAMS 0x0000000091300000, 0x0000000091300000| Untracked 
| 276|0x0000000091400000, 0x0000000091400000, 0x0000000091500000|  0%| F|  |TAMS 0x0000000091400000, 0x0000000091400000| Untracked 
| 277|0x0000000091500000, 0x0000000091500000, 0x0000000091600000|  0%| F|  |TAMS 0x0000000091500000, 0x0000000091500000| Untracked 
| 278|0x0000000091600000, 0x0000000091600000, 0x0000000091700000|  0%| F|  |TAMS 0x0000000091600000, 0x0000000091600000| Untracked 
| 279|0x0000000091700000, 0x0000000091700000, 0x0000000091800000|  0%| F|  |TAMS 0x0000000091700000, 0x0000000091700000| Untracked 
| 280|0x0000000091800000, 0x0000000091800000, 0x0000000091900000|  0%| F|  |TAMS 0x0000000091800000, 0x0000000091800000| Untracked 
| 281|0x0000000091900000, 0x0000000091900000, 0x0000000091a00000|  0%| F|  |TAMS 0x0000000091900000, 0x0000000091900000| Untracked 
| 282|0x0000000091a00000, 0x0000000091a00000, 0x0000000091b00000|  0%| F|  |TAMS 0x0000000091a00000, 0x0000000091a00000| Untracked 
| 283|0x0000000091b00000, 0x0000000091b00000, 0x0000000091c00000|  0%| F|  |TAMS 0x0000000091b00000, 0x0000000091b00000| Untracked 
| 284|0x0000000091c00000, 0x0000000091c00000, 0x0000000091d00000|  0%| F|  |TAMS 0x0000000091c00000, 0x0000000091c00000| Untracked 
| 285|0x0000000091d00000, 0x0000000091d00000, 0x0000000091e00000|  0%| F|  |TAMS 0x0000000091d00000, 0x0000000091d00000| Untracked 
| 286|0x0000000091e00000, 0x0000000091e00000, 0x0000000091f00000|  0%| F|  |TAMS 0x0000000091e00000, 0x0000000091e00000| Untracked 
| 287|0x0000000091f00000, 0x0000000091f00000, 0x0000000092000000|  0%| F|  |TAMS 0x0000000091f00000, 0x0000000091f00000| Untracked 
| 288|0x0000000092000000, 0x0000000092000000, 0x0000000092100000|  0%| F|  |TAMS 0x0000000092000000, 0x0000000092000000| Untracked 
| 289|0x0000000092100000, 0x0000000092100000, 0x0000000092200000|  0%| F|  |TAMS 0x0000000092100000, 0x0000000092100000| Untracked 
| 290|0x0000000092200000, 0x0000000092200000, 0x0000000092300000|  0%| F|  |TAMS 0x0000000092200000, 0x0000000092200000| Untracked 
| 291|0x0000000092300000, 0x0000000092300000, 0x0000000092400000|  0%| F|  |TAMS 0x0000000092300000, 0x0000000092300000| Untracked 
| 292|0x0000000092400000, 0x0000000092400000, 0x0000000092500000|  0%| F|  |TAMS 0x0000000092400000, 0x0000000092400000| Untracked 
| 293|0x0000000092500000, 0x0000000092500000, 0x0000000092600000|  0%| F|  |TAMS 0x0000000092500000, 0x0000000092500000| Untracked 
| 294|0x0000000092600000, 0x0000000092600000, 0x0000000092700000|  0%| F|  |TAMS 0x0000000092600000, 0x0000000092600000| Untracked 
| 295|0x0000000092700000, 0x0000000092700000, 0x0000000092800000|  0%| F|  |TAMS 0x0000000092700000, 0x0000000092700000| Untracked 
| 296|0x0000000092800000, 0x0000000092800000, 0x0000000092900000|  0%| F|  |TAMS 0x0000000092800000, 0x0000000092800000| Untracked 
| 297|0x0000000092900000, 0x0000000092900000, 0x0000000092a00000|  0%| F|  |TAMS 0x0000000092900000, 0x0000000092900000| Untracked 
| 298|0x0000000092a00000, 0x0000000092a00000, 0x0000000092b00000|  0%| F|  |TAMS 0x0000000092a00000, 0x0000000092a00000| Untracked 
| 299|0x0000000092b00000, 0x0000000092b00000, 0x0000000092c00000|  0%| F|  |TAMS 0x0000000092b00000, 0x0000000092b00000| Untracked 
| 300|0x0000000092c00000, 0x0000000092c00000, 0x0000000092d00000|  0%| F|  |TAMS 0x0000000092c00000, 0x0000000092c00000| Untracked 
| 301|0x0000000092d00000, 0x0000000092d00000, 0x0000000092e00000|  0%| F|  |TAMS 0x0000000092d00000, 0x0000000092d00000| Untracked 
| 302|0x0000000092e00000, 0x0000000092e00000, 0x0000000092f00000|  0%| F|  |TAMS 0x0000000092e00000, 0x0000000092e00000| Untracked 
| 303|0x0000000092f00000, 0x0000000092f00000, 0x0000000093000000|  0%| F|  |TAMS 0x0000000092f00000, 0x0000000092f00000| Untracked 
| 304|0x0000000093000000, 0x0000000093000000, 0x0000000093100000|  0%| F|  |TAMS 0x0000000093000000, 0x0000000093000000| Untracked 
| 305|0x0000000093100000, 0x0000000093100000, 0x0000000093200000|  0%| F|  |TAMS 0x0000000093100000, 0x0000000093100000| Untracked 
| 306|0x0000000093200000, 0x0000000093200000, 0x0000000093300000|  0%| F|  |TAMS 0x0000000093200000, 0x0000000093200000| Untracked 
| 307|0x0000000093300000, 0x0000000093300000, 0x0000000093400000|  0%| F|  |TAMS 0x0000000093300000, 0x0000000093300000| Untracked 
| 308|0x0000000093400000, 0x0000000093400000, 0x0000000093500000|  0%| F|  |TAMS 0x0000000093400000, 0x0000000093400000| Untracked 
| 309|0x0000000093500000, 0x0000000093500000, 0x0000000093600000|  0%| F|  |TAMS 0x0000000093500000, 0x0000000093500000| Untracked 
| 310|0x0000000093600000, 0x0000000093600000, 0x0000000093700000|  0%| F|  |TAMS 0x0000000093600000, 0x0000000093600000| Untracked 
| 311|0x0000000093700000, 0x0000000093700000, 0x0000000093800000|  0%| F|  |TAMS 0x0000000093700000, 0x0000000093700000| Untracked 
| 312|0x0000000093800000, 0x0000000093800000, 0x0000000093900000|  0%| F|  |TAMS 0x0000000093800000, 0x0000000093800000| Untracked 
| 313|0x0000000093900000, 0x0000000093900000, 0x0000000093a00000|  0%| F|  |TAMS 0x0000000093900000, 0x0000000093900000| Untracked 
| 314|0x0000000093a00000, 0x0000000093a00000, 0x0000000093b00000|  0%| F|  |TAMS 0x0000000093a00000, 0x0000000093a00000| Untracked 
| 315|0x0000000093b00000, 0x0000000093b00000, 0x0000000093c00000|  0%| F|  |TAMS 0x0000000093b00000, 0x0000000093b00000| Untracked 
| 316|0x0000000093c00000, 0x0000000093c00000, 0x0000000093d00000|  0%| F|  |TAMS 0x0000000093c00000, 0x0000000093c00000| Untracked 
| 317|0x0000000093d00000, 0x0000000093d00000, 0x0000000093e00000|  0%| F|  |TAMS 0x0000000093d00000, 0x0000000093d00000| Untracked 
| 318|0x0000000093e00000, 0x0000000093e00000, 0x0000000093f00000|  0%| F|  |TAMS 0x0000000093e00000, 0x0000000093e00000| Untracked 
| 319|0x0000000093f00000, 0x0000000093f00000, 0x0000000094000000|  0%| F|  |TAMS 0x0000000093f00000, 0x0000000093f00000| Untracked 
| 320|0x0000000094000000, 0x0000000094000000, 0x0000000094100000|  0%| F|  |TAMS 0x0000000094000000, 0x0000000094000000| Untracked 
| 321|0x0000000094100000, 0x0000000094100000, 0x0000000094200000|  0%| F|  |TAMS 0x0000000094100000, 0x0000000094100000| Untracked 
| 322|0x0000000094200000, 0x0000000094200000, 0x0000000094300000|  0%| F|  |TAMS 0x0000000094200000, 0x0000000094200000| Untracked 
| 323|0x0000000094300000, 0x0000000094300000, 0x0000000094400000|  0%| F|  |TAMS 0x0000000094300000, 0x0000000094300000| Untracked 
| 324|0x0000000094400000, 0x0000000094400000, 0x0000000094500000|  0%| F|  |TAMS 0x0000000094400000, 0x0000000094400000| Untracked 
| 325|0x0000000094500000, 0x0000000094500000, 0x0000000094600000|  0%| F|  |TAMS 0x0000000094500000, 0x0000000094500000| Untracked 
| 326|0x0000000094600000, 0x0000000094600000, 0x0000000094700000|  0%| F|  |TAMS 0x0000000094600000, 0x0000000094600000| Untracked 
| 327|0x0000000094700000, 0x0000000094700000, 0x0000000094800000|  0%| F|  |TAMS 0x0000000094700000, 0x0000000094700000| Untracked 
| 328|0x0000000094800000, 0x0000000094800000, 0x0000000094900000|  0%| F|  |TAMS 0x0000000094800000, 0x0000000094800000| Untracked 
| 329|0x0000000094900000, 0x0000000094900000, 0x0000000094a00000|  0%| F|  |TAMS 0x0000000094900000, 0x0000000094900000| Untracked 
| 330|0x0000000094a00000, 0x0000000094a00000, 0x0000000094b00000|  0%| F|  |TAMS 0x0000000094a00000, 0x0000000094a00000| Untracked 
| 331|0x0000000094b00000, 0x0000000094b00000, 0x0000000094c00000|  0%| F|  |TAMS 0x0000000094b00000, 0x0000000094b00000| Untracked 
| 332|0x0000000094c00000, 0x0000000094c00000, 0x0000000094d00000|  0%| F|  |TAMS 0x0000000094c00000, 0x0000000094c00000| Untracked 
| 333|0x0000000094d00000, 0x0000000094d00000, 0x0000000094e00000|  0%| F|  |TAMS 0x0000000094d00000, 0x0000000094d00000| Untracked 
| 334|0x0000000094e00000, 0x0000000094e00000, 0x0000000094f00000|  0%| F|  |TAMS 0x0000000094e00000, 0x0000000094e00000| Untracked 
| 335|0x0000000094f00000, 0x0000000094f00000, 0x0000000095000000|  0%| F|  |TAMS 0x0000000094f00000, 0x0000000094f00000| Untracked 
| 336|0x0000000095000000, 0x0000000095000000, 0x0000000095100000|  0%| F|  |TAMS 0x0000000095000000, 0x0000000095000000| Untracked 
| 337|0x0000000095100000, 0x0000000095100000, 0x0000000095200000|  0%| F|  |TAMS 0x0000000095100000, 0x0000000095100000| Untracked 
| 338|0x0000000095200000, 0x0000000095200000, 0x0000000095300000|  0%| F|  |TAMS 0x0000000095200000, 0x0000000095200000| Untracked 
| 339|0x0000000095300000, 0x0000000095300000, 0x0000000095400000|  0%| F|  |TAMS 0x0000000095300000, 0x0000000095300000| Untracked 
| 340|0x0000000095400000, 0x0000000095400000, 0x0000000095500000|  0%| F|  |TAMS 0x0000000095400000, 0x0000000095400000| Untracked 
| 341|0x0000000095500000, 0x0000000095500000, 0x0000000095600000|  0%| F|  |TAMS 0x0000000095500000, 0x0000000095500000| Untracked 
| 342|0x0000000095600000, 0x0000000095600000, 0x0000000095700000|  0%| F|  |TAMS 0x0000000095600000, 0x0000000095600000| Untracked 
| 343|0x0000000095700000, 0x0000000095700000, 0x0000000095800000|  0%| F|  |TAMS 0x0000000095700000, 0x0000000095700000| Untracked 
| 344|0x0000000095800000, 0x0000000095800000, 0x0000000095900000|  0%| F|  |TAMS 0x0000000095800000, 0x0000000095800000| Untracked 
| 345|0x0000000095900000, 0x0000000095900000, 0x0000000095a00000|  0%| F|  |TAMS 0x0000000095900000, 0x0000000095900000| Untracked 
| 346|0x0000000095a00000, 0x0000000095a00000, 0x0000000095b00000|  0%| F|  |TAMS 0x0000000095a00000, 0x0000000095a00000| Untracked 
| 347|0x0000000095b00000, 0x0000000095b00000, 0x0000000095c00000|  0%| F|  |TAMS 0x0000000095b00000, 0x0000000095b00000| Untracked 
| 348|0x0000000095c00000, 0x0000000095c00000, 0x0000000095d00000|  0%| F|  |TAMS 0x0000000095c00000, 0x0000000095c00000| Untracked 
| 349|0x0000000095d00000, 0x0000000095d00000, 0x0000000095e00000|  0%| F|  |TAMS 0x0000000095d00000, 0x0000000095d00000| Untracked 
| 350|0x0000000095e00000, 0x0000000095e00000, 0x0000000095f00000|  0%| F|  |TAMS 0x0000000095e00000, 0x0000000095e00000| Untracked 
| 351|0x0000000095f00000, 0x0000000095f00000, 0x0000000096000000|  0%| F|  |TAMS 0x0000000095f00000, 0x0000000095f00000| Untracked 
| 352|0x0000000096000000, 0x0000000096000000, 0x0000000096100000|  0%| F|  |TAMS 0x0000000096000000, 0x0000000096000000| Untracked 
| 353|0x0000000096100000, 0x0000000096100000, 0x0000000096200000|  0%| F|  |TAMS 0x0000000096100000, 0x0000000096100000| Untracked 
| 354|0x0000000096200000, 0x0000000096200000, 0x0000000096300000|  0%| F|  |TAMS 0x0000000096200000, 0x0000000096200000| Untracked 
| 355|0x0000000096300000, 0x0000000096300000, 0x0000000096400000|  0%| F|  |TAMS 0x0000000096300000, 0x0000000096300000| Untracked 
| 356|0x0000000096400000, 0x0000000096400000, 0x0000000096500000|  0%| F|  |TAMS 0x0000000096400000, 0x0000000096400000| Untracked 
| 357|0x0000000096500000, 0x0000000096500000, 0x0000000096600000|  0%| F|  |TAMS 0x0000000096500000, 0x0000000096500000| Untracked 
| 358|0x0000000096600000, 0x0000000096600000, 0x0000000096700000|  0%| F|  |TAMS 0x0000000096600000, 0x0000000096600000| Untracked 
| 359|0x0000000096700000, 0x0000000096700000, 0x0000000096800000|  0%| F|  |TAMS 0x0000000096700000, 0x0000000096700000| Untracked 
| 360|0x0000000096800000, 0x0000000096800000, 0x0000000096900000|  0%| F|  |TAMS 0x0000000096800000, 0x0000000096800000| Untracked 
| 361|0x0000000096900000, 0x0000000096900000, 0x0000000096a00000|  0%| F|  |TAMS 0x0000000096900000, 0x0000000096900000| Untracked 
| 362|0x0000000096a00000, 0x0000000096a00000, 0x0000000096b00000|  0%| F|  |TAMS 0x0000000096a00000, 0x0000000096a00000| Untracked 
| 363|0x0000000096b00000, 0x0000000096b00000, 0x0000000096c00000|  0%| F|  |TAMS 0x0000000096b00000, 0x0000000096b00000| Untracked 
| 364|0x0000000096c00000, 0x0000000096c00000, 0x0000000096d00000|  0%| F|  |TAMS 0x0000000096c00000, 0x0000000096c00000| Untracked 
| 365|0x0000000096d00000, 0x0000000096d00000, 0x0000000096e00000|  0%| F|  |TAMS 0x0000000096d00000, 0x0000000096d00000| Untracked 
| 366|0x0000000096e00000, 0x0000000096e00000, 0x0000000096f00000|  0%| F|  |TAMS 0x0000000096e00000, 0x0000000096e00000| Untracked 
| 367|0x0000000096f00000, 0x0000000096f00000, 0x0000000097000000|  0%| F|  |TAMS 0x0000000096f00000, 0x0000000096f00000| Untracked 
| 368|0x0000000097000000, 0x0000000097000000, 0x0000000097100000|  0%| F|  |TAMS 0x0000000097000000, 0x0000000097000000| Untracked 
| 369|0x0000000097100000, 0x0000000097100000, 0x0000000097200000|  0%| F|  |TAMS 0x0000000097100000, 0x0000000097100000| Untracked 
| 370|0x0000000097200000, 0x0000000097200000, 0x0000000097300000|  0%| F|  |TAMS 0x0000000097200000, 0x0000000097200000| Untracked 
| 371|0x0000000097300000, 0x0000000097300000, 0x0000000097400000|  0%| F|  |TAMS 0x0000000097300000, 0x0000000097300000| Untracked 
| 372|0x0000000097400000, 0x0000000097400000, 0x0000000097500000|  0%| F|  |TAMS 0x0000000097400000, 0x0000000097400000| Untracked 
| 373|0x0000000097500000, 0x0000000097500000, 0x0000000097600000|  0%| F|  |TAMS 0x0000000097500000, 0x0000000097500000| Untracked 
| 374|0x0000000097600000, 0x0000000097600000, 0x0000000097700000|  0%| F|  |TAMS 0x0000000097600000, 0x0000000097600000| Untracked 
| 375|0x0000000097700000, 0x0000000097700000, 0x0000000097800000|  0%| F|  |TAMS 0x0000000097700000, 0x0000000097700000| Untracked 
| 376|0x0000000097800000, 0x0000000097800000, 0x0000000097900000|  0%| F|  |TAMS 0x0000000097800000, 0x0000000097800000| Untracked 
| 377|0x0000000097900000, 0x0000000097900000, 0x0000000097a00000|  0%| F|  |TAMS 0x0000000097900000, 0x0000000097900000| Untracked 
| 378|0x0000000097a00000, 0x0000000097a00000, 0x0000000097b00000|  0%| F|  |TAMS 0x0000000097a00000, 0x0000000097a00000| Untracked 
| 379|0x0000000097b00000, 0x0000000097b00000, 0x0000000097c00000|  0%| F|  |TAMS 0x0000000097b00000, 0x0000000097b00000| Untracked 
| 380|0x0000000097c00000, 0x0000000097c00000, 0x0000000097d00000|  0%| F|  |TAMS 0x0000000097c00000, 0x0000000097c00000| Untracked 
| 381|0x0000000097d00000, 0x0000000097d00000, 0x0000000097e00000|  0%| F|  |TAMS 0x0000000097d00000, 0x0000000097d00000| Untracked 
| 382|0x0000000097e00000, 0x0000000097e00000, 0x0000000097f00000|  0%| F|  |TAMS 0x0000000097e00000, 0x0000000097e00000| Untracked 
| 383|0x0000000097f00000, 0x0000000097f00000, 0x0000000098000000|  0%| F|  |TAMS 0x0000000097f00000, 0x0000000097f00000| Untracked 
| 384|0x0000000098000000, 0x0000000098000000, 0x0000000098100000|  0%| F|  |TAMS 0x0000000098000000, 0x0000000098000000| Untracked 
| 385|0x0000000098100000, 0x0000000098100000, 0x0000000098200000|  0%| F|  |TAMS 0x0000000098100000, 0x0000000098100000| Untracked 
| 386|0x0000000098200000, 0x0000000098200000, 0x0000000098300000|  0%| F|  |TAMS 0x0000000098200000, 0x0000000098200000| Untracked 
| 387|0x0000000098300000, 0x0000000098300000, 0x0000000098400000|  0%| F|  |TAMS 0x0000000098300000, 0x0000000098300000| Untracked 
| 388|0x0000000098400000, 0x0000000098400000, 0x0000000098500000|  0%| F|  |TAMS 0x0000000098400000, 0x0000000098400000| Untracked 
| 389|0x0000000098500000, 0x0000000098500000, 0x0000000098600000|  0%| F|  |TAMS 0x0000000098500000, 0x0000000098500000| Untracked 
| 390|0x0000000098600000, 0x0000000098600000, 0x0000000098700000|  0%| F|  |TAMS 0x0000000098600000, 0x0000000098600000| Untracked 
| 391|0x0000000098700000, 0x0000000098700000, 0x0000000098800000|  0%| F|  |TAMS 0x0000000098700000, 0x0000000098700000| Untracked 
| 392|0x0000000098800000, 0x0000000098800000, 0x0000000098900000|  0%| F|  |TAMS 0x0000000098800000, 0x0000000098800000| Untracked 
| 393|0x0000000098900000, 0x0000000098900000, 0x0000000098a00000|  0%| F|  |TAMS 0x0000000098900000, 0x0000000098900000| Untracked 
| 394|0x0000000098a00000, 0x0000000098a00000, 0x0000000098b00000|  0%| F|  |TAMS 0x0000000098a00000, 0x0000000098a00000| Untracked 
| 395|0x0000000098b00000, 0x0000000098b00000, 0x0000000098c00000|  0%| F|  |TAMS 0x0000000098b00000, 0x0000000098b00000| Untracked 
| 396|0x0000000098c00000, 0x0000000098c00000, 0x0000000098d00000|  0%| F|  |TAMS 0x0000000098c00000, 0x0000000098c00000| Untracked 
| 397|0x0000000098d00000, 0x0000000098d00000, 0x0000000098e00000|  0%| F|  |TAMS 0x0000000098d00000, 0x0000000098d00000| Untracked 
| 398|0x0000000098e00000, 0x0000000098e00000, 0x0000000098f00000|  0%| F|  |TAMS 0x0000000098e00000, 0x0000000098e00000| Untracked 
| 399|0x0000000098f00000, 0x0000000098f00000, 0x0000000099000000|  0%| F|  |TAMS 0x0000000098f00000, 0x0000000098f00000| Untracked 
| 400|0x0000000099000000, 0x0000000099000000, 0x0000000099100000|  0%| F|  |TAMS 0x0000000099000000, 0x0000000099000000| Untracked 
| 401|0x0000000099100000, 0x0000000099100000, 0x0000000099200000|  0%| F|  |TAMS 0x0000000099100000, 0x0000000099100000| Untracked 
| 402|0x0000000099200000, 0x0000000099200000, 0x0000000099300000|  0%| F|  |TAMS 0x0000000099200000, 0x0000000099200000| Untracked 
| 403|0x0000000099300000, 0x0000000099300000, 0x0000000099400000|  0%| F|  |TAMS 0x0000000099300000, 0x0000000099300000| Untracked 
| 404|0x0000000099400000, 0x0000000099400000, 0x0000000099500000|  0%| F|  |TAMS 0x0000000099400000, 0x0000000099400000| Untracked 

Card table byte_map: [0x000002053c220000,0x000002053c620000] _byte_map_base: 0x000002053be20000

Marking Bits (Prev, Next): (CMBitMap*) 0x0000020529471220, (CMBitMap*) 0x00000205294711e0
 Prev Bits: [0x000002053ea20000, 0x0000020540a20000)
 Next Bits: [0x000002053ca20000, 0x000002053ea20000)

Polling page: 0x00000205273c0000

Metaspace:

Usage:
  Non-class:    118.75 MB used.
      Class:     19.14 MB used.
       Both:    137.88 MB used.

Virtual space:
  Non-class space:      128.00 MB reserved,     119.50 MB ( 93%) committed,  16 nodes.
      Class space:        1.00 GB reserved,      19.81 MB (  2%) committed,  1 nodes.
             Both:        1.12 GB reserved,     139.31 MB ( 12%) committed. 

Chunk freelists:
   Non-Class:  3.90 MB
       Class:  193.00 KB
        Both:  4.09 MB

MaxMetaspaceSize: unlimited
CompressedClassSpaceSize: 1.00 GB
Initial GC threshold: 21.00 MB
Current GC threshold: 231.88 MB
CDS: off
MetaspaceReclaimPolicy: balanced
 - commit_granule_bytes: 65536.
 - commit_granule_words: 8192.
 - virtual_space_node_default_size: 1048576.
 - enlarge_chunks_in_place: 1.
 - new_chunks_are_fully_committed: 0.
 - uncommit_free_chunks: 1.
 - use_allocation_guard: 0.
 - handle_deallocations: 1.


Internal statistics:

num_allocs_failed_limit: 6.
num_arena_births: 3062.
num_arena_deaths: 422.
num_vsnodes_births: 17.
num_vsnodes_deaths: 0.
num_space_committed: 2227.
num_space_uncommitted: 0.
num_chunks_returned_to_freelist: 540.
num_chunks_taken_from_freelist: 8951.
num_chunk_merges: 204.
num_chunk_splits: 5481.
num_chunks_enlarged: 3181.
num_purges: 6.
num_inconsistent_stats: 0.

CodeHeap 'non-profiled nmethods': size=120000Kb used=19809Kb max_used=19809Kb free=100190Kb
 bounds [0x00000205343a0000, 0x0000020535700000, 0x000002053b8d0000]
CodeHeap 'profiled nmethods': size=120000Kb used=45417Kb max_used=46214Kb free=74582Kb
 bounds [0x000002052c8d0000, 0x000002052f600000, 0x0000020533e00000]
CodeHeap 'non-nmethods': size=5760Kb used=2489Kb max_used=2572Kb free=3270Kb
 bounds [0x0000020533e00000, 0x0000020534090000, 0x00000205343a0000]
 total_blobs=23883 nmethods=22852 adapters=941
 compilation: enabled
              stopped_count=0, restarted_count=0
 full_count=0

Compilation events (20 events):
Event: 5597.139 Thread 0x00000205440c73c0 31381       2       com.android.tools.r8.internal.oo::d (9 bytes)
Event: 5597.139 Thread 0x00000205440c73c0 nmethod 31381 0x000002052eade290 code [0x000002052eade420, 0x000002052eade548]
Event: 5597.198 Thread 0x00000205440c73c0 31385 %     3       com.android.tools.r8.ir.optimize.g0::a @ 57 (133 bytes)
Event: 5597.200 Thread 0x00000205440c73c0 nmethod 31385% 0x000002052de22290 code [0x000002052de22540, 0x000002052de235c8]
Event: 5597.206 Thread 0x00000205440b0b90 nmethod 31306 0x00000205356e4a10 code [0x00000205356e5180, 0x00000205356ecf38]
Event: 5597.207 Thread 0x00000205440b0b90 31316       4       com.android.tools.r8.ir.optimize.F::p (2065 bytes)
Event: 5597.253 Thread 0x00000205440c73c0 31386       2       com.android.tools.r8.internal.T4::F2 (5 bytes)
Event: 5597.254 Thread 0x00000205440c73c0 nmethod 31386 0x000002052eb15990 code [0x000002052eb15b20, 0x000002052eb15c48]
Event: 5597.254 Thread 0x000002054fbe7e00 nmethod 31334 0x00000205356f2190 code [0x00000205356f24c0, 0x00000205356f6220]
Event: 5597.255 Thread 0x000002054fbe7e00 31321 %     4       com.android.tools.r8.internal.ll::d @ 652 (1116 bytes)
Event: 5597.355 Thread 0x00000205440c73c0 31392       3       com.android.tools.r8.internal.GQ::a (75 bytes)
Event: 5597.356 Thread 0x00000205440c73c0 nmethod 31392 0x000002052de21b90 code [0x000002052de21d40, 0x000002052de22078]
Event: 5597.360 Thread 0x00000205440c73c0 31393 %     3       com.android.tools.r8.internal.Zb::a @ 6 (32 bytes)
Event: 5597.360 Thread 0x00000205440c73c0 nmethod 31393% 0x000002052f041410 code [0x000002052f0415c0, 0x000002052f0418a8]
Event: 5597.377 Thread 0x00000205440c73c0 31397       3       com.android.tools.r8.internal.od::a (303 bytes)
Event: 5597.381 Thread 0x00000205440c73c0 nmethod 31397 0x000002052eb96210 code [0x000002052eb96540, 0x000002052eb97f88]
Event: 5597.381 Thread 0x00000205440c73c0 31398       1       com.android.tools.r8.graph.j0::f (5 bytes)
Event: 5597.382 Thread 0x00000205440c73c0 nmethod 31398 0x00000205356f8490 code [0x00000205356f8620, 0x00000205356f86f8]
Event: 5597.397 Thread 0x00000205440c73c0 31402       2       java.io.FileOutputStream::<init> (111 bytes)
Event: 5597.400 Thread 0x00000205440c73c0 nmethod 31402 0x000002052eb95590 code [0x000002052eb957a0, 0x000002052eb95d28]

GC Heap History (20 events):
Event: 3896.512 GC heap after
{Heap after GC invocations=114 (full 0):
 garbage-first heap   total 414720K, used 136270K [0x0000000080000000, 0x0000000100000000)
  region size 1024K, 2 young (2048K), 2 survivors (2048K)
 Metaspace       used 139395K, committed 140480K, reserved 1171456K
  class space    used 19311K, committed 19904K, reserved 1048576K
}
Event: 3898.678 GC heap before
{Heap before GC invocations=114 (full 0):
 garbage-first heap   total 414720K, used 271438K [0x0000000080000000, 0x0000000100000000)
  region size 1024K, 136 young (139264K), 2 survivors (2048K)
 Metaspace       used 139444K, committed 140544K, reserved 1171456K
  class space    used 19311K, committed 19904K, reserved 1048576K
}
Event: 3898.690 GC heap after
{Heap after GC invocations=115 (full 0):
 garbage-first heap   total 414720K, used 141700K [0x0000000080000000, 0x0000000100000000)
  region size 1024K, 7 young (7168K), 7 survivors (7168K)
 Metaspace       used 139444K, committed 140544K, reserved 1171456K
  class space    used 19311K, committed 19904K, reserved 1048576K
}
Event: 4789.345 GC heap before
{Heap before GC invocations=116 (full 0):
 garbage-first heap   total 414720K, used 375172K [0x0000000080000000, 0x0000000100000000)
  region size 1024K, 210 young (215040K), 7 survivors (7168K)
 Metaspace       used 140729K, committed 142208K, reserved 1171456K
  class space    used 19568K, committed 20288K, reserved 1048576K
}
Event: 4789.488 GC heap after
{Heap after GC invocations=117 (full 0):
 garbage-first heap   total 414720K, used 152052K [0x0000000080000000, 0x0000000100000000)
  region size 1024K, 17 young (17408K), 17 survivors (17408K)
 Metaspace       used 140729K, committed 142208K, reserved 1171456K
  class space    used 19568K, committed 20288K, reserved 1048576K
}
Event: 4789.561 GC heap before
{Heap before GC invocations=117 (full 0):
 garbage-first heap   total 414720K, used 155124K [0x0000000080000000, 0x0000000100000000)
  region size 1024K, 20 young (20480K), 17 survivors (17408K)
 Metaspace       used 140729K, committed 142208K, reserved 1171456K
  class space    used 19568K, committed 20288K, reserved 1048576K
}
Event: 4789.675 GC heap after
{Heap after GC invocations=118 (full 0):
 garbage-first heap   total 414720K, used 146602K [0x0000000080000000, 0x0000000100000000)
  region size 1024K, 2 young (2048K), 2 survivors (2048K)
 Metaspace       used 140729K, committed 142208K, reserved 1171456K
  class space    used 19568K, committed 20288K, reserved 1048576K
}
Event: 4792.064 GC heap before
{Heap before GC invocations=118 (full 0):
 garbage-first heap   total 414720K, used 339114K [0x0000000080000000, 0x0000000100000000)
  region size 1024K, 191 young (195584K), 2 survivors (2048K)
 Metaspace       used 140747K, committed 142208K, reserved 1171456K
  class space    used 19568K, committed 20288K, reserved 1048576K
}
Event: 4792.076 GC heap after
{Heap after GC invocations=119 (full 0):
 garbage-first heap   total 414720K, used 149983K [0x0000000080000000, 0x0000000100000000)
  region size 1024K, 5 young (5120K), 5 survivors (5120K)
 Metaspace       used 140747K, committed 142208K, reserved 1171456K
  class space    used 19568K, committed 20288K, reserved 1048576K
}
Event: 4938.246 GC heap before
{Heap before GC invocations=120 (full 0):
 garbage-first heap   total 414720K, used 367071K [0x0000000080000000, 0x0000000100000000)
  region size 1024K, 194 young (198656K), 5 survivors (5120K)
 Metaspace       used 141011K, committed 142464K, reserved 1171456K
  class space    used 19595K, committed 20288K, reserved 1048576K
}
Event: 4938.267 GC heap after
{Heap after GC invocations=121 (full 0):
 garbage-first heap   total 414720K, used 156349K [0x0000000080000000, 0x0000000100000000)
  region size 1024K, 13 young (13312K), 13 survivors (13312K)
 Metaspace       used 141011K, committed 142464K, reserved 1171456K
  class space    used 19595K, committed 20288K, reserved 1048576K
}
Event: 4938.376 GC heap before
{Heap before GC invocations=121 (full 0):
 garbage-first heap   total 414720K, used 163517K [0x0000000080000000, 0x0000000100000000)
  region size 1024K, 20 young (20480K), 13 survivors (13312K)
 Metaspace       used 141011K, committed 142464K, reserved 1171456K
  class space    used 19595K, committed 20288K, reserved 1048576K
}
Event: 4938.415 GC heap after
{Heap after GC invocations=122 (full 0):
 garbage-first heap   total 414720K, used 138875K [0x0000000080000000, 0x0000000100000000)
  region size 1024K, 1 young (1024K), 1 survivors (1024K)
 Metaspace       used 141011K, committed 142464K, reserved 1171456K
  class space    used 19595K, committed 20288K, reserved 1048576K
}
Event: 4939.418 GC heap before
{Heap before GC invocations=122 (full 0):
 garbage-first heap   total 414720K, used 208507K [0x0000000080000000, 0x0000000100000000)
  region size 1024K, 71 young (72704K), 1 survivors (1024K)
 Metaspace       used 141020K, committed 142464K, reserved 1171456K
  class space    used 19595K, committed 20288K, reserved 1048576K
}
Event: 4939.428 GC heap after
{Heap after GC invocations=123 (full 0):
 garbage-first heap   total 414720K, used 144992K [0x0000000080000000, 0x0000000100000000)
  region size 1024K, 7 young (7168K), 7 survivors (7168K)
 Metaspace       used 141020K, committed 142464K, reserved 1171456K
  class space    used 19595K, committed 20288K, reserved 1048576K
}
Event: 5596.648 GC heap before
{Heap before GC invocations=124 (full 0):
 garbage-first heap   total 414720K, used 365152K [0x0000000080000000, 0x0000000100000000)
  region size 1024K, 198 young (202752K), 7 survivors (7168K)
 Metaspace       used 141190K, committed 142656K, reserved 1179648K
  class space    used 19597K, committed 20288K, reserved 1048576K
}
Event: 5596.697 GC heap after
{Heap after GC invocations=125 (full 0):
 garbage-first heap   total 414720K, used 153990K [0x0000000080000000, 0x0000000100000000)
  region size 1024K, 17 young (17408K), 17 survivors (17408K)
 Metaspace       used 141190K, committed 142656K, reserved 1179648K
  class space    used 19597K, committed 20288K, reserved 1048576K
}
Event: 5596.724 GC heap before
{Heap before GC invocations=125 (full 0):
 garbage-first heap   total 414720K, used 157062K [0x0000000080000000, 0x0000000100000000)
  region size 1024K, 20 young (20480K), 17 survivors (17408K)
 Metaspace       used 141190K, committed 142656K, reserved 1179648K
  class space    used 19597K, committed 20288K, reserved 1048576K
}
Event: 5596.760 GC heap after
{Heap after GC invocations=126 (full 0):
 garbage-first heap   total 414720K, used 142034K [0x0000000080000000, 0x0000000100000000)
  region size 1024K, 2 young (2048K), 2 survivors (2048K)
 Metaspace       used 141190K, committed 142656K, reserved 1179648K
  class space    used 19597K, committed 20288K, reserved 1048576K
}
Event: 5597.409 GC heap before
{Heap before GC invocations=126 (full 0):
 garbage-first heap   total 414720K, used 332498K [0x0000000080000000, 0x0000000100000000)
  region size 1024K, 189 young (193536K), 2 survivors (2048K)
 Metaspace       used 141192K, committed 142656K, reserved 1179648K
  class space    used 19597K, committed 20288K, reserved 1048576K
}

Dll operation events (2 events):
Event: 0.021 Loaded shared library C:\Program Files\Android\Android Studio\jbr\bin\java.dll
Event: 1.467 Loaded shared library C:\Program Files\Android\Android Studio\jbr\bin\verify.dll

Deoptimization events (20 events):
Event: 5596.517 Thread 0x000002054878ef30 Uncommon trap: trap_request=0xffffff6e fr.pc=0x000002053553dd40 relative=0x0000000000006440
Event: 5596.517 Thread 0x000002054878ef30 Uncommon trap: reason=loop_limit_check action=maybe_recompile pc=0x000002053553dd40 method=com.android.tools.r8.internal.B8.a(Lcom/android/tools/r8/internal/hl;IZ)V @ 637 c2
Event: 5596.517 Thread 0x00000205487910e0 Uncommon trap: trap_request=0xffffff6e fr.pc=0x000002053553dd40 relative=0x0000000000006440
Event: 5596.517 Thread 0x000002054878ef30 DEOPT PACKING pc=0x000002053553dd40 sp=0x0000000643efcc40
Event: 5596.517 Thread 0x00000205487910e0 Uncommon trap: reason=loop_limit_check action=maybe_recompile pc=0x000002053553dd40 method=com.android.tools.r8.internal.B8.a(Lcom/android/tools/r8/internal/hl;IZ)V @ 637 c2
Event: 5596.517 Thread 0x00000205487910e0 DEOPT PACKING pc=0x000002053553dd40 sp=0x0000000643cfd1b0
Event: 5596.517 Thread 0x000002054878ef30 DEOPT UNPACKING pc=0x0000020533e569a3 sp=0x0000000643efcc40 mode 2
Event: 5596.517 Thread 0x00000205487910e0 DEOPT UNPACKING pc=0x0000020533e569a3 sp=0x0000000643cfd1b0 mode 2
Event: 5596.555 Thread 0x000002054878ef30 Uncommon trap: trap_request=0xffffff45 fr.pc=0x00000205355e4670 relative=0x0000000000001870
Event: 5596.555 Thread 0x000002054878ef30 Uncommon trap: reason=unstable_if action=reinterpret pc=0x00000205355e4670 method=com.android.tools.r8.ir.optimize.H.a(Lcom/android/tools/r8/internal/lo;)Z @ 243 c2
Event: 5596.555 Thread 0x000002054878ef30 DEOPT PACKING pc=0x00000205355e4670 sp=0x0000000643efca90
Event: 5596.555 Thread 0x000002054878ef30 DEOPT UNPACKING pc=0x0000020533e569a3 sp=0x0000000643efca78 mode 2
Event: 5596.873 Thread 0x00000205510a1520 DEOPT PACKING pc=0x000002052e773bab sp=0x0000000643bfcb10
Event: 5596.876 Thread 0x00000205510a1520 DEOPT UNPACKING pc=0x0000020533e57143 sp=0x0000000643bfc258 mode 0
Event: 5597.009 Thread 0x00000205510a1520 DEOPT PACKING pc=0x000002052e719477 sp=0x0000000643bfce80
Event: 5597.009 Thread 0x00000205510a1520 DEOPT UNPACKING pc=0x0000020533e57143 sp=0x0000000643bfc4e0 mode 0
Event: 5597.094 Thread 0x000002054878ef30 DEOPT PACKING pc=0x000002052e526e89 sp=0x0000000643efcb90
Event: 5597.094 Thread 0x000002054878ef30 DEOPT UNPACKING pc=0x0000020533e57143 sp=0x0000000643efc0e0 mode 0
Event: 5597.218 Thread 0x000002054878ef30 DEOPT PACKING pc=0x000002052e719456 sp=0x0000000643efc8e0
Event: 5597.218 Thread 0x000002054878ef30 DEOPT UNPACKING pc=0x0000020533e57143 sp=0x0000000643efbf38 mode 0

Classes unloaded (20 events):
Event: 2138.622 Thread 0x0000020544056ea0 Unloading class 0x00000001007f3400 'java/lang/invoke/LambdaForm$MH+0x00000001007f3400'
Event: 2138.622 Thread 0x0000020544056ea0 Unloading class 0x00000001007f3000 'java/lang/invoke/LambdaForm$MH+0x00000001007f3000'
Event: 2138.622 Thread 0x0000020544056ea0 Unloading class 0x00000001007f2c00 'java/lang/invoke/LambdaForm$MH+0x00000001007f2c00'
Event: 2138.622 Thread 0x0000020544056ea0 Unloading class 0x00000001007f2800 'java/lang/invoke/LambdaForm$MH+0x00000001007f2800'
Event: 2138.622 Thread 0x0000020544056ea0 Unloading class 0x00000001007f2400 'java/lang/invoke/LambdaForm$MH+0x00000001007f2400'
Event: 2138.622 Thread 0x0000020544056ea0 Unloading class 0x00000001007f2000 'java/lang/invoke/LambdaForm$MH+0x00000001007f2000'
Event: 2138.622 Thread 0x0000020544056ea0 Unloading class 0x00000001007f1c00 'java/lang/invoke/LambdaForm$MH+0x00000001007f1c00'
Event: 2138.622 Thread 0x0000020544056ea0 Unloading class 0x00000001007f1000 'java/lang/invoke/LambdaForm$MH+0x00000001007f1000'
Event: 2138.622 Thread 0x0000020544056ea0 Unloading class 0x00000001007f0c00 'java/lang/invoke/LambdaForm$MH+0x00000001007f0c00'
Event: 2138.622 Thread 0x0000020544056ea0 Unloading class 0x00000001007f0400 'java/lang/invoke/LambdaForm$MH+0x00000001007f0400'
Event: 2138.622 Thread 0x0000020544056ea0 Unloading class 0x000000010058a000 'java/lang/invoke/LambdaForm$MH+0x000000010058a000'
Event: 2138.622 Thread 0x0000020544056ea0 Unloading class 0x0000000100589c00 'java/lang/invoke/LambdaForm$MH+0x0000000100589c00'
Event: 2138.622 Thread 0x0000020544056ea0 Unloading class 0x0000000100589400 'java/lang/invoke/LambdaForm$MH+0x0000000100589400'
Event: 2138.622 Thread 0x0000020544056ea0 Unloading class 0x0000000100589000 'java/lang/invoke/LambdaForm$MH+0x0000000100589000'
Event: 2138.622 Thread 0x0000020544056ea0 Unloading class 0x0000000100192800 'java/lang/invoke/LambdaForm$MH+0x0000000100192800'
Event: 2138.622 Thread 0x0000020544056ea0 Unloading class 0x0000000100192000 'java/lang/invoke/LambdaForm$MH+0x0000000100192000'
Event: 2138.622 Thread 0x0000020544056ea0 Unloading class 0x0000000100191c00 'java/lang/invoke/LambdaForm$MH+0x0000000100191c00'
Event: 2138.622 Thread 0x0000020544056ea0 Unloading class 0x0000000100191800 'java/lang/invoke/LambdaForm$MH+0x0000000100191800'
Event: 2138.622 Thread 0x0000020544056ea0 Unloading class 0x0000000100191400 'java/lang/invoke/LambdaForm$MH+0x0000000100191400'
Event: 2138.622 Thread 0x0000020544056ea0 Unloading class 0x0000000100190c00 'java/lang/invoke/LambdaForm$MH+0x0000000100190c00'

Classes redefined (0 events):
No events

Internal exceptions (20 events):
Event: 4940.118 Thread 0x000002054f714d70 Exception <a 'sun/nio/fs/WindowsException'{0x0000000098bf2640}> (0x0000000098bf2640) 
thrown [s\src\hotspot\share\prims\jni.cpp, line 517]
Event: 5579.766 Thread 0x0000020549c03e30 Exception <a 'sun/nio/fs/WindowsException'{0x0000000094f7fe30}> (0x0000000094f7fe30) 
thrown [s\src\hotspot\share\prims\jni.cpp, line 517]
Event: 5580.310 Thread 0x0000020549c03e30 Exception <a 'sun/nio/fs/WindowsException'{0x0000000093a28fe8}> (0x0000000093a28fe8) 
thrown [s\src\hotspot\share\prims\jni.cpp, line 517]
Event: 5580.346 Thread 0x0000020549c03e30 Exception <a 'sun/nio/fs/WindowsException'{0x0000000093ac6020}> (0x0000000093ac6020) 
thrown [s\src\hotspot\share\prims\jni.cpp, line 517]
Event: 5580.346 Thread 0x0000020549c03e30 Exception <a 'sun/nio/fs/WindowsException'{0x0000000093ac72b8}> (0x0000000093ac72b8) 
thrown [s\src\hotspot\share\prims\jni.cpp, line 517]
Event: 5580.347 Thread 0x0000020549c03e30 Exception <a 'sun/nio/fs/WindowsException'{0x0000000093ac85a0}> (0x0000000093ac85a0) 
thrown [s\src\hotspot\share\prims\jni.cpp, line 517]
Event: 5580.347 Thread 0x0000020549c03e30 Exception <a 'sun/nio/fs/WindowsException'{0x0000000093ac9888}> (0x0000000093ac9888) 
thrown [s\src\hotspot\share\prims\jni.cpp, line 517]
Event: 5580.533 Thread 0x0000020548d0c2d0 Exception <a 'sun/nio/fs/WindowsException'{0x0000000093508af0}> (0x0000000093508af0) 
thrown [s\src\hotspot\share\prims\jni.cpp, line 517]
Event: 5582.489 Thread 0x0000020549990040 Exception <a 'sun/nio/fs/WindowsException'{0x00000000915b8f70}> (0x00000000915b8f70) 
thrown [s\src\hotspot\share\prims\jni.cpp, line 517]
Event: 5582.780 Thread 0x000002054ff5b610 Exception <a 'java/lang/InterruptedException'{0x00000000913fb888}> (0x00000000913fb888) 
thrown [s\src\hotspot\share\runtime\objectMonitor.cpp, line 1648]
Event: 5582.875 Thread 0x0000020548d0c2d0 Exception <a 'sun/nio/fs/WindowsException'{0x00000000928bf3d8}> (0x00000000928bf3d8) 
thrown [s\src\hotspot\share\prims\jni.cpp, line 517]
Event: 5582.894 Thread 0x000002054878dbf0 Exception <a 'sun/nio/fs/WindowsException'{0x000000009354fe88}> (0x000000009354fe88) 
thrown [s\src\hotspot\share\prims\jni.cpp, line 517]
Event: 5596.211 Thread 0x0000020548d0c7a0 Exception <a 'sun/nio/fs/WindowsException'{0x0000000090ddcb18}> (0x0000000090ddcb18) 
thrown [s\src\hotspot\share\prims\jni.cpp, line 517]
Event: 5596.211 Thread 0x0000020548d0c7a0 Exception <a 'sun/nio/fs/WindowsException'{0x0000000090ddeac8}> (0x0000000090ddeac8) 
thrown [s\src\hotspot\share\prims\jni.cpp, line 517]
Event: 5596.212 Thread 0x0000020548d0c7a0 Exception <a 'sun/nio/fs/WindowsException'{0x0000000090de0910}> (0x0000000090de0910) 
thrown [s\src\hotspot\share\prims\jni.cpp, line 517]
Event: 5596.318 Thread 0x00000205510a1520 Exception <a 'sun/nio/fs/WindowsException'{0x00000000906e3ed0}> (0x00000000906e3ed0) 
thrown [s\src\hotspot\share\prims\jni.cpp, line 517]
Event: 5596.320 Thread 0x00000205487910e0 Exception <a 'sun/nio/fs/WindowsException'{0x0000000090569d70}> (0x0000000090569d70) 
thrown [s\src\hotspot\share\prims\jni.cpp, line 517]
Event: 5596.324 Thread 0x000002054878ef30 Exception <a 'sun/nio/fs/WindowsException'{0x0000000090442eb8}> (0x0000000090442eb8) 
thrown [s\src\hotspot\share\prims\jni.cpp, line 517]
Event: 5596.786 Thread 0x00000205487910e0 Exception <a 'sun/nio/fs/WindowsException'{0x0000000098d01320}> (0x0000000098d01320) 
thrown [s\src\hotspot\share\prims\jni.cpp, line 517]
Event: 5597.393 Thread 0x00000205510a1520 Exception <a 'sun/nio/fs/WindowsException'{0x000000008d9e6e10}> (0x000000008d9e6e10) 
thrown [s\src\hotspot\share\prims\jni.cpp, line 517]

VM Operations (20 events):
Event: 5059.614 Executing VM operation: Cleanup done
Event: 5088.654 Executing VM operation: Cleanup
Event: 5088.654 Executing VM operation: Cleanup done
Event: 5125.677 Executing VM operation: Cleanup
Event: 5125.677 Executing VM operation: Cleanup done
Event: 5386.851 Executing VM operation: Cleanup
Event: 5386.852 Executing VM operation: Cleanup done
Event: 5579.006 Executing VM operation: Cleanup
Event: 5579.006 Executing VM operation: Cleanup done
Event: 5580.007 Executing VM operation: Cleanup
Event: 5580.008 Executing VM operation: Cleanup done
Event: 5582.008 Executing VM operation: Cleanup
Event: 5582.009 Executing VM operation: Cleanup done
Event: 5583.009 Executing VM operation: Cleanup
Event: 5583.009 Executing VM operation: Cleanup done
Event: 5596.647 Executing VM operation: G1CollectForAllocation
Event: 5596.697 Executing VM operation: G1CollectForAllocation done
Event: 5596.724 Executing VM operation: G1CollectForAllocation
Event: 5596.760 Executing VM operation: G1CollectForAllocation done
Event: 5597.409 Executing VM operation: G1CollectForAllocation

Events (20 events):
Event: 5580.508 Thread 0x000002055109f370 Thread added: 0x000002055109f370
Event: 5580.937 Thread 0x000002054fbe6ed0 Thread exited: 0x000002054fbe6ed0
Event: 5581.606 Thread 0x000002054fbe9c60 Thread added: 0x000002054fbe9c60
Event: 5581.829 Thread 0x000002054fbe9c60 Thread exited: 0x000002054fbe9c60
Event: 5582.457 Thread 0x0000020555a38850 Thread added: 0x0000020555a38850
Event: 5582.714 Thread 0x000002054ff5b610 Thread added: 0x000002054ff5b610
Event: 5596.297 Thread 0x00000205510a1520 Thread added: 0x00000205510a1520
Event: 5596.299 Thread 0x00000205487910e0 Thread added: 0x00000205487910e0
Event: 5596.301 Thread 0x000002054878ea60 Thread added: 0x000002054878ea60
Event: 5596.303 Thread 0x000002054878ef30 Thread added: 0x000002054878ef30
Event: 5596.304 Thread 0x000002054878f400 Thread added: 0x000002054878f400
Event: 5596.307 Thread 0x000002054878f8d0 Thread added: 0x000002054878f8d0
Event: 5596.310 Thread 0x000002054878fda0 Thread added: 0x000002054878fda0
Event: 5596.312 Thread 0x0000020548790270 Thread added: 0x0000020548790270
Event: 5596.315 Thread 0x00000205446184b0 Thread added: 0x00000205446184b0
Event: 5596.317 Thread 0x000002054f9b8cc0 Thread added: 0x000002054f9b8cc0
Event: 5596.324 Thread 0x000002055109fd10 Thread added: 0x000002055109fd10
Event: 5596.327 Thread 0x00000205510a06b0 Thread added: 0x00000205510a06b0
Event: 5596.359 Thread 0x000002054fbe7e00 Thread added: 0x000002054fbe7e00
Event: 5596.707 Thread 0x000002054ff5b610 Thread exited: 0x000002054ff5b610


Dynamic libraries:
0x00007ff66d320000 - 0x00007ff66d32a000 	C:\Program Files\Android\Android Studio\jbr\bin\java.exe
0x00007ffddf6a0000 - 0x00007ffddf907000 	C:\WINDOWS\SYSTEM32\ntdll.dll
0x00007ffddde20000 - 0x00007ffdddee9000 	C:\WINDOWS\System32\KERNEL32.DLL
0x00007ffddcdc0000 - 0x00007ffddd1b4000 	C:\WINDOWS\System32\KERNELBASE.dll
0x00007ffddc260000 - 0x00007ffddc3ab000 	C:\WINDOWS\System32\ucrtbase.dll
0x00007ffd6fed0000 - 0x00007ffd6fee7000 	C:\Program Files\Android\Android Studio\jbr\bin\jli.dll
0x00007ffdde9a0000 - 0x00007ffddeb65000 	C:\WINDOWS\System32\USER32.dll
0x00007ffd6ff30000 - 0x00007ffd6ff4b000 	C:\Program Files\Android\Android Studio\jbr\bin\VCRUNTIME140.dll
0x00007ffddc3b0000 - 0x00007ffddc3d7000 	C:\WINDOWS\System32\win32u.dll
0x00007ffdbac30000 - 0x00007ffdbaec3000 	C:\WINDOWS\WinSxS\amd64_microsoft.windows.common-controls_6595b64144ccf1df_6.0.26100.8115_none_3e075c82e3354f9c\COMCTL32.dll
0x00007ffddf080000 - 0x00007ffddf0ab000 	C:\WINDOWS\System32\GDI32.dll
0x00007ffddd1c0000 - 0x00007ffddd2eb000 	C:\WINDOWS\System32\gdi32full.dll
0x00007ffddf0f0000 - 0x00007ffddf199000 	C:\WINDOWS\System32\msvcrt.dll
0x00007ffddcd10000 - 0x00007ffddcdb3000 	C:\WINDOWS\System32\msvcp_win.dll
0x00007ffddf0b0000 - 0x00007ffddf0e2000 	C:\WINDOWS\System32\IMM32.DLL
0x00007ffdcd310000 - 0x00007ffdcd31c000 	C:\Program Files\Android\Android Studio\jbr\bin\vcruntime140_1.dll
0x00007ffd5edc0000 - 0x00007ffd5ee4d000 	C:\Program Files\Android\Android Studio\jbr\bin\msvcp140.dll
0x00007ffd47a70000 - 0x00007ffd486de000 	C:\Program Files\Android\Android Studio\jbr\bin\server\jvm.dll
0x00007ffdddff0000 - 0x00007ffdde0a6000 	C:\WINDOWS\System32\ADVAPI32.dll
0x00007ffddeb70000 - 0x00007ffddec17000 	C:\WINDOWS\System32\sechost.dll
0x00007ffdded80000 - 0x00007ffddee98000 	C:\WINDOWS\System32\RPCRT4.dll
0x00007ffdda050000 - 0x00007ffdda086000 	C:\WINDOWS\SYSTEM32\WINMM.dll
0x00007ffdc4e50000 - 0x00007ffdc4e5b000 	C:\WINDOWS\SYSTEM32\VERSION.dll
0x00007ffdafdf0000 - 0x00007ffdafdfa000 	C:\WINDOWS\SYSTEM32\WSOCK32.dll
0x00007ffdddd90000 - 0x00007ffddde10000 	C:\WINDOWS\System32\WS2_32.dll
0x00007ffddad00000 - 0x00007ffddad1b000 	C:\WINDOWS\SYSTEM32\kernel.appcore.dll
0x00007ffd8a010000 - 0x00007ffd8a01a000 	C:\Program Files\Android\Android Studio\jbr\bin\jimage.dll
0x00007ffdd9d80000 - 0x00007ffdd9fc2000 	C:\WINDOWS\SYSTEM32\DBGHELP.DLL
0x00007ffddf2d0000 - 0x00007ffddf652000 	C:\WINDOWS\System32\combase.dll
0x00007ffdde8b0000 - 0x00007ffdde988000 	C:\WINDOWS\System32\OLEAUT32.dll
0x00007ffdda010000 - 0x00007ffdda04b000 	C:\WINDOWS\SYSTEM32\dbgcore.DLL
0x00007ffddd2f0000 - 0x00007ffddd395000 	C:\WINDOWS\System32\bcryptPrimitives.dll
0x00007ffd5c770000 - 0x00007ffd5c795000 	C:\Program Files\Android\Android Studio\jbr\bin\java.dll
0x00007ffd5b170000 - 0x00007ffd5b188000 	C:\Program Files\Android\Android Studio\jbr\bin\zip.dll
0x00007ffdde140000 - 0x00007ffdde8a7000 	C:\WINDOWS\System32\SHELL32.dll
0x00007ffddc0f0000 - 0x00007ffddc25a000 	C:\WINDOWS\System32\wintypes.dll
0x00007ffddc3e0000 - 0x00007ffddcc48000 	C:\WINDOWS\System32\windows.storage.dll
0x00007ffdddc90000 - 0x00007ffdddd88000 	C:\WINDOWS\System32\SHCORE.dll
0x00007ffdddba0000 - 0x00007ffdddc06000 	C:\WINDOWS\System32\shlwapi.dll
0x00007ffddbe90000 - 0x00007ffddbeb9000 	C:\WINDOWS\SYSTEM32\profapi.dll
0x00007ffd5b150000 - 0x00007ffd5b169000 	C:\Program Files\Android\Android Studio\jbr\bin\net.dll
0x00007ffdd6450000 - 0x00007ffdd657d000 	C:\WINDOWS\SYSTEM32\WINHTTP.dll
0x00007ffddb270000 - 0x00007ffddb2dc000 	C:\WINDOWS\system32\mswsock.dll
0x00007ffd5b130000 - 0x00007ffd5b146000 	C:\Program Files\Android\Android Studio\jbr\bin\nio.dll
0x00007ffd888d0000 - 0x00007ffd888e0000 	C:\Program Files\Android\Android Studio\jbr\bin\verify.dll
0x00007ffdd71d0000 - 0x00007ffdd71f7000 	C:\Users\Ashley (etu-arakoto)\.gradle\native\68d5fa5c4cc2d200863cafc0d521ce42e7d3e7ee720ec0a83991735586a16f82\windows-amd64\native-platform.dll
0x00007ffd05ed0000 - 0x00007ffd06014000 	C:\Users\Ashley (etu-arakoto)\.gradle\native\e376f236ea51e6404a007f0833ffe2c6e607c4080706a723a18a27aeea778392\windows-amd64\native-platform-file-events.dll
0x00007ffd887a0000 - 0x00007ffd887a9000 	C:\Program Files\Android\Android Studio\jbr\bin\management.dll
0x00007ffd87430000 - 0x00007ffd8743b000 	C:\Program Files\Android\Android Studio\jbr\bin\management_ext.dll
0x00007ffdde990000 - 0x00007ffdde998000 	C:\WINDOWS\System32\PSAPI.DLL
0x00007ffddb550000 - 0x00007ffddb56b000 	C:\WINDOWS\SYSTEM32\CRYPTSP.dll
0x00007ffddac40000 - 0x00007ffddac79000 	C:\WINDOWS\system32\rsaenh.dll
0x00007ffddb320000 - 0x00007ffddb353000 	C:\WINDOWS\SYSTEM32\USERENV.dll
0x00007ffddbe60000 - 0x00007ffddbe8a000 	C:\WINDOWS\SYSTEM32\bcrypt.dll
0x00007ffddb570000 - 0x00007ffddb57c000 	C:\WINDOWS\SYSTEM32\CRYPTBASE.dll
0x00007ffdda6b0000 - 0x00007ffdda6e2000 	C:\WINDOWS\SYSTEM32\IPHLPAPI.DLL
0x00007ffddf2c0000 - 0x00007ffddf2ca000 	C:\WINDOWS\System32\NSI.dll
0x00007ffdd65d0000 - 0x00007ffdd65ed000 	C:\WINDOWS\SYSTEM32\dhcpcsvc6.DLL
0x00007ffdd65a0000 - 0x00007ffdd65c5000 	C:\WINDOWS\SYSTEM32\dhcpcsvc.DLL
0x00007ffdda740000 - 0x00007ffdda872000 	C:\WINDOWS\SYSTEM32\DNSAPI.dll
0x00007ffd9b090000 - 0x00007ffd9b098000 	C:\WINDOWS\system32\wshunix.dll
0x00007ffdc84e0000 - 0x00007ffdc84f8000 	C:\WINDOWS\system32\napinsp.dll
0x00007ffdb6740000 - 0x00007ffdb6753000 	C:\WINDOWS\System32\winrnr.dll
0x00007ffdb6710000 - 0x00007ffdb6732000 	C:\WINDOWS\system32\nlansp_c.dll
0x00007ffdb66f0000 - 0x00007ffdb6706000 	C:\WINDOWS\system32\wshbth.dll
0x00007ffdd3ef0000 - 0x00007ffdd3efb000 	C:\Windows\System32\rasadhlp.dll
0x00007ffdd67c0000 - 0x00007ffdd6846000 	C:\WINDOWS\System32\fwpuclnt.dll
0x00007ffddae20000 - 0x00007ffddae56000 	C:\WINDOWS\SYSTEM32\ntmarta.dll
0x00007ffdcd350000 - 0x00007ffdcd36e000 	C:\Users\Ashley (etu-arakoto)\AppData\Local\Temp\native-platform12007673431136401813dir\native-platform.dll
0x00007ffdbf100000 - 0x00007ffdbf107000 	C:\Program Files\Android\Android Studio\jbr\bin\rmi.dll

dbghelp: loaded successfully - version: 4.0.5 - missing functions: none
symbol engine: initialized successfully - sym options: 0x614 - pdb path: .;C:\Program Files\Android\Android Studio\jbr\bin;C:\WINDOWS\SYSTEM32;C:\WINDOWS\WinSxS\amd64_microsoft.windows.common-controls_6595b64144ccf1df_6.0.26100.8115_none_3e075c82e3354f9c;C:\Program Files\Android\Android Studio\jbr\bin\server;C:\Users\Ashley (etu-arakoto)\.gradle\native\68d5fa5c4cc2d200863cafc0d521ce42e7d3e7ee720ec0a83991735586a16f82\windows-amd64;C:\Users\Ashley (etu-arakoto)\.gradle\native\e376f236ea51e6404a007f0833ffe2c6e607c4080706a723a18a27aeea778392\windows-amd64;C:\Users\Ashley (etu-arakoto)\AppData\Local\Temp\native-platform12007673431136401813dir

VM Arguments:
jvm_args: --add-opens=java.base/java.util=ALL-UNNAMED --add-opens=java.base/java.lang=ALL-UNNAMED --add-opens=java.base/java.lang.invoke=ALL-UNNAMED --add-opens=java.prefs/java.util.prefs=ALL-UNNAMED --add-opens=java.base/java.nio.charset=ALL-UNNAMED --add-opens=java.base/java.net=ALL-UNNAMED --add-opens=java.base/java.util.concurrent.atomic=ALL-UNNAMED -Xmx2048m -Dfile.encoding=UTF-8 -Duser.country=FR -Duser.language=fr -Duser.variant 
java_command: org.gradle.launcher.daemon.bootstrap.GradleDaemon 8.0
java_class_path (initial): C:\Users\Ashley (etu-arakoto)\.gradle\wrapper\dists\gradle-8.0-bin\ca5e32bp14vu59qr306oxotwh\gradle-8.0\lib\gradle-launcher-8.0.jar
Launcher Type: SUN_STANDARD

[Global flags]
     intx CICompilerCount                          = 4                                         {product} {ergonomic}
     uint ConcGCThreads                            = 3                                         {product} {ergonomic}
     uint G1ConcRefinementThreads                  = 10                                        {product} {ergonomic}
   size_t G1HeapRegionSize                         = 1048576                                   {product} {ergonomic}
    uintx GCDrainStackTargetSize                   = 64                                        {product} {ergonomic}
   size_t InitialHeapSize                          = 264241152                                 {product} {ergonomic}
   size_t MarkStackSize                            = 4194304                                   {product} {ergonomic}
   size_t MaxHeapSize                              = 2147483648                                {product} {command line}
   size_t MaxNewSize                               = 1287651328                                {product} {ergonomic}
   size_t MinHeapDeltaBytes                        = 1048576                                   {product} {ergonomic}
   size_t MinHeapSize                              = 8388608                                   {product} {ergonomic}
    uintx NonNMethodCodeHeapSize                   = 5839372                                {pd product} {ergonomic}
    uintx NonProfiledCodeHeapSize                  = 122909434                              {pd product} {ergonomic}
    uintx ProfiledCodeHeapSize                     = 122909434                              {pd product} {ergonomic}
    uintx ReservedCodeCacheSize                    = 251658240                              {pd product} {ergonomic}
     bool SegmentedCodeCache                       = true                                      {product} {ergonomic}
   size_t SoftMaxHeapSize                          = 2147483648                             {manageable} {ergonomic}
     bool UseCompressedClassPointers               = true                           {product lp64_product} {ergonomic}
     bool UseCompressedOops                        = true                           {product lp64_product} {ergonomic}
     bool UseG1GC                                  = true                                      {product} {ergonomic}
     bool UseLargePagesIndividualAllocation        = false                                  {pd product} {ergonomic}

Logging:
Log output configuration:
 #0: stdout all=warning uptime,level,tags
 #1: stderr all=off uptime,level,tags

Environment Variables:
PATH=C:\Program Files\Eclipse Adoptium\jdk-21.0.3.9-hotspot\bin;C:\Python312\Scripts\;C:\Python312\;C:\Program Files (x86)\Common Files\Oracle\Java\javapath;C:\WINDOWS\system32;C:\WINDOWS;C:\WINDOWS\System32\Wbem;C:\WINDOWS\System32\WindowsPowerShell\v1.0\;C:\WINDOWS\System32\OpenSSH\;C:\Program Files\dotnet\;C:\Program Files\Microsoft SQL Server\150\Tools\Binn\;C:\Program Files\Microsoft SQL Server\Client SDK\ODBC\170\Tools\Binn\;C:\Program Files\MongoDB\mongosh-2.0.1-win32-x64\bin;C:\ProgramData\chocolatey\bin;C:\Program Files\k6\;C:\Program Files\Git\cmd;C:\Program Files\PuTTY\;C:\composer;C:\xampp\mysql\bin\mysql.exe;C:\Program Files\Go\bin;C:\Program Files\Docker\Docker\resources\bin;C:\Users\Ashley (etu-arakoto)\AppData\Local\nvm;C:\nvm4w\nodejs;C:\Program Files (x86)\Microsoft SQL Server\160\Tools\Binn\;C:\Program Files\Microsoft SQL Server\160\Tools\Binn\;C:\Program Files\Microsoft SQL Server\160\DTS\Binn\;C:\Ruby33-x64\bin;C:\Users\Ashley (etu-arakoto)\.cargo\bin;C:\Users\Ashley (etu-arakoto)\AppData\Local\Microsoft\WindowsApps;C:\Users\Ashley (etu-arakoto)\AppData\Local\Programs\Microsoft VS Code\bin;C:\Users\Ashley (etu-arakoto)\.dotnet\tools;C:\Program Files\MongoDB\Server\7.0\bin;C:\Users\Ashley (etu-arakoto)\AppData\Roaming\npm;C:\dartsdk-windows-x64-release\dart-sdk\bin;C:\PHP;C:\Users\Ashley (etu-arakoto)\AppData\Roaming\Composer\vendor\bin;C:\composer;C:\xampp\mysql\bin;C:\Program Files (x86)\Java\jre-1.8\bin;C:\Users\Ashley (etu-arakoto)\AppData\Roaming\Programs\Zero Install;C:\Users\Ashley (etu-arakoto)\go\bin;C:\Program Files\Go\bin;C:\apache-maven-3.9.9-bin\apache-maven-3.9.9\bin;C:\spring-3.3.5\bin;C:\kotlinc\bin;C:\gradle-8.12\bin;C:\Program Files\PostgreSQL\16\bin;C:\Users\Ashley (etu-arakoto)\AppData\Local\Microsoft\WindowsApps;C:\Python312\Scripts;C:\sqlite3;C:\stripe_1.29.0_windows_x86_64;C:\flutter_windows_3.13.6-stable\flutter\bin;C:\Users\Ashley (etu-arakoto)\AppData\Local\nvm;C:\nvm4w\nodejs
USERNAME=Ashley (etu-arakoto)
OS=Windows_NT
PROCESSOR_IDENTIFIER=Intel64 Family 6 Model 186 Stepping 3, GenuineIntel
TMP=C:\Users\ASHLEY~1\AppData\Local\Temp
TEMP=C:\Users\ASHLEY~1\AppData\Local\Temp


JNI global refs:
JNI global refs: 28, weak refs: 69

JNI global refs memory usage: 843, weak refs: 1473


---------------  S Y S T E M  ---------------

OS:
 Windows 11 , 64 bit Build 26100 (10.0.26100.8246)
OS uptime: 1 days 17:43 hours
Hyper-V role detected

CPU: total 12 (initial active 12) (6 cores per cpu, 2 threads per core) family 6 model 186 stepping 3 microcode 0x6134, cx8, cmov, fxsr, ht, mmx, 3dnowpref, sse, sse2, sse3, ssse3, sse4.1, sse4.2, popcnt, lzcnt, tsc, tscinvbit, avx, avx2, aes, erms, clmul, bmi1, bmi2, adx, sha, fma, vzeroupper, clflush, clflushopt, clwb, hv

Memory: 4k page, system-wide physical 16068M (869M free)
TotalPageFile size 65220M (AvailPageFile size 572M)
current process WorkingSet (physical memory assigned to process): 530M, peak: 699M
current process commit charge ("private bytes"): 851M, peak: 1509M

vm_info: OpenJDK 64-Bit Server VM (17.0.6+0-b2043.56-10027231) for windows-amd64 JRE (17.0.6+0-b2043.56-10027231), built on Apr 28 2023 00:43:19 by "androidbuild" with MS VC++ 16.10 / 16.11 (VS2019)

END.
