#
# There is insufficient memory for the Java Runtime Environment to continue.
# Native memory allocation (mmap) failed to map 511705088 bytes for G1 virtual space
# Possible reasons:
#   The system is out of physical RAM or swap space
#   The process is running with CompressedOops enabled, and the Java Heap may be blocking the growth of the native heap
# Possible solutions:
#   Reduce memory load on the system
#   Increase physical memory or swap space
#   Check if swap backing store is full
#   Decrease Java heap size (-Xmx/-Xms)
#   Decrease number of Java threads
#   Decrease Java thread stack sizes (-Xss)
#   Set larger code cache with -XX:ReservedCodeCacheSize=
#   JVM is running with Unscaled Compressed Oops mode in which the Java heap is
#     placed in the first 4GB address space. The Java Heap base address is the
#     maximum limit for the native heap growth. Please use -XX:HeapBaseMinAddress
#     to set the Java Heap base and to place the Java Heap above 4GB virtual address.
# This output file may be truncated or incomplete.
#
#  Out of Memory Error (os_windows.cpp:3769), pid=23160, tid=26956
#
# JRE version: OpenJDK Runtime Environment (17.0.6) (build 17.0.6+0-b2043.56-10027231)
# Java VM: OpenJDK 64-Bit Server VM (17.0.6+0-b2043.56-10027231, mixed mode, tiered, compressed oops, compressed class ptrs, g1 gc, windows-amd64)
# No core dump will be written. Minidumps are not enabled by default on client versions of Windows
#

---------------  S U M M A R Y ------------

Command Line: --add-opens=java.base/java.util=ALL-UNNAMED --add-opens=java.base/java.lang=ALL-UNNAMED --add-opens=java.base/java.lang.invoke=ALL-UNNAMED --add-opens=java.prefs/java.util.prefs=ALL-UNNAMED --add-opens=java.base/java.nio.charset=ALL-UNNAMED --add-opens=java.base/java.net=ALL-UNNAMED --add-opens=java.base/java.util.concurrent.atomic=ALL-UNNAMED -Xmx2048m -Dfile.encoding=UTF-8 -Duser.country=FR -Duser.language=fr -Duser.variant org.gradle.launcher.daemon.bootstrap.GradleDaemon 8.0

Host: 13th Gen Intel(R) Core(TM) i7-1355U, 12 cores, 15G,  Windows 11 , 64 bit Build 26100 (10.0.26100.8246)
Time: Wed May  6 15:39:47 2026 Paris, Madrid (heure duild 26100 (10.0.26100.8246) elapsed time: 74.993722 seconds (0d 0h 1m 14s)

---------------  T H R E A D  ---------------

Current thread (0x0000028e13c43ee0):  VMThread "VM Thread" [stack: 0x000000eb57e00000,0x000000eb57f00000] [id=26956]

Stack: [0x000000eb57e00000,0x000000eb57f00000]
Native frames: (J=compiled Java code, j=interpreted, Vv=VM code, C=native code)
V  [jvm.dll+0x683c9a]
V  [jvm.dll+0x8427a4]
V  [jvm.dll+0x843f9e]
V  [jvm.dll+0x844603]
V  [jvm.dll+0x249b75]
V  [jvm.dll+0x680b69]
V  [jvm.dll+0x67505a]
V  [jvm.dll+0x309acb]
V  [jvm.dll+0x310f86]
V  [jvm.dll+0x3608ee]
V  [jvm.dll+0x360b1f]
V  [jvm.dll+0x2dfbf8]
V  [jvm.dll+0x2ddec4]
V  [jvm.dll+0x2dd4cc]
V  [jvm.dll+0x322261]
V  [jvm.dll+0x848ccb]
V  [jvm.dll+0x849a04]
V  [jvm.dll+0x849f1d]
V  [jvm.dll+0x84a2f4]
V  [jvm.dll+0x84a3c0]
V  [jvm.dll+0x7f274a]
V  [jvm.dll+0x682ad5]
C  [ucrtbase.dll+0x37b0]
C  [KERNEL32.DLL+0x2e8d7]
C  [ntdll.dll+0x8c3fc]

VM_Operation (0x000000eb651fce60): G1TryInitiateConcMark, mode: safepoint, requested by thread 0x0000028e22e7dda0


---------------  P R O C E S S  ---------------

Threads class SMR info:
_java_thread_list=0x0000028e2330d140, length=208, elements={
0x0000028e77004cb0, 0x0000028e13c6b260, 0x0000028e13c6d8a0, 0x0000028e13c99290,
0x0000028e13c99b50, 0x0000028e13c9af80, 0x0000028e13cbc3c0, 0x0000028e13cbe690,
0x0000028e13cbefe0, 0x0000028e13cd39c0, 0x0000028e13e478e0, 0x0000028e13e4c230,
0x0000028e16ac2f60, 0x0000028e165a2a90, 0x0000028e14da5320, 0x0000028e1662b030,
0x0000028e163e5050, 0x0000028e165ffe00, 0x0000028e16116880, 0x0000028e169f9070,
0x0000028e169fc560, 0x0000028e169f9a10, 0x0000028e169fc090, 0x0000028e169fbbc0,
0x0000028e169fa3b0, 0x0000028e169fb6f0, 0x0000028e169fad50, 0x0000028e169fb220,
0x0000028e156c4670, 0x0000028e156c2e60, 0x0000028e156c3cd0, 0x0000028e156c4b40,
0x0000028e156c2990, 0x0000028e156c59b0, 0x0000028e156c3800, 0x0000028e156c5e80,
0x0000028e156c3330, 0x0000028e156c71c0, 0x0000028e156c89d0, 0x0000028e156c7690,
0x0000028e156c9370, 0x0000028e156c8030, 0x0000028e156c9840, 0x0000028e156c9d10,
0x0000028e18087ff0, 0x0000028e1808b9b0, 0x0000028e1808a1a0, 0x0000028e18089330,
0x0000028e1808b4e0, 0x0000028e1808b010, 0x0000028e1808be80, 0x0000028e1808a670,
0x0000028e18088e60, 0x0000028e180884c0, 0x0000028e1808c350, 0x0000028e18088990,
0x0000028e1808c820, 0x0000028e1808ccf0, 0x0000028e1808d1c0, 0x0000028e18089800,
0x0000028e1808d690, 0x0000028e18089cd0, 0x0000028e1808db60, 0x0000028e1808e030,
0x0000028e1808e500, 0x0000028e1808ab40, 0x0000028e1808f840, 0x0000028e1808e9d0,
0x0000028e1808eea0, 0x0000028e1808f370, 0x0000028e1a2199e0, 0x0000028e1a219510,
0x0000028e1a219eb0, 0x0000028e1a21ad20, 0x0000028e1a21bb90, 0x0000028e1a21b1f0,
0x0000028e1a21a380, 0x0000028e1a21b6c0, 0x0000028e1a21c060, 0x0000028e1a21a850,
0x0000028e1a218b70, 0x0000028e1a2186a0, 0x0000028e1a21c530, 0x0000028e1a21ca00,
0x0000028e1a219040, 0x0000028e1a21d870, 0x0000028e1a21dd40, 0x0000028e1a21e210,
0x0000028e1a21fef0, 0x0000028e1a21ced0, 0x0000028e1a21f080, 0x0000028e1a21e6e0,
0x0000028e1a21ebb0, 0x0000028e1a21f550, 0x0000028e1a21fa20, 0x0000028e1a21d3a0,
0x0000028e14360060, 0x0000028e1435f6c0, 0x0000028e1435fb90, 0x0000028e1435d040,
0x0000028e1435d9e0, 0x0000028e14360530, 0x0000028e1435deb0, 0x0000028e1435f1f0,
0x0000028e1435e850, 0x0000028e14360a00, 0x0000028e1435d510, 0x0000028e1435e380,
0x0000028e1435ed20, 0x0000028e1877c150, 0x0000028e1877d960, 0x0000028e1877e300,
0x0000028e1877c620, 0x0000028e1877caf0, 0x0000028e1877de30, 0x0000028e1877cfc0,
0x0000028e1877d490, 0x0000028e1877a940, 0x0000028e1877b2e0, 0x0000028e1877ae10,
0x0000028e1877b7b0, 0x0000028e1877bc80, 0x0000028e1875af10, 0x0000028e18759700,
0x0000028e18759230, 0x0000028e1875a570, 0x0000028e18759bd0, 0x0000028e1875a0a0,
0x0000028e1875aa40, 0x0000028e1875b3e0, 0x0000028e187583c0, 0x0000028e1875b8b0,
0x0000028e18757ef0, 0x0000028e1875bd80, 0x0000028e1875c250, 0x0000028e18758890,
0x0000028e1875c720, 0x0000028e18758d60, 0x0000028e1875cbf0, 0x0000028e1875d0c0,
0x0000028e1875d590, 0x0000028e1875e8d0, 0x0000028e1875eda0, 0x0000028e1875da60,
0x0000028e1875df30, 0x0000028e1875e400, 0x0000028e1875f740, 0x0000028e182c7ba0,
0x0000028e182c8540, 0x0000028e182c59f0, 0x0000028e182c8a10, 0x0000028e182c76d0,
0x0000028e182c6860, 0x0000028e182c7200, 0x0000028e182c5ec0, 0x0000028e182c8070,
0x0000028e182c5520, 0x0000028e182c6390, 0x0000028e182c6d30, 0x0000028e182c5050,
0x0000028e1875f270, 0x0000028e18bcffc0, 0x0000028e18bcf150, 0x0000028e18bccfa0,
0x0000028e18bcc600, 0x0000028e18bd0490, 0x0000028e18bccad0, 0x0000028e18bcd940,
0x0000028e18bce7b0, 0x0000028e168e6990, 0x0000028e168e5040, 0x0000028e18bd2640,
0x0000028e18bd2b10, 0x0000028e18bd2fe0, 0x0000028e18bcfaf0, 0x0000028e18bd34b0,
0x0000028e18bd3980, 0x0000028e156c8500, 0x0000028e1c65d3d0, 0x0000028e1c65ca30,
0x0000028e1c65dd70, 0x0000028e1c65b220, 0x0000028e1c65e240, 0x0000028e1c65a880,
0x0000028e1c65e710, 0x0000028e22e7e740, 0x0000028e22091f50, 0x0000028e18318c40,
0x0000028e18317dd0, 0x0000028e22092420, 0x0000028e220c1440, 0x0000028e183182a0,
0x0000028e22e7dda0, 0x0000028e18318770, 0x0000028e1ce00ed0, 0x0000028e1a4eb1f0,
0x0000028e23d93630, 0x0000028e22e7e270, 0x0000028e22e7ec10, 0x0000028e23d92c90,
0x0000028e1a4eb6c0, 0x0000028e1ce02210, 0x0000028e20ca3b10, 0x0000028e220c1de0,
0x0000028e220bea90, 0x0000028e1ce026e0, 0x0000028e1a4ead20, 0x0000028e22e7d400
}

Java Threads: ( => current thread )
  0x0000028e77004cb0 JavaThread "main" [_thread_blocked, id=11600, stack(0x000000eb57800000,0x000000eb57900000)]
  0x0000028e13c6b260 JavaThread "Reference Handler" daemon [_thread_blocked, id=20420, stack(0x000000eb57f00000,0x000000eb58000000)]
  0x0000028e13c6d8a0 JavaThread "Finalizer" daemon [_thread_blocked, id=6804, stack(0x000000eb58000000,0x000000eb58100000)]
  0x0000028e13c99290 JavaThread "Signal Dispatcher" daemon [_thread_blocked, id=31764, stack(0x000000eb58100000,0x000000eb58200000)]
  0x0000028e13c99b50 JavaThread "Attach Listener" daemon [_thread_blocked, id=30628, stack(0x000000eb58200000,0x000000eb58300000)]
  0x0000028e13c9af80 JavaThread "Service Thread" daemon [_thread_blocked, id=21044, stack(0x000000eb58300000,0x000000eb58400000)]
  0x0000028e13cbc3c0 JavaThread "Monitor Deflation Thread" daemon [_thread_blocked, id=15468, stack(0x000000eb58400000,0x000000eb58500000)]
  0x0000028e13cbe690 JavaThread "C2 CompilerThread0" daemon [_thread_blocked, id=31364, stack(0x000000eb58500000,0x000000eb58600000)]
  0x0000028e13cbefe0 JavaThread "C1 CompilerThread0" daemon [_thread_blocked, id=17848, stack(0x000000eb58600000,0x000000eb58700000)]
  0x0000028e13cd39c0 JavaThread "Sweeper thread" daemon [_thread_blocked, id=12548, stack(0x000000eb58700000,0x000000eb58800000)]
  0x0000028e13e478e0 JavaThread "Common-Cleaner" daemon [_thread_blocked, id=39820, stack(0x000000eb58800000,0x000000eb58900000)]
  0x0000028e13e4c230 JavaThread "Notification Thread" daemon [_thread_blocked, id=9320, stack(0x000000eb58900000,0x000000eb58a00000)]
  0x0000028e16ac2f60 JavaThread "Daemon health stats" [_thread_blocked, id=32528, stack(0x000000eb59100000,0x000000eb59200000)]
  0x0000028e165a2a90 JavaThread "Incoming local TCP Connector on port 55202" [_thread_in_native, id=23216, stack(0x000000eb59200000,0x000000eb59300000)]
  0x0000028e14da5320 JavaThread "Daemon periodic checks" [_thread_blocked, id=18788, stack(0x000000eb59300000,0x000000eb59400000)]
  0x0000028e1662b030 JavaThread "Daemon" [_thread_blocked, id=9496, stack(0x000000eb59400000,0x000000eb59500000)]
  0x0000028e163e5050 JavaThread "Handler for socket connection from /127.0.0.1:55202 to /127.0.0.1:55203" [_thread_in_native, id=28668, stack(0x000000eb59500000,0x000000eb59600000)]
  0x0000028e165ffe00 JavaThread "Cancel handler" [_thread_blocked, id=21660, stack(0x000000eb59600000,0x000000eb59700000)]
  0x0000028e16116880 JavaThread "Daemon worker" [_thread_blocked, id=35268, stack(0x000000eb59700000,0x000000eb59800000)]
  0x0000028e169f9070 JavaThread "Asynchronous log dispatcher for DefaultDaemonConnection: socket connection from /127.0.0.1:55202 to /127.0.0.1:55203" [_thread_blocked, id=2748, stack(0x000000eb59800000,0x000000eb59900000)]
  0x0000028e169fc560 JavaThread "Daemon client event forwarder" [_thread_blocked, id=37676, stack(0x000000eb59a00000,0x000000eb59b00000)]
  0x0000028e169f9a10 JavaThread "Cache worker for journal cache (C:\Users\Ashley (etu-arakoto)\.gradle\caches\journal-1)" [_thread_blocked, id=37064, stack(0x000000eb5a100000,0x000000eb5a200000)]
  0x0000028e169fc090 JavaThread "File lock request listener" [_thread_in_native, id=39976, stack(0x000000eb5a200000,0x000000eb5a300000)]
  0x0000028e169fbbc0 JavaThread "Cache worker for file hash cache (C:\Users\Ashley (etu-arakoto)\.gradle\caches\8.0\fileHashes)" [_thread_blocked, id=14136, stack(0x000000eb5a300000,0x000000eb5a400000)]
  0x0000028e169fa3b0 JavaThread "File watcher server" daemon [_thread_blocked, id=40300, stack(0x000000eb58b00000,0x000000eb58c00000)]
  0x0000028e169fb6f0 JavaThread "File watcher consumer" daemon [_thread_blocked, id=28324, stack(0x000000eb5a400000,0x000000eb5a500000)]
  0x0000028e169fad50 JavaThread "Cache worker for checksums cache (C:\Users\Ashley (etu-arakoto)\Documents\Informatique\suivi_candidatures\candidatures_android\.gradle\8.0\checksums)" [_thread_blocked, id=16468, stack(0x000000eb5a500000,0x000000eb5a600000)]
  0x0000028e169fb220 JavaThread "Cache worker for cache directory md-rule (C:\Users\Ashley (etu-arakoto)\.gradle\caches\8.0\md-rule)" [_thread_blocked, id=17016, stack(0x000000eb5a600000,0x000000eb5a700000)]
  0x0000028e156c4670 JavaThread "Cache worker for file content cache (C:\Users\Ashley (etu-arakoto)\.gradle\caches\8.0\fileContent)" [_thread_blocked, id=29824, stack(0x000000eb5a700000,0x000000eb5a800000)]
  0x0000028e156c2e60 JavaThread "Cache worker for file hash cache (C:\Users\Ashley (etu-arakoto)\Documents\Informatique\suivi_candidatures\candidatures_android\.gradle\8.0\fileHashes)" [_thread_blocked, id=3776, stack(0x000000eb5a800000,0x000000eb5a900000)]
  0x0000028e156c3cd0 JavaThread "Cache worker for cache directory md-supplier (C:\Users\Ashley (etu-arakoto)\.gradle\caches\8.0\md-supplier)" [_thread_blocked, id=25844, stack(0x000000eb5a900000,0x000000eb5aa00000)]
  0x0000028e156c4b40 JavaThread "Cache worker for execution history cache (C:\Users\Ashley (etu-arakoto)\.gradle\caches\8.0\executionHistory)" [_thread_blocked, id=22476, stack(0x000000eb5aa00000,0x000000eb5ab00000)]
  0x0000028e156c2990 JavaThread "jar transforms" [_thread_blocked, id=8940, stack(0x000000eb5ac00000,0x000000eb5ad00000)]
  0x0000028e156c59b0 JavaThread "jar transforms Thread 2" [_thread_blocked, id=37972, stack(0x000000eb5ae00000,0x000000eb5af00000)]
  0x0000028e156c3800 JavaThread "Cache worker for kotlin-dsl (C:\Users\Ashley (etu-arakoto)\.gradle\caches\8.0\kotlin-dsl)" [_thread_blocked, id=15484, stack(0x000000eb5ad00000,0x000000eb5ae00000)]
  0x0000028e156c5e80 JavaThread "jar transforms Thread 3" [_thread_blocked, id=36996, stack(0x000000eb5b000000,0x000000eb5b100000)]
  0x0000028e156c3330 JavaThread "jar transforms Thread 4" [_thread_blocked, id=38760, stack(0x000000eb5af00000,0x000000eb5b000000)]
  0x0000028e156c71c0 JavaThread "Cache worker for dependencies-accessors (C:\Users\Ashley (etu-arakoto)\Documents\Informatique\suivi_candidatures\candidatures_android\.gradle\8.0\dependencies-accessors)" [_thread_blocked, id=7392, stack(0x000000eb5b100000,0x000000eb5b200000)]
  0x0000028e156c89d0 JavaThread "Cache worker for Build Output Cleanup Cache (C:\Users\Ashley (etu-arakoto)\Documents\Informatique\suivi_candidatures\candidatures_android\.gradle\buildOutputCleanup)" [_thread_blocked, id=19500, stack(0x000000eb5b200000,0x000000eb5b300000)]
  0x0000028e156c7690 JavaThread "jar transforms Thread 5" [_thread_blocked, id=29336, stack(0x000000eb5b300000,0x000000eb5b400000)]
  0x0000028e156c9370 JavaThread "Unconstrained build operations" [_thread_blocked, id=41692, stack(0x000000eb5ab00000,0x000000eb5ac00000)]
  0x0000028e156c8030 JavaThread "Unconstrained build operations Thread 2" [_thread_blocked, id=4832, stack(0x000000eb5b400000,0x000000eb5b500000)]
  0x0000028e156c9840 JavaThread "Unconstrained build operations Thread 3" [_thread_blocked, id=17776, stack(0x000000eb5b500000,0x000000eb5b600000)]
  0x0000028e156c9d10 JavaThread "Unconstrained build operations Thread 4" [_thread_blocked, id=13104, stack(0x000000eb5b600000,0x000000eb5b700000)]
  0x0000028e18087ff0 JavaThread "Unconstrained build operations Thread 5" [_thread_blocked, id=22880, stack(0x000000eb5b700000,0x000000eb5b800000)]
  0x0000028e1808b9b0 JavaThread "Unconstrained build operations Thread 6" [_thread_blocked, id=7720, stack(0x000000eb5b800000,0x000000eb5b900000)]
  0x0000028e1808a1a0 JavaThread "Unconstrained build operations Thread 7" [_thread_blocked, id=7660, stack(0x000000eb5b900000,0x000000eb5ba00000)]
  0x0000028e18089330 JavaThread "Unconstrained build operations Thread 8" [_thread_blocked, id=14480, stack(0x000000eb5ba00000,0x000000eb5bb00000)]
  0x0000028e1808b4e0 JavaThread "Unconstrained build operations Thread 9" [_thread_blocked, id=41244, stack(0x000000eb5bb00000,0x000000eb5bc00000)]
  0x0000028e1808b010 JavaThread "Unconstrained build operations Thread 10" [_thread_blocked, id=41144, stack(0x000000eb5bc00000,0x000000eb5bd00000)]
  0x0000028e1808be80 JavaThread "Unconstrained build operations Thread 11" [_thread_blocked, id=29560, stack(0x000000eb5bd00000,0x000000eb5be00000)]
  0x0000028e1808a670 JavaThread "Unconstrained build operations Thread 12" [_thread_blocked, id=10884, stack(0x000000eb5be00000,0x000000eb5bf00000)]
  0x0000028e18088e60 JavaThread "Unconstrained build operations Thread 13" [_thread_blocked, id=14996, stack(0x000000eb5bf00000,0x000000eb5c000000)]
  0x0000028e180884c0 JavaThread "Unconstrained build operations Thread 14" [_thread_blocked, id=30228, stack(0x000000eb5c000000,0x000000eb5c100000)]
  0x0000028e1808c350 JavaThread "Unconstrained build operations Thread 15" [_thread_blocked, id=29508, stack(0x000000eb5c100000,0x000000eb5c200000)]
  0x0000028e18088990 JavaThread "Unconstrained build operations Thread 16" [_thread_blocked, id=3140, stack(0x000000eb5c200000,0x000000eb5c300000)]
  0x0000028e1808c820 JavaThread "Unconstrained build operations Thread 17" [_thread_blocked, id=30204, stack(0x000000eb5c300000,0x000000eb5c400000)]
  0x0000028e1808ccf0 JavaThread "Unconstrained build operations Thread 18" [_thread_blocked, id=9772, stack(0x000000eb5c400000,0x000000eb5c500000)]
  0x0000028e1808d1c0 JavaThread "Unconstrained build operations Thread 19" [_thread_blocked, id=26552, stack(0x000000eb5c500000,0x000000eb5c600000)]
  0x0000028e18089800 JavaThread "Unconstrained build operations Thread 20" [_thread_blocked, id=19804, stack(0x000000eb5c600000,0x000000eb5c700000)]
  0x0000028e1808d690 JavaThread "Unconstrained build operations Thread 21" [_thread_blocked, id=30912, stack(0x000000eb5c700000,0x000000eb5c800000)]
  0x0000028e18089cd0 JavaThread "Unconstrained build operations Thread 22" [_thread_blocked, id=13636, stack(0x000000eb5c800000,0x000000eb5c900000)]
  0x0000028e1808db60 JavaThread "Unconstrained build operations Thread 23" [_thread_blocked, id=21744, stack(0x000000eb5c900000,0x000000eb5ca00000)]
  0x0000028e1808e030 JavaThread "Unconstrained build operations Thread 24" [_thread_blocked, id=28592, stack(0x000000eb5ca00000,0x000000eb5cb00000)]
  0x0000028e1808e500 JavaThread "Unconstrained build operations Thread 25" [_thread_blocked, id=36652, stack(0x000000eb5cb00000,0x000000eb5cc00000)]
  0x0000028e1808ab40 JavaThread "Unconstrained build operations Thread 26" [_thread_blocked, id=1176, stack(0x000000eb5cc00000,0x000000eb5cd00000)]
  0x0000028e1808f840 JavaThread "Unconstrained build operations Thread 27" [_thread_blocked, id=1248, stack(0x000000eb5cd00000,0x000000eb5ce00000)]
  0x0000028e1808e9d0 JavaThread "Unconstrained build operations Thread 28" [_thread_blocked, id=22560, stack(0x000000eb5ce00000,0x000000eb5cf00000)]
  0x0000028e1808eea0 JavaThread "Unconstrained build operations Thread 29" [_thread_blocked, id=26712, stack(0x000000eb5cf00000,0x000000eb5d000000)]
  0x0000028e1808f370 JavaThread "Unconstrained build operations Thread 30" [_thread_blocked, id=36160, stack(0x000000eb5d000000,0x000000eb5d100000)]
  0x0000028e1a2199e0 JavaThread "Unconstrained build operations Thread 31" [_thread_blocked, id=24052, stack(0x000000eb5d100000,0x000000eb5d200000)]
  0x0000028e1a219510 JavaThread "Unconstrained build operations Thread 32" [_thread_blocked, id=38372, stack(0x000000eb5d200000,0x000000eb5d300000)]
  0x0000028e1a219eb0 JavaThread "Unconstrained build operations Thread 33" [_thread_blocked, id=40564, stack(0x000000eb5d300000,0x000000eb5d400000)]
  0x0000028e1a21ad20 JavaThread "Unconstrained build operations Thread 34" [_thread_blocked, id=16764, stack(0x000000eb5d400000,0x000000eb5d500000)]
  0x0000028e1a21bb90 JavaThread "Unconstrained build operations Thread 35" [_thread_blocked, id=1228, stack(0x000000eb5d500000,0x000000eb5d600000)]
  0x0000028e1a21b1f0 JavaThread "Unconstrained build operations Thread 36" [_thread_blocked, id=34764, stack(0x000000eb5d600000,0x000000eb5d700000)]
  0x0000028e1a21a380 JavaThread "Unconstrained build operations Thread 37" [_thread_blocked, id=20192, stack(0x000000eb5d700000,0x000000eb5d800000)]
  0x0000028e1a21b6c0 JavaThread "Unconstrained build operations Thread 38" [_thread_blocked, id=19056, stack(0x000000eb5d800000,0x000000eb5d900000)]
  0x0000028e1a21c060 JavaThread "Unconstrained build operations Thread 39" [_thread_blocked, id=6552, stack(0x000000eb5d900000,0x000000eb5da00000)]
  0x0000028e1a21a850 JavaThread "Unconstrained build operations Thread 40" [_thread_blocked, id=8856, stack(0x000000eb5da00000,0x000000eb5db00000)]
  0x0000028e1a218b70 JavaThread "Unconstrained build operations Thread 41" [_thread_blocked, id=11672, stack(0x000000eb5db00000,0x000000eb5dc00000)]
  0x0000028e1a2186a0 JavaThread "Unconstrained build operations Thread 42" [_thread_blocked, id=16860, stack(0x000000eb5dc00000,0x000000eb5dd00000)]
  0x0000028e1a21c530 JavaThread "Unconstrained build operations Thread 43" [_thread_blocked, id=5232, stack(0x000000eb5dd00000,0x000000eb5de00000)]
  0x0000028e1a21ca00 JavaThread "Unconstrained build operations Thread 44" [_thread_blocked, id=27464, stack(0x000000eb5de00000,0x000000eb5df00000)]
  0x0000028e1a219040 JavaThread "Unconstrained build operations Thread 45" [_thread_blocked, id=13080, stack(0x000000eb5df00000,0x000000eb5e000000)]
  0x0000028e1a21d870 JavaThread "Unconstrained build operations Thread 46" [_thread_blocked, id=4908, stack(0x000000eb5e000000,0x000000eb5e100000)]
  0x0000028e1a21dd40 JavaThread "Unconstrained build operations Thread 47" [_thread_blocked, id=33456, stack(0x000000eb5e100000,0x000000eb5e200000)]
  0x0000028e1a21e210 JavaThread "Unconstrained build operations Thread 48" [_thread_blocked, id=39236, stack(0x000000eb5e200000,0x000000eb5e300000)]
  0x0000028e1a21fef0 JavaThread "Unconstrained build operations Thread 49" [_thread_blocked, id=7808, stack(0x000000eb5e300000,0x000000eb5e400000)]
  0x0000028e1a21ced0 JavaThread "Unconstrained build operations Thread 50" [_thread_blocked, id=41088, stack(0x000000eb5e400000,0x000000eb5e500000)]
  0x0000028e1a21f080 JavaThread "Unconstrained build operations Thread 51" [_thread_blocked, id=31920, stack(0x000000eb5e500000,0x000000eb5e600000)]
  0x0000028e1a21e6e0 JavaThread "Unconstrained build operations Thread 52" [_thread_blocked, id=39824, stack(0x000000eb5e600000,0x000000eb5e700000)]
  0x0000028e1a21ebb0 JavaThread "Unconstrained build operations Thread 53" [_thread_blocked, id=39128, stack(0x000000eb5e700000,0x000000eb5e800000)]
  0x0000028e1a21f550 JavaThread "Unconstrained build operations Thread 54" [_thread_blocked, id=22112, stack(0x000000eb5e800000,0x000000eb5e900000)]
  0x0000028e1a21fa20 JavaThread "Unconstrained build operations Thread 55" [_thread_blocked, id=31976, stack(0x000000eb5e900000,0x000000eb5ea00000)]
  0x0000028e1a21d3a0 JavaThread "Unconstrained build operations Thread 56" [_thread_blocked, id=1200, stack(0x000000eb5ea00000,0x000000eb5eb00000)]
  0x0000028e14360060 JavaThread "Unconstrained build operations Thread 57" [_thread_blocked, id=30968, stack(0x000000eb5eb00000,0x000000eb5ec00000)]
  0x0000028e1435f6c0 JavaThread "Unconstrained build operations Thread 58" [_thread_blocked, id=5016, stack(0x000000eb5ec00000,0x000000eb5ed00000)]
  0x0000028e1435fb90 JavaThread "Unconstrained build operations Thread 59" [_thread_blocked, id=20416, stack(0x000000eb5ed00000,0x000000eb5ee00000)]
  0x0000028e1435d040 JavaThread "Unconstrained build operations Thread 60" [_thread_blocked, id=33856, stack(0x000000eb5ee00000,0x000000eb5ef00000)]
  0x0000028e1435d9e0 JavaThread "Unconstrained build operations Thread 61" [_thread_blocked, id=33144, stack(0x000000eb5ef00000,0x000000eb5f000000)]
  0x0000028e14360530 JavaThread "Unconstrained build operations Thread 62" [_thread_blocked, id=23344, stack(0x000000eb5f000000,0x000000eb5f100000)]
  0x0000028e1435deb0 JavaThread "Unconstrained build operations Thread 63" [_thread_blocked, id=38036, stack(0x000000eb5f100000,0x000000eb5f200000)]
  0x0000028e1435f1f0 JavaThread "Unconstrained build operations Thread 64" [_thread_blocked, id=35404, stack(0x000000eb5f200000,0x000000eb5f300000)]
  0x0000028e1435e850 JavaThread "Unconstrained build operations Thread 65" [_thread_blocked, id=7956, stack(0x000000eb5f300000,0x000000eb5f400000)]
  0x0000028e14360a00 JavaThread "Unconstrained build operations Thread 66" [_thread_blocked, id=33176, stack(0x000000eb5f400000,0x000000eb5f500000)]
  0x0000028e1435d510 JavaThread "Unconstrained build operations Thread 67" [_thread_blocked, id=39320, stack(0x000000eb5f500000,0x000000eb5f600000)]
  0x0000028e1435e380 JavaThread "Unconstrained build operations Thread 68" [_thread_blocked, id=22164, stack(0x000000eb5f600000,0x000000eb5f700000)]
  0x0000028e1435ed20 JavaThread "Unconstrained build operations Thread 69" [_thread_blocked, id=12512, stack(0x000000eb5f700000,0x000000eb5f800000)]
  0x0000028e1877c150 JavaThread "Unconstrained build operations Thread 70" [_thread_blocked, id=21084, stack(0x000000eb5f800000,0x000000eb5f900000)]
  0x0000028e1877d960 JavaThread "Unconstrained build operations Thread 71" [_thread_blocked, id=1104, stack(0x000000eb5f900000,0x000000eb5fa00000)]
  0x0000028e1877e300 JavaThread "Unconstrained build operations Thread 72" [_thread_blocked, id=8792, stack(0x000000eb5fa00000,0x000000eb5fb00000)]
  0x0000028e1877c620 JavaThread "Unconstrained build operations Thread 73" [_thread_blocked, id=20004, stack(0x000000eb5fb00000,0x000000eb5fc00000)]
  0x0000028e1877caf0 JavaThread "Unconstrained build operations Thread 74" [_thread_blocked, id=23020, stack(0x000000eb5fc00000,0x000000eb5fd00000)]
  0x0000028e1877de30 JavaThread "Unconstrained build operations Thread 75" [_thread_blocked, id=19384, stack(0x000000eb5fd00000,0x000000eb5fe00000)]
  0x0000028e1877cfc0 JavaThread "Unconstrained build operations Thread 76" [_thread_blocked, id=14708, stack(0x000000eb5fe00000,0x000000eb5ff00000)]
  0x0000028e1877d490 JavaThread "Unconstrained build operations Thread 77" [_thread_blocked, id=13328, stack(0x000000eb5ff00000,0x000000eb60000000)]
  0x0000028e1877a940 JavaThread "Unconstrained build operations Thread 78" [_thread_blocked, id=37904, stack(0x000000eb60000000,0x000000eb60100000)]
  0x0000028e1877b2e0 JavaThread "Unconstrained build operations Thread 79" [_thread_blocked, id=34356, stack(0x000000eb60100000,0x000000eb60200000)]
  0x0000028e1877ae10 JavaThread "Unconstrained build operations Thread 80" [_thread_blocked, id=30348, stack(0x000000eb60200000,0x000000eb60300000)]
  0x0000028e1877b7b0 JavaThread "Unconstrained build operations Thread 81" [_thread_blocked, id=31092, stack(0x000000eb60300000,0x000000eb60400000)]
  0x0000028e1877bc80 JavaThread "Unconstrained build operations Thread 82" [_thread_blocked, id=30040, stack(0x000000eb60400000,0x000000eb60500000)]
  0x0000028e1875af10 JavaThread "Unconstrained build operations Thread 83" [_thread_blocked, id=13520, stack(0x000000eb60500000,0x000000eb60600000)]
  0x0000028e18759700 JavaThread "Unconstrained build operations Thread 84" [_thread_blocked, id=2708, stack(0x000000eb60600000,0x000000eb60700000)]
  0x0000028e18759230 JavaThread "Unconstrained build operations Thread 85" [_thread_blocked, id=32412, stack(0x000000eb60700000,0x000000eb60800000)]
  0x0000028e1875a570 JavaThread "Unconstrained build operations Thread 86" [_thread_blocked, id=19532, stack(0x000000eb60800000,0x000000eb60900000)]
  0x0000028e18759bd0 JavaThread "Unconstrained build operations Thread 87" [_thread_blocked, id=25932, stack(0x000000eb60900000,0x000000eb60a00000)]
  0x0000028e1875a0a0 JavaThread "Unconstrained build operations Thread 88" [_thread_blocked, id=41688, stack(0x000000eb60a00000,0x000000eb60b00000)]
  0x0000028e1875aa40 JavaThread "Unconstrained build operations Thread 89" [_thread_blocked, id=40932, stack(0x000000eb60b00000,0x000000eb60c00000)]
  0x0000028e1875b3e0 JavaThread "Unconstrained build operations Thread 90" [_thread_blocked, id=15540, stack(0x000000eb60c00000,0x000000eb60d00000)]
  0x0000028e187583c0 JavaThread "Unconstrained build operations Thread 91" [_thread_blocked, id=36296, stack(0x000000eb60d00000,0x000000eb60e00000)]
  0x0000028e1875b8b0 JavaThread "Unconstrained build operations Thread 92" [_thread_blocked, id=31864, stack(0x000000eb60e00000,0x000000eb60f00000)]
  0x0000028e18757ef0 JavaThread "Unconstrained build operations Thread 93" [_thread_blocked, id=2212, stack(0x000000eb60f00000,0x000000eb61000000)]
  0x0000028e1875bd80 JavaThread "Unconstrained build operations Thread 94" [_thread_blocked, id=11296, stack(0x000000eb61000000,0x000000eb61100000)]
  0x0000028e1875c250 JavaThread "Unconstrained build operations Thread 95" [_thread_blocked, id=13568, stack(0x000000eb61100000,0x000000eb61200000)]
  0x0000028e18758890 JavaThread "Unconstrained build operations Thread 96" [_thread_blocked, id=32480, stack(0x000000eb61200000,0x000000eb61300000)]
  0x0000028e1875c720 JavaThread "Unconstrained build operations Thread 97" [_thread_blocked, id=1320, stack(0x000000eb61300000,0x000000eb61400000)]
  0x0000028e18758d60 JavaThread "Unconstrained build operations Thread 98" [_thread_blocked, id=9816, stack(0x000000eb61400000,0x000000eb61500000)]
  0x0000028e1875cbf0 JavaThread "Unconstrained build operations Thread 99" [_thread_blocked, id=19944, stack(0x000000eb61500000,0x000000eb61600000)]
  0x0000028e1875d0c0 JavaThread "Unconstrained build operations Thread 100" [_thread_blocked, id=19016, stack(0x000000eb61600000,0x000000eb61700000)]
  0x0000028e1875d590 JavaThread "Unconstrained build operations Thread 101" [_thread_blocked, id=41552, stack(0x000000eb61700000,0x000000eb61800000)]
  0x0000028e1875e8d0 JavaThread "Unconstrained build operations Thread 102" [_thread_blocked, id=32676, stack(0x000000eb61800000,0x000000eb61900000)]
  0x0000028e1875eda0 JavaThread "Unconstrained build operations Thread 103" [_thread_blocked, id=41112, stack(0x000000eb61900000,0x000000eb61a00000)]
  0x0000028e1875da60 JavaThread "Unconstrained build operations Thread 104" [_thread_blocked, id=38712, stack(0x000000eb61a00000,0x000000eb61b00000)]
  0x0000028e1875df30 JavaThread "Unconstrained build operations Thread 105" [_thread_blocked, id=20100, stack(0x000000eb61b00000,0x000000eb61c00000)]
  0x0000028e1875e400 JavaThread "Unconstrained build operations Thread 106" [_thread_blocked, id=11416, stack(0x000000eb61c00000,0x000000eb61d00000)]
  0x0000028e1875f740 JavaThread "Unconstrained build operations Thread 107" [_thread_blocked, id=14160, stack(0x000000eb61d00000,0x000000eb61e00000)]
  0x0000028e182c7ba0 JavaThread "Unconstrained build operations Thread 108" [_thread_blocked, id=13332, stack(0x000000eb61e00000,0x000000eb61f00000)]
  0x0000028e182c8540 JavaThread "Unconstrained build operations Thread 109" [_thread_blocked, id=15220, stack(0x000000eb61f00000,0x000000eb62000000)]
  0x0000028e182c59f0 JavaThread "Unconstrained build operations Thread 110" [_thread_blocked, id=38232, stack(0x000000eb62000000,0x000000eb62100000)]
  0x0000028e182c8a10 JavaThread "Unconstrained build operations Thread 111" [_thread_blocked, id=6668, stack(0x000000eb62100000,0x000000eb62200000)]
  0x0000028e182c76d0 JavaThread "Unconstrained build operations Thread 112" [_thread_blocked, id=40148, stack(0x000000eb62200000,0x000000eb62300000)]
  0x0000028e182c6860 JavaThread "Unconstrained build operations Thread 113" [_thread_blocked, id=29808, stack(0x000000eb62300000,0x000000eb62400000)]
  0x0000028e182c7200 JavaThread "Unconstrained build operations Thread 114" [_thread_blocked, id=19968, stack(0x000000eb62400000,0x000000eb62500000)]
  0x0000028e182c5ec0 JavaThread "Unconstrained build operations Thread 115" [_thread_blocked, id=18212, stack(0x000000eb62500000,0x000000eb62600000)]
  0x0000028e182c8070 JavaThread "Unconstrained build operations Thread 116" [_thread_blocked, id=35660, stack(0x000000eb62700000,0x000000eb62800000)]
  0x0000028e182c5520 JavaThread "Unconstrained build operations Thread 117" [_thread_blocked, id=11784, stack(0x000000eb62800000,0x000000eb62900000)]
  0x0000028e182c6390 JavaThread "Unconstrained build operations Thread 118" [_thread_blocked, id=18036, stack(0x000000eb62900000,0x000000eb62a00000)]
  0x0000028e182c6d30 JavaThread "Unconstrained build operations Thread 119" [_thread_blocked, id=32100, stack(0x000000eb62a00000,0x000000eb62b00000)]
  0x0000028e182c5050 JavaThread "Unconstrained build operations Thread 120" [_thread_blocked, id=6680, stack(0x000000eb62b00000,0x000000eb62c00000)]
  0x0000028e1875f270 JavaThread "jar transforms Thread 6" [_thread_blocked, id=36516, stack(0x000000eb62c00000,0x000000eb62d00000)]
  0x0000028e18bcffc0 JavaThread "jar transforms Thread 7" [_thread_blocked, id=13168, stack(0x000000eb62d00000,0x000000eb62e00000)]
  0x0000028e18bcf150 JavaThread "jar transforms Thread 8" [_thread_blocked, id=37680, stack(0x000000eb62e00000,0x000000eb62f00000)]
  0x0000028e18bccfa0 JavaThread "jar transforms Thread 9" [_thread_blocked, id=22504, stack(0x000000eb62f00000,0x000000eb63000000)]
  0x0000028e18bcc600 JavaThread "jar transforms Thread 10" [_thread_blocked, id=21552, stack(0x000000eb63000000,0x000000eb63100000)]
  0x0000028e18bd0490 JavaThread "jar transforms Thread 11" [_thread_blocked, id=38860, stack(0x000000eb63100000,0x000000eb63200000)]
  0x0000028e18bccad0 JavaThread "jar transforms Thread 12" [_thread_blocked, id=20504, stack(0x000000eb63200000,0x000000eb63300000)]
  0x0000028e18bcd940 JavaThread "build event listener" [_thread_blocked, id=39620, stack(0x000000eb63300000,0x000000eb63400000)]
  0x0000028e18bce7b0 JavaThread "Memory manager" [_thread_blocked, id=4824, stack(0x000000eb63400000,0x000000eb63500000)]
  0x0000028e168e6990 JavaThread "C2 CompilerThread1" daemon [_thread_blocked, id=6472, stack(0x000000eb62600000,0x000000eb62700000)]
  0x0000028e168e5040 JavaThread "C2 CompilerThread2" daemon [_thread_blocked, id=1428, stack(0x000000eb57500000,0x000000eb57600000)]
  0x0000028e18bd2640 JavaThread "included builds" [_thread_blocked, id=28820, stack(0x000000eb63500000,0x000000eb63600000)]
  0x0000028e18bd2b10 JavaThread "Execution worker" [_thread_blocked, id=30224, stack(0x000000eb63600000,0x000000eb63700000)]
  0x0000028e18bd2fe0 JavaThread "Execution worker Thread 2" [_thread_blocked, id=17440, stack(0x000000eb63700000,0x000000eb63800000)]
  0x0000028e18bcfaf0 JavaThread "Execution worker Thread 3" [_thread_blocked, id=15144, stack(0x000000eb63800000,0x000000eb63900000)]
  0x0000028e18bd34b0 JavaThread "Execution worker Thread 4" [_thread_blocked, id=25544, stack(0x000000eb63900000,0x000000eb63a00000)]
  0x0000028e18bd3980 JavaThread "Execution worker Thread 5" [_thread_blocked, id=25632, stack(0x000000eb63a00000,0x000000eb63b00000)]
  0x0000028e156c8500 JavaThread "Execution worker Thread 6" [_thread_blocked, id=26868, stack(0x000000eb63b00000,0x000000eb63c00000)]
  0x0000028e1c65d3d0 JavaThread "Execution worker Thread 7" [_thread_blocked, id=34920, stack(0x000000eb63c00000,0x000000eb63d00000)]
  0x0000028e1c65ca30 JavaThread "Execution worker Thread 8" [_thread_blocked, id=10868, stack(0x000000eb63d00000,0x000000eb63e00000)]
  0x0000028e1c65dd70 JavaThread "Execution worker Thread 9" [_thread_blocked, id=35352, stack(0x000000eb63e00000,0x000000eb63f00000)]
  0x0000028e1c65b220 JavaThread "Execution worker Thread 10" [_thread_blocked, id=35312, stack(0x000000eb63f00000,0x000000eb64000000)]
  0x0000028e1c65e240 JavaThread "Execution worker Thread 11" [_thread_blocked, id=41480, stack(0x000000eb64000000,0x000000eb64100000)]
  0x0000028e1c65a880 JavaThread "Cache worker for execution history cache (C:\Users\Ashley (etu-arakoto)\Documents\Informatique\suivi_candidatures\candidatures_android\.gradle\8.0\executionHistory)" [_thread_blocked, id=21540, stack(0x000000eb64100000,0x000000eb64200000)]
  0x0000028e1c65e710 JavaThread "WorkerExecutor Queue" [_thread_blocked, id=39856, stack(0x000000eb64400000,0x000000eb64500000)]
  0x0000028e22e7e740 JavaThread "WorkerExecutor Queue Thread 2" [_thread_blocked, id=35480, stack(0x000000eb57600000,0x000000eb57700000)]
  0x0000028e22091f50 JavaThread "WorkerExecutor Queue Thread 3" [_thread_blocked, id=10080, stack(0x000000eb57700000,0x000000eb57800000)]
  0x0000028e18318c40 JavaThread "WorkerExecutor Queue Thread 4" [_thread_blocked, id=28452, stack(0x000000eb59900000,0x000000eb59a00000)]
  0x0000028e18317dd0 JavaThread "WorkerExecutor Queue Thread 5" [_thread_blocked, id=26796, stack(0x000000eb64c00000,0x000000eb64d00000)]
  0x0000028e22092420 JavaThread "WorkerExecutor Queue Thread 6" [_thread_blocked, id=40480, stack(0x000000eb64d00000,0x000000eb64e00000)]
  0x0000028e220c1440 JavaThread "WorkerExecutor Queue Thread 7" [_thread_blocked, id=27012, stack(0x000000eb64e00000,0x000000eb64f00000)]
  0x0000028e183182a0 JavaThread "WorkerExecutor Queue Thread 9" [_thread_blocked, id=28432, stack(0x000000eb65000000,0x000000eb65100000)]
  0x0000028e22e7dda0 JavaThread "WorkerExecutor Queue Thread 10" [_thread_blocked, id=31904, stack(0x000000eb65100000,0x000000eb65200000)]
  0x0000028e18318770 JavaThread "WorkerExecutor Queue Thread 11" [_thread_blocked, id=14836, stack(0x000000eb65200000,0x000000eb65300000)]
  0x0000028e1ce00ed0 JavaThread "WorkerExecutor Queue Thread 12" [_thread_blocked, id=40712, stack(0x000000eb65300000,0x000000eb65400000)]
  0x0000028e1a4eb1f0 JavaThread "WorkerExecutor Queue Thread 13" [_thread_blocked, id=14564, stack(0x000000eb65400000,0x000000eb65500000)]
  0x0000028e23d93630 JavaThread "ForkJoinPool-1-worker-1" daemon [_thread_blocked, id=10968, stack(0x000000eb65500000,0x000000eb65600000)]
  0x0000028e22e7e270 JavaThread "ForkJoinPool-1-worker-2" daemon [_thread_blocked, id=13772, stack(0x000000eb65600000,0x000000eb65700000)]
  0x0000028e22e7ec10 JavaThread "ForkJoinPool-1-worker-3" daemon [_thread_blocked, id=20884, stack(0x000000eb65700000,0x000000eb65800000)]
  0x0000028e23d92c90 JavaThread "ForkJoinPool-1-worker-4" daemon [_thread_blocked, id=17768, stack(0x000000eb65800000,0x000000eb65900000)]
  0x0000028e1a4eb6c0 JavaThread "ForkJoinPool-1-worker-5" daemon [_thread_blocked, id=15548, stack(0x000000eb65900000,0x000000eb65a00000)]
  0x0000028e1ce02210 JavaThread "ForkJoinPool-1-worker-6" daemon [_thread_blocked, id=33488, stack(0x000000eb65a00000,0x000000eb65b00000)]
  0x0000028e20ca3b10 JavaThread "ForkJoinPool-1-worker-7" daemon [_thread_blocked, id=37296, stack(0x000000eb65b00000,0x000000eb65c00000)]
  0x0000028e220c1de0 JavaThread "ForkJoinPool-1-worker-8" daemon [_thread_blocked, id=16328, stack(0x000000eb65c00000,0x000000eb65d00000)]
  0x0000028e220bea90 JavaThread "ForkJoinPool-1-worker-9" daemon [_thread_blocked, id=37452, stack(0x000000eb65d00000,0x000000eb65e00000)]
  0x0000028e1ce026e0 JavaThread "ForkJoinPool-1-worker-10" daemon [_thread_blocked, id=1324, stack(0x000000eb65e00000,0x000000eb65f00000)]
  0x0000028e1a4ead20 JavaThread "ForkJoinPool-1-worker-11" daemon [_thread_blocked, id=23984, stack(0x000000eb65f00000,0x000000eb66000000)]
  0x0000028e22e7d400 JavaThread "ForkJoinPool-1-worker-12" daemon [_thread_blocked, id=13444, stack(0x000000eb66000000,0x000000eb66100000)]

Other Threads:
=>0x0000028e13c43ee0 VMThread "VM Thread" [stack: 0x000000eb57e00000,0x000000eb57f00000] [id=26956]
  0x0000028e13dab400 WatcherThread [stack: 0x000000eb58a00000,0x000000eb58b00000] [id=31396]
  0x0000028e770602e0 GCTaskThread "GC Thread#0" [stack: 0x000000eb57900000,0x000000eb57a00000] [id=17652]
  0x0000028e142e9e60 GCTaskThread "GC Thread#1" [stack: 0x000000eb58c00000,0x000000eb58d00000] [id=37828]
  0x0000028e142ea110 GCTaskThread "GC Thread#2" [stack: 0x000000eb58d00000,0x000000eb58e00000] [id=26348]
  0x0000028e142ea3c0 GCTaskThread "GC Thread#3" [stack: 0x000000eb58e00000,0x000000eb58f00000] [id=34724]
  0x0000028e142ea670 GCTaskThread "GC Thread#4" [stack: 0x000000eb58f00000,0x000000eb59000000] [id=21340]
  0x0000028e14149270 GCTaskThread "GC Thread#5" [stack: 0x000000eb59000000,0x000000eb59100000] [id=12712]
  0x0000028e15295260 GCTaskThread "GC Thread#6" [stack: 0x000000eb59b00000,0x000000eb59c00000] [id=36872]
  0x0000028e15295510 GCTaskThread "GC Thread#7" [stack: 0x000000eb59c00000,0x000000eb59d00000] [id=7408]
  0x0000028e15295bd0 GCTaskThread "GC Thread#8" [stack: 0x000000eb59d00000,0x000000eb59e00000] [id=24472]
  0x0000028e164e7040 GCTaskThread "GC Thread#9" [stack: 0x000000eb59e00000,0x000000eb59f00000] [id=12192]
  0x0000028e77071130 ConcurrentGCThread "G1 Main Marker" [stack: 0x000000eb57a00000,0x000000eb57b00000] [id=16872]
  0x0000028e77072720 ConcurrentGCThread "G1 Conc#0" [stack: 0x000000eb57b00000,0x000000eb57c00000] [id=3972]
  0x0000028e16857c20 ConcurrentGCThread "G1 Conc#1" [stack: 0x000000eb59f00000,0x000000eb5a000000] [id=38784]
  0x0000028e16858990 ConcurrentGCThread "G1 Conc#2" [stack: 0x000000eb5a000000,0x000000eb5a100000] [id=26008]
  0x0000028e1309f5f0 ConcurrentGCThread "G1 Refine#0" [stack: 0x000000eb57c00000,0x000000eb57d00000] [id=29976]
  0x0000028e16e91790 ConcurrentGCThread "G1 Refine#1" [stack: 0x000000eb64500000,0x000000eb64600000] [id=22840]
  0x0000028e16e91d50 ConcurrentGCThread "G1 Refine#2" [stack: 0x000000eb64600000,0x000000eb64700000] [id=40608]
  0x0000028e199373c0 ConcurrentGCThread "G1 Refine#3" [stack: 0x000000eb64700000,0x000000eb64800000] [id=11140]
  0x0000028e1ec22d00 ConcurrentGCThread "G1 Refine#4" [stack: 0x000000eb64800000,0x000000eb64900000] [id=25252]
  0x0000028e1ec1fc20 ConcurrentGCThread "G1 Refine#5" [stack: 0x000000eb64900000,0x000000eb64a00000] [id=17512]
  0x0000028e1ec22460 ConcurrentGCThread "G1 Refine#6" [stack: 0x000000eb64a00000,0x000000eb64b00000] [id=27056]
  0x0000028e1ec1ff00 ConcurrentGCThread "G1 Refine#7" [stack: 0x000000eb64b00000,0x000000eb64c00000] [id=37832]
  0x0000028e1ec1f940 ConcurrentGCThread "G1 Refine#8" [stack: 0x000000eb66100000,0x000000eb66200000] [id=28276]
  0x0000028e1ec22740 ConcurrentGCThread "G1 Refine#9" [stack: 0x000000eb66200000,0x000000eb66300000] [id=26976]
  0x0000028e770be1b0 ConcurrentGCThread "G1 Service" [stack: 0x000000eb57d00000,0x000000eb57e00000] [id=6300]

Threads with active compile tasks:
C2 CompilerThread0    75074 20705       4       com.android.tools.r8.dex.code.O::a (3284 bytes)
C2 CompilerThread1    75074 15467       4       com.android.tools.r8.internal.hl::b (15 bytes)
C2 CompilerThread2    75074 19470       4       com.android.tools.r8.internal.t6::hashCode (21 bytes)

VM state: at safepoint (normal execution)

VM Mutex/Monitor currently owned by a thread:  ([mutex/lock_event])
[0x0000028e77001320] Threads_lock - owner thread: 0x0000028e13c43ee0
[0x0000028e770002d0] Heap_lock - owner thread: 0x0000028e22e7dda0

Heap address: 0x0000000080000000, size: 2048 MB, Compressed Oops mode: 32-bit

CDS archive(s) not mapped
Compressed class space mapped at: 0x0000000100000000-0x0000000140000000, reserved size: 1073741824
Narrow klass base: 0x0000000000000000, Narrow klass shift: 3, Narrow klass range: 0x140000000

GC Precious Log:
 CPUs: 12 total, 12 available
 Memory: 16068M
 Large Page Support: Disabled
 NUMA Support: Disabled
 Compressed Oops: Enabled (32-bit)
 Heap Region Size: 1M
 Heap Min Capacity: 8M
 Heap Initial Capacity: 252M
 Heap Max Capacity: 2G
 Pre-touch: Disabled
 Parallel Workers: 10
 Concurrent Workers: 3
 Concurrent Refinement Workers: 10
 Periodic GC: Disabled

Heap:
 garbage-first heap   total 848896K, used 343797K [0x0000000080000000, 0x0000000100000000)
  region size 1024K, 10 young (10240K), 10 survivors (10240K)
 Metaspace       used 127702K, committed 128512K, reserved 1163264K
  class space    used 17658K, committed 18048K, reserved 1048576K

Heap Regions: E=young(eden), S=young(survivor), O=old, HS=humongous(starts), HC=humongous(continues), CS=collection set, F=free, OA=open archive, CA=closed archive, TAMS=top-at-mark-start (previous, next)
|   0|0x0000000080000000, 0x0000000080100000, 0x0000000080100000|100%|HS|  |TAMS 0x0000000080100000, 0x0000000080100000| Complete 
|   1|0x0000000080100000, 0x0000000080200000, 0x0000000080200000|100%|HC|  |TAMS 0x0000000080200000, 0x0000000080200000| Complete 
|   2|0x0000000080200000, 0x0000000080300000, 0x0000000080300000|100%|HC|  |TAMS 0x0000000080300000, 0x0000000080300000| Complete 
|   3|0x0000000080300000, 0x0000000080400000, 0x0000000080400000|100%|HC|  |TAMS 0x0000000080400000, 0x0000000080400000| Complete 
|   4|0x0000000080400000, 0x0000000080500000, 0x0000000080500000|100%| O|  |TAMS 0x0000000080500000, 0x0000000080500000| Untracked 
|   5|0x0000000080500000, 0x0000000080600000, 0x0000000080600000|100%| O|  |TAMS 0x0000000080600000, 0x0000000080600000| Untracked 
|   6|0x0000000080600000, 0x0000000080700000, 0x0000000080700000|100%| O|  |TAMS 0x0000000080700000, 0x0000000080700000| Untracked 
|   7|0x0000000080700000, 0x0000000080800000, 0x0000000080800000|100%| O|  |TAMS 0x0000000080800000, 0x0000000080800000| Untracked 
|   8|0x0000000080800000, 0x0000000080900000, 0x0000000080900000|100%| O|  |TAMS 0x0000000080900000, 0x0000000080900000| Untracked 
|   9|0x0000000080900000, 0x0000000080a00000, 0x0000000080a00000|100%| O|  |TAMS 0x0000000080a00000, 0x0000000080a00000| Untracked 
|  10|0x0000000080a00000, 0x0000000080b00000, 0x0000000080b00000|100%| O|  |TAMS 0x0000000080b00000, 0x0000000080b00000| Untracked 
|  11|0x0000000080b00000, 0x0000000080c00000, 0x0000000080c00000|100%| O|  |TAMS 0x0000000080c00000, 0x0000000080c00000| Untracked 
|  12|0x0000000080c00000, 0x0000000080d00000, 0x0000000080d00000|100%| O|  |TAMS 0x0000000080d00000, 0x0000000080d00000| Untracked 
|  13|0x0000000080d00000, 0x0000000080e00000, 0x0000000080e00000|100%| O|  |TAMS 0x0000000080e00000, 0x0000000080e00000| Untracked 
|  14|0x0000000080e00000, 0x0000000080f00000, 0x0000000080f00000|100%| O|  |TAMS 0x0000000080f00000, 0x0000000080f00000| Untracked 
|  15|0x0000000080f00000, 0x0000000081000000, 0x0000000081000000|100%| O|  |TAMS 0x0000000081000000, 0x0000000081000000| Untracked 
|  16|0x0000000081000000, 0x0000000081100000, 0x0000000081100000|100%| O|  |TAMS 0x0000000081100000, 0x0000000081100000| Untracked 
|  17|0x0000000081100000, 0x0000000081200000, 0x0000000081200000|100%| O|  |TAMS 0x0000000081200000, 0x0000000081200000| Untracked 
|  18|0x0000000081200000, 0x0000000081300000, 0x0000000081300000|100%| O|  |TAMS 0x0000000081300000, 0x0000000081300000| Untracked 
|  19|0x0000000081300000, 0x0000000081400000, 0x0000000081400000|100%| O|  |TAMS 0x0000000081400000, 0x0000000081400000| Untracked 
|  20|0x0000000081400000, 0x0000000081500000, 0x0000000081500000|100%|HS|  |TAMS 0x0000000081500000, 0x0000000081500000| Complete 
|  21|0x0000000081500000, 0x0000000081600000, 0x0000000081600000|100%| O|  |TAMS 0x0000000081600000, 0x0000000081600000| Untracked 
|  22|0x0000000081600000, 0x0000000081700000, 0x0000000081700000|100%| O|  |TAMS 0x0000000081700000, 0x0000000081700000| Untracked 
|  23|0x0000000081700000, 0x0000000081800000, 0x0000000081800000|100%| O|  |TAMS 0x0000000081800000, 0x0000000081800000| Untracked 
|  24|0x0000000081800000, 0x0000000081900000, 0x0000000081900000|100%| O|  |TAMS 0x0000000081900000, 0x0000000081900000| Untracked 
|  25|0x0000000081900000, 0x0000000081a00000, 0x0000000081a00000|100%| O|  |TAMS 0x0000000081a00000, 0x0000000081a00000| Untracked 
|  26|0x0000000081a00000, 0x0000000081b00000, 0x0000000081b00000|100%| O|  |TAMS 0x0000000081b00000, 0x0000000081b00000| Untracked 
|  27|0x0000000081b00000, 0x0000000081c00000, 0x0000000081c00000|100%| O|  |TAMS 0x0000000081c00000, 0x0000000081c00000| Untracked 
|  28|0x0000000081c00000, 0x0000000081d00000, 0x0000000081d00000|100%|HS|  |TAMS 0x0000000081d00000, 0x0000000081d00000| Complete 
|  29|0x0000000081d00000, 0x0000000081e00000, 0x0000000081e00000|100%|HS|  |TAMS 0x0000000081e00000, 0x0000000081e00000| Complete 
|  30|0x0000000081e00000, 0x0000000081f00000, 0x0000000081f00000|100%|HC|  |TAMS 0x0000000081f00000, 0x0000000081f00000| Complete 
|  31|0x0000000081f00000, 0x0000000082000000, 0x0000000082000000|100%|HS|  |TAMS 0x0000000082000000, 0x0000000082000000| Complete 
|  32|0x0000000082000000, 0x0000000082100000, 0x0000000082100000|100%|HS|  |TAMS 0x0000000082100000, 0x0000000082100000| Complete 
|  33|0x0000000082100000, 0x0000000082200000, 0x0000000082200000|100%|HC|  |TAMS 0x0000000082200000, 0x0000000082200000| Complete 
|  34|0x0000000082200000, 0x0000000082300000, 0x0000000082300000|100%|HC|  |TAMS 0x0000000082300000, 0x0000000082300000| Complete 
|  35|0x0000000082300000, 0x0000000082400000, 0x0000000082400000|100%|HC|  |TAMS 0x0000000082400000, 0x0000000082400000| Complete 
|  36|0x0000000082400000, 0x0000000082500000, 0x0000000082500000|100%| O|  |TAMS 0x0000000082500000, 0x0000000082500000| Untracked 
|  37|0x0000000082500000, 0x0000000082600000, 0x0000000082600000|100%| O|  |TAMS 0x0000000082600000, 0x0000000082600000| Untracked 
|  38|0x0000000082600000, 0x0000000082700000, 0x0000000082700000|100%| O|  |TAMS 0x0000000082700000, 0x0000000082700000| Untracked 
|  39|0x0000000082700000, 0x0000000082800000, 0x0000000082800000|100%| O|  |TAMS 0x0000000082800000, 0x0000000082800000| Untracked 
|  40|0x0000000082800000, 0x0000000082900000, 0x0000000082900000|100%| O|  |TAMS 0x0000000082900000, 0x0000000082900000| Untracked 
|  41|0x0000000082900000, 0x0000000082a00000, 0x0000000082a00000|100%| O|  |TAMS 0x0000000082a00000, 0x0000000082a00000| Untracked 
|  42|0x0000000082a00000, 0x0000000082b00000, 0x0000000082b00000|100%| O|  |TAMS 0x0000000082b00000, 0x0000000082b00000| Untracked 
|  43|0x0000000082b00000, 0x0000000082c00000, 0x0000000082c00000|100%| O|  |TAMS 0x0000000082c00000, 0x0000000082c00000| Untracked 
|  44|0x0000000082c00000, 0x0000000082d00000, 0x0000000082d00000|100%| O|  |TAMS 0x0000000082d00000, 0x0000000082d00000| Untracked 
|  45|0x0000000082d00000, 0x0000000082e00000, 0x0000000082e00000|100%| O|  |TAMS 0x0000000082e00000, 0x0000000082e00000| Untracked 
|  46|0x0000000082e00000, 0x0000000082f00000, 0x0000000082f00000|100%| O|  |TAMS 0x0000000082f00000, 0x0000000082f00000| Untracked 
|  47|0x0000000082f00000, 0x0000000083000000, 0x0000000083000000|100%| O|  |TAMS 0x0000000083000000, 0x0000000083000000| Untracked 
|  48|0x0000000083000000, 0x0000000083100000, 0x0000000083100000|100%| O|  |TAMS 0x0000000083100000, 0x0000000083100000| Untracked 
|  49|0x0000000083100000, 0x0000000083200000, 0x0000000083200000|100%| O|  |TAMS 0x0000000083200000, 0x0000000083200000| Untracked 
|  50|0x0000000083200000, 0x0000000083300000, 0x0000000083300000|100%| O|  |TAMS 0x0000000083300000, 0x0000000083300000| Untracked 
|  51|0x0000000083300000, 0x0000000083400000, 0x0000000083400000|100%| O|  |TAMS 0x0000000083400000, 0x0000000083400000| Untracked 
|  52|0x0000000083400000, 0x0000000083500000, 0x0000000083500000|100%| O|  |TAMS 0x0000000083500000, 0x0000000083500000| Untracked 
|  53|0x0000000083500000, 0x0000000083600000, 0x0000000083600000|100%| O|  |TAMS 0x0000000083600000, 0x0000000083600000| Untracked 
|  54|0x0000000083600000, 0x0000000083700000, 0x0000000083700000|100%| O|  |TAMS 0x0000000083700000, 0x0000000083700000| Untracked 
|  55|0x0000000083700000, 0x0000000083800000, 0x0000000083800000|100%| O|  |TAMS 0x0000000083800000, 0x0000000083800000| Untracked 
|  56|0x0000000083800000, 0x0000000083900000, 0x0000000083900000|100%| O|  |TAMS 0x0000000083900000, 0x0000000083900000| Untracked 
|  57|0x0000000083900000, 0x0000000083a00000, 0x0000000083a00000|100%| O|  |TAMS 0x0000000083a00000, 0x0000000083a00000| Untracked 
|  58|0x0000000083a00000, 0x0000000083b00000, 0x0000000083b00000|100%| O|  |TAMS 0x0000000083b00000, 0x0000000083b00000| Untracked 
|  59|0x0000000083b00000, 0x0000000083c00000, 0x0000000083c00000|100%| O|  |TAMS 0x0000000083c00000, 0x0000000083c00000| Untracked 
|  60|0x0000000083c00000, 0x0000000083d00000, 0x0000000083d00000|100%| O|  |TAMS 0x0000000083d00000, 0x0000000083d00000| Untracked 
|  61|0x0000000083d00000, 0x0000000083e00000, 0x0000000083e00000|100%| O|  |TAMS 0x0000000083e00000, 0x0000000083e00000| Untracked 
|  62|0x0000000083e00000, 0x0000000083f00000, 0x0000000083f00000|100%| O|  |TAMS 0x0000000083f00000, 0x0000000083f00000| Untracked 
|  63|0x0000000083f00000, 0x0000000084000000, 0x0000000084000000|100%| O|  |TAMS 0x0000000084000000, 0x0000000084000000| Untracked 
|  64|0x0000000084000000, 0x0000000084100000, 0x0000000084100000|100%| O|  |TAMS 0x0000000084100000, 0x0000000084100000| Untracked 
|  65|0x0000000084100000, 0x0000000084200000, 0x0000000084200000|100%| O|  |TAMS 0x0000000084200000, 0x0000000084200000| Untracked 
|  66|0x0000000084200000, 0x0000000084300000, 0x0000000084300000|100%| O|  |TAMS 0x0000000084300000, 0x0000000084300000| Untracked 
|  67|0x0000000084300000, 0x0000000084400000, 0x0000000084400000|100%| O|  |TAMS 0x0000000084400000, 0x0000000084400000| Untracked 
|  68|0x0000000084400000, 0x0000000084500000, 0x0000000084500000|100%| O|  |TAMS 0x0000000084500000, 0x0000000084500000| Untracked 
|  69|0x0000000084500000, 0x0000000084600000, 0x0000000084600000|100%| O|  |TAMS 0x0000000084600000, 0x0000000084600000| Untracked 
|  70|0x0000000084600000, 0x0000000084700000, 0x0000000084700000|100%| O|  |TAMS 0x0000000084700000, 0x0000000084700000| Untracked 
|  71|0x0000000084700000, 0x0000000084800000, 0x0000000084800000|100%| O|  |TAMS 0x0000000084800000, 0x0000000084800000| Untracked 
|  72|0x0000000084800000, 0x0000000084900000, 0x0000000084900000|100%| O|  |TAMS 0x0000000084900000, 0x0000000084900000| Untracked 
|  73|0x0000000084900000, 0x0000000084a00000, 0x0000000084a00000|100%| O|  |TAMS 0x0000000084a00000, 0x0000000084a00000| Untracked 
|  74|0x0000000084a00000, 0x0000000084b00000, 0x0000000084b00000|100%| O|  |TAMS 0x0000000084b00000, 0x0000000084b00000| Untracked 
|  75|0x0000000084b00000, 0x0000000084c00000, 0x0000000084c00000|100%| O|  |TAMS 0x0000000084c00000, 0x0000000084c00000| Untracked 
|  76|0x0000000084c00000, 0x0000000084d00000, 0x0000000084d00000|100%| O|  |TAMS 0x0000000084d00000, 0x0000000084d00000| Untracked 
|  77|0x0000000084d00000, 0x0000000084e00000, 0x0000000084e00000|100%| O|  |TAMS 0x0000000084e00000, 0x0000000084e00000| Untracked 
|  78|0x0000000084e00000, 0x0000000084f00000, 0x0000000084f00000|100%| O|  |TAMS 0x0000000084f00000, 0x0000000084f00000| Untracked 
|  79|0x0000000084f00000, 0x0000000085000000, 0x0000000085000000|100%| O|  |TAMS 0x0000000085000000, 0x0000000085000000| Untracked 
|  80|0x0000000085000000, 0x0000000085100000, 0x0000000085100000|100%| O|  |TAMS 0x0000000085100000, 0x0000000085100000| Untracked 
|  81|0x0000000085100000, 0x0000000085200000, 0x0000000085200000|100%| O|  |TAMS 0x0000000085200000, 0x0000000085200000| Untracked 
|  82|0x0000000085200000, 0x0000000085300000, 0x0000000085300000|100%| O|  |TAMS 0x0000000085300000, 0x0000000085300000| Untracked 
|  83|0x0000000085300000, 0x0000000085400000, 0x0000000085400000|100%| O|  |TAMS 0x0000000085400000, 0x0000000085400000| Untracked 
|  84|0x0000000085400000, 0x0000000085500000, 0x0000000085500000|100%| O|  |TAMS 0x0000000085500000, 0x0000000085500000| Untracked 
|  85|0x0000000085500000, 0x0000000085600000, 0x0000000085600000|100%| O|  |TAMS 0x0000000085500000, 0x0000000085600000| Untracked 
|  86|0x0000000085600000, 0x0000000085700000, 0x0000000085700000|100%| O|  |TAMS 0x0000000085700000, 0x0000000085700000| Untracked 
|  87|0x0000000085700000, 0x0000000085800000, 0x0000000085800000|100%| O|  |TAMS 0x0000000085800000, 0x0000000085800000| Untracked 
|  88|0x0000000085800000, 0x0000000085900000, 0x0000000085900000|100%| O|  |TAMS 0x0000000085900000, 0x0000000085900000| Untracked 
|  89|0x0000000085900000, 0x0000000085a00000, 0x0000000085a00000|100%| O|  |TAMS 0x0000000085a00000, 0x0000000085a00000| Untracked 
|  90|0x0000000085a00000, 0x0000000085b00000, 0x0000000085b00000|100%| O|  |TAMS 0x0000000085b00000, 0x0000000085b00000| Untracked 
|  91|0x0000000085b00000, 0x0000000085c00000, 0x0000000085c00000|100%| O|  |TAMS 0x0000000085c00000, 0x0000000085c00000| Untracked 
|  92|0x0000000085c00000, 0x0000000085d00000, 0x0000000085d00000|100%| O|  |TAMS 0x0000000085d00000, 0x0000000085d00000| Untracked 
|  93|0x0000000085d00000, 0x0000000085e00000, 0x0000000085e00000|100%| O|  |TAMS 0x0000000085e00000, 0x0000000085e00000| Untracked 
|  94|0x0000000085e00000, 0x0000000085f00000, 0x0000000085f00000|100%| O|  |TAMS 0x0000000085f00000, 0x0000000085f00000| Untracked 
|  95|0x0000000085f00000, 0x0000000085f00000, 0x0000000086000000|  0%| F|  |TAMS 0x0000000085f00000, 0x0000000085f00000| Untracked 
|  96|0x0000000086000000, 0x0000000086100000, 0x0000000086100000|100%| O|  |TAMS 0x0000000086000000, 0x0000000086100000| Untracked 
|  97|0x0000000086100000, 0x0000000086200000, 0x0000000086200000|100%| O|  |TAMS 0x0000000086100000, 0x0000000086200000| Untracked 
|  98|0x0000000086200000, 0x0000000086300000, 0x0000000086300000|100%| O|  |TAMS 0x0000000086300000, 0x0000000086300000| Untracked 
|  99|0x0000000086300000, 0x0000000086400000, 0x0000000086400000|100%| O|  |TAMS 0x0000000086300000, 0x0000000086400000| Untracked 
| 100|0x0000000086400000, 0x0000000086500000, 0x0000000086500000|100%| O|  |TAMS 0x0000000086400000, 0x0000000086500000| Untracked 
| 101|0x0000000086500000, 0x0000000086600000, 0x0000000086600000|100%| O|  |TAMS 0x0000000086500000, 0x0000000086600000| Untracked 
| 102|0x0000000086600000, 0x0000000086700000, 0x0000000086700000|100%| O|  |TAMS 0x0000000086600000, 0x0000000086700000| Untracked 
| 103|0x0000000086700000, 0x0000000086800000, 0x0000000086800000|100%| O|  |TAMS 0x0000000086700000, 0x0000000086800000| Untracked 
| 104|0x0000000086800000, 0x0000000086900000, 0x0000000086900000|100%| O|  |TAMS 0x0000000086800000, 0x0000000086900000| Untracked 
| 105|0x0000000086900000, 0x0000000086a00000, 0x0000000086a00000|100%|HS|  |TAMS 0x0000000086900000, 0x0000000086a00000| Complete 
| 106|0x0000000086a00000, 0x0000000086b00000, 0x0000000086b00000|100%| O|  |TAMS 0x0000000086a00000, 0x0000000086b00000| Untracked 
| 107|0x0000000086b00000, 0x0000000086c00000, 0x0000000086c00000|100%| O|  |TAMS 0x0000000086b00000, 0x0000000086c00000| Untracked 
| 108|0x0000000086c00000, 0x0000000086d00000, 0x0000000086d00000|100%| O|  |TAMS 0x0000000086c00000, 0x0000000086d00000| Untracked 
| 109|0x0000000086d00000, 0x0000000086e00000, 0x0000000086e00000|100%| O|  |TAMS 0x0000000086d00000, 0x0000000086e00000| Untracked 
| 110|0x0000000086e00000, 0x0000000086f00000, 0x0000000086f00000|100%| O|  |TAMS 0x0000000086e00000, 0x0000000086f00000| Untracked 
| 111|0x0000000086f00000, 0x0000000087000000, 0x0000000087000000|100%| O|  |TAMS 0x0000000086f00000, 0x0000000087000000| Untracked 
| 112|0x0000000087000000, 0x0000000087100000, 0x0000000087100000|100%| O|  |TAMS 0x0000000087000000, 0x0000000087100000| Untracked 
| 113|0x0000000087100000, 0x0000000087200000, 0x0000000087200000|100%| O|  |TAMS 0x0000000087200000, 0x0000000087200000| Untracked 
| 114|0x0000000087200000, 0x00000000872a0200, 0x0000000087300000| 62%| O|  |TAMS 0x0000000087200000, 0x00000000872a0200| Untracked 
| 115|0x0000000087300000, 0x0000000087300000, 0x0000000087400000|  0%| F|  |TAMS 0x0000000087300000, 0x0000000087300000| Untracked 
| 116|0x0000000087400000, 0x0000000087400000, 0x0000000087500000|  0%| F|  |TAMS 0x0000000087400000, 0x0000000087400000| Untracked 
| 117|0x0000000087500000, 0x0000000087500000, 0x0000000087600000|  0%| F|  |TAMS 0x0000000087500000, 0x0000000087500000| Untracked 
| 118|0x0000000087600000, 0x0000000087700000, 0x0000000087700000|100%| O|  |TAMS 0x0000000087700000, 0x0000000087700000| Untracked 
| 119|0x0000000087700000, 0x0000000087800000, 0x0000000087800000|100%| O|  |TAMS 0x0000000087800000, 0x0000000087800000| Untracked 
| 120|0x0000000087800000, 0x0000000087900000, 0x0000000087900000|100%| O|  |TAMS 0x0000000087900000, 0x0000000087900000| Untracked 
| 121|0x0000000087900000, 0x0000000087a00000, 0x0000000087a00000|100%| O|  |TAMS 0x0000000087a00000, 0x0000000087a00000| Untracked 
| 122|0x0000000087a00000, 0x0000000087b00000, 0x0000000087b00000|100%| O|  |TAMS 0x0000000087b00000, 0x0000000087b00000| Untracked 
| 123|0x0000000087b00000, 0x0000000087c00000, 0x0000000087c00000|100%| O|  |TAMS 0x0000000087c00000, 0x0000000087c00000| Untracked 
| 124|0x0000000087c00000, 0x0000000087d00000, 0x0000000087d00000|100%| O|  |TAMS 0x0000000087d00000, 0x0000000087d00000| Untracked 
| 125|0x0000000087d00000, 0x0000000087e00000, 0x0000000087e00000|100%| O|  |TAMS 0x0000000087e00000, 0x0000000087e00000| Untracked 
| 126|0x0000000087e00000, 0x0000000087f00000, 0x0000000087f00000|100%| O|  |TAMS 0x0000000087f00000, 0x0000000087f00000| Untracked 
| 127|0x0000000087f00000, 0x0000000087f00000, 0x0000000088000000|  0%| F|  |TAMS 0x0000000087f00000, 0x0000000087f00000| Untracked 
| 128|0x0000000088000000, 0x0000000088100000, 0x0000000088100000|100%| O|  |TAMS 0x0000000088100000, 0x0000000088100000| Untracked 
| 129|0x0000000088100000, 0x0000000088100000, 0x0000000088200000|  0%| F|  |TAMS 0x0000000088100000, 0x0000000088100000| Untracked 
| 130|0x0000000088200000, 0x0000000088300000, 0x0000000088300000|100%| O|  |TAMS 0x0000000088300000, 0x0000000088300000| Untracked 
| 131|0x0000000088300000, 0x0000000088400000, 0x0000000088400000|100%| O|  |TAMS 0x0000000088400000, 0x0000000088400000| Untracked 
| 132|0x0000000088400000, 0x0000000088400000, 0x0000000088500000|  0%| F|  |TAMS 0x0000000088400000, 0x0000000088400000| Untracked 
| 133|0x0000000088500000, 0x0000000088500000, 0x0000000088600000|  0%| F|  |TAMS 0x0000000088500000, 0x0000000088500000| Untracked 
| 134|0x0000000088600000, 0x0000000088700000, 0x0000000088700000|100%| O|  |TAMS 0x0000000088700000, 0x0000000088700000| Untracked 
| 135|0x0000000088700000, 0x0000000088800000, 0x0000000088800000|100%| O|  |TAMS 0x0000000088800000, 0x0000000088800000| Untracked 
| 136|0x0000000088800000, 0x0000000088800000, 0x0000000088900000|  0%| F|  |TAMS 0x0000000088800000, 0x0000000088800000| Untracked 
| 137|0x0000000088900000, 0x0000000088900000, 0x0000000088a00000|  0%| F|  |TAMS 0x0000000088900000, 0x0000000088900000| Untracked 
| 138|0x0000000088a00000, 0x0000000088b00000, 0x0000000088b00000|100%| O|  |TAMS 0x0000000088b00000, 0x0000000088b00000| Untracked 
| 139|0x0000000088b00000, 0x0000000088b00000, 0x0000000088c00000|  0%| F|  |TAMS 0x0000000088b00000, 0x0000000088b00000| Untracked 
| 140|0x0000000088c00000, 0x0000000088c00000, 0x0000000088d00000|  0%| F|  |TAMS 0x0000000088c00000, 0x0000000088c00000| Untracked 
| 141|0x0000000088d00000, 0x0000000088d00000, 0x0000000088e00000|  0%| F|  |TAMS 0x0000000088d00000, 0x0000000088d00000| Untracked 
| 142|0x0000000088e00000, 0x0000000088f00000, 0x0000000088f00000|100%| O|  |TAMS 0x0000000088f00000, 0x0000000088f00000| Untracked 
| 143|0x0000000088f00000, 0x0000000088f00000, 0x0000000089000000|  0%| F|  |TAMS 0x0000000088f00000, 0x0000000088f00000| Untracked 
| 144|0x0000000089000000, 0x0000000089000000, 0x0000000089100000|  0%| F|  |TAMS 0x0000000089000000, 0x0000000089000000| Untracked 
| 145|0x0000000089100000, 0x0000000089200000, 0x0000000089200000|100%| O|  |TAMS 0x0000000089200000, 0x0000000089200000| Untracked 
| 146|0x0000000089200000, 0x0000000089300000, 0x0000000089300000|100%| O|  |TAMS 0x0000000089300000, 0x0000000089300000| Untracked 
| 147|0x0000000089300000, 0x0000000089400000, 0x0000000089400000|100%| O|  |TAMS 0x0000000089400000, 0x0000000089400000| Untracked 
| 148|0x0000000089400000, 0x0000000089400000, 0x0000000089500000|  0%| F|  |TAMS 0x0000000089400000, 0x0000000089400000| Untracked 
| 149|0x0000000089500000, 0x0000000089600000, 0x0000000089600000|100%| O|  |TAMS 0x0000000089600000, 0x0000000089600000| Untracked 
| 150|0x0000000089600000, 0x0000000089700000, 0x0000000089700000|100%| O|  |TAMS 0x0000000089700000, 0x0000000089700000| Untracked 
| 151|0x0000000089700000, 0x0000000089800000, 0x0000000089800000|100%| O|  |TAMS 0x0000000089800000, 0x0000000089800000| Untracked 
| 152|0x0000000089800000, 0x0000000089900000, 0x0000000089900000|100%| O|  |TAMS 0x0000000089900000, 0x0000000089900000| Untracked 
| 153|0x0000000089900000, 0x0000000089a00000, 0x0000000089a00000|100%| O|  |TAMS 0x0000000089a00000, 0x0000000089a00000| Untracked 
| 154|0x0000000089a00000, 0x0000000089b00000, 0x0000000089b00000|100%| O|  |TAMS 0x0000000089b00000, 0x0000000089b00000| Untracked 
| 155|0x0000000089b00000, 0x0000000089c00000, 0x0000000089c00000|100%| O|  |TAMS 0x0000000089c00000, 0x0000000089c00000| Untracked 
| 156|0x0000000089c00000, 0x0000000089d00000, 0x0000000089d00000|100%| O|  |TAMS 0x0000000089d00000, 0x0000000089d00000| Untracked 
| 157|0x0000000089d00000, 0x0000000089e00000, 0x0000000089e00000|100%| O|  |TAMS 0x0000000089e00000, 0x0000000089e00000| Untracked 
| 158|0x0000000089e00000, 0x0000000089f00000, 0x0000000089f00000|100%| O|  |TAMS 0x0000000089f00000, 0x0000000089f00000| Untracked 
| 159|0x0000000089f00000, 0x000000008a000000, 0x000000008a000000|100%| O|  |TAMS 0x000000008a000000, 0x000000008a000000| Untracked 
| 160|0x000000008a000000, 0x000000008a100000, 0x000000008a100000|100%| O|  |TAMS 0x000000008a100000, 0x000000008a100000| Untracked 
| 161|0x000000008a100000, 0x000000008a200000, 0x000000008a200000|100%| O|  |TAMS 0x000000008a200000, 0x000000008a200000| Untracked 
| 162|0x000000008a200000, 0x000000008a300000, 0x000000008a300000|100%| O|  |TAMS 0x000000008a300000, 0x000000008a300000| Untracked 
| 163|0x000000008a300000, 0x000000008a400000, 0x000000008a400000|100%| O|  |TAMS 0x000000008a400000, 0x000000008a400000| Untracked 
| 164|0x000000008a400000, 0x000000008a500000, 0x000000008a500000|100%| O|  |TAMS 0x000000008a500000, 0x000000008a500000| Untracked 
| 165|0x000000008a500000, 0x000000008a600000, 0x000000008a600000|100%| O|  |TAMS 0x000000008a600000, 0x000000008a600000| Untracked 
| 166|0x000000008a600000, 0x000000008a700000, 0x000000008a700000|100%| O|  |TAMS 0x000000008a700000, 0x000000008a700000| Untracked 
| 167|0x000000008a700000, 0x000000008a800000, 0x000000008a800000|100%| O|  |TAMS 0x000000008a800000, 0x000000008a800000| Untracked 
| 168|0x000000008a800000, 0x000000008a900000, 0x000000008a900000|100%| O|  |TAMS 0x000000008a900000, 0x000000008a900000| Untracked 
| 169|0x000000008a900000, 0x000000008aa00000, 0x000000008aa00000|100%| O|  |TAMS 0x000000008aa00000, 0x000000008aa00000| Untracked 
| 170|0x000000008aa00000, 0x000000008aa00000, 0x000000008ab00000|  0%| F|  |TAMS 0x000000008aa00000, 0x000000008aa00000| Untracked 
| 171|0x000000008ab00000, 0x000000008ab00000, 0x000000008ac00000|  0%| F|  |TAMS 0x000000008ab00000, 0x000000008ab00000| Untracked 
| 172|0x000000008ac00000, 0x000000008ac00000, 0x000000008ad00000|  0%| F|  |TAMS 0x000000008ac00000, 0x000000008ac00000| Untracked 
| 173|0x000000008ad00000, 0x000000008ae00000, 0x000000008ae00000|100%| O|  |TAMS 0x000000008ae00000, 0x000000008ae00000| Untracked 
| 174|0x000000008ae00000, 0x000000008af00000, 0x000000008af00000|100%| O|  |TAMS 0x000000008af00000, 0x000000008af00000| Untracked 
| 175|0x000000008af00000, 0x000000008b000000, 0x000000008b000000|100%| O|  |TAMS 0x000000008b000000, 0x000000008b000000| Untracked 
| 176|0x000000008b000000, 0x000000008b100000, 0x000000008b100000|100%| O|  |TAMS 0x000000008b100000, 0x000000008b100000| Untracked 
| 177|0x000000008b100000, 0x000000008b200000, 0x000000008b200000|100%| O|  |TAMS 0x000000008b200000, 0x000000008b200000| Untracked 
| 178|0x000000008b200000, 0x000000008b300000, 0x000000008b300000|100%| O|  |TAMS 0x000000008b300000, 0x000000008b300000| Untracked 
| 179|0x000000008b300000, 0x000000008b400000, 0x000000008b400000|100%| O|  |TAMS 0x000000008b400000, 0x000000008b400000| Untracked 
| 180|0x000000008b400000, 0x000000008b500000, 0x000000008b500000|100%| O|  |TAMS 0x000000008b500000, 0x000000008b500000| Untracked 
| 181|0x000000008b500000, 0x000000008b600000, 0x000000008b600000|100%| O|  |TAMS 0x000000008b600000, 0x000000008b600000| Untracked 
| 182|0x000000008b600000, 0x000000008b700000, 0x000000008b700000|100%| O|  |TAMS 0x000000008b700000, 0x000000008b700000| Untracked 
| 183|0x000000008b700000, 0x000000008b800000, 0x000000008b800000|100%| O|  |TAMS 0x000000008b800000, 0x000000008b800000| Untracked 
| 184|0x000000008b800000, 0x000000008b900000, 0x000000008b900000|100%| O|  |TAMS 0x000000008b900000, 0x000000008b900000| Untracked 
| 185|0x000000008b900000, 0x000000008ba00000, 0x000000008ba00000|100%| O|  |TAMS 0x000000008ba00000, 0x000000008ba00000| Untracked 
| 186|0x000000008ba00000, 0x000000008bb00000, 0x000000008bb00000|100%| O|  |TAMS 0x000000008bb00000, 0x000000008bb00000| Untracked 
| 187|0x000000008bb00000, 0x000000008bc00000, 0x000000008bc00000|100%| O|  |TAMS 0x000000008bc00000, 0x000000008bc00000| Untracked 
| 188|0x000000008bc00000, 0x000000008bd00000, 0x000000008bd00000|100%| O|  |TAMS 0x000000008bd00000, 0x000000008bd00000| Untracked 
| 189|0x000000008bd00000, 0x000000008bd00000, 0x000000008be00000|  0%| F|  |TAMS 0x000000008bd00000, 0x000000008bd00000| Untracked 
| 190|0x000000008be00000, 0x000000008be00000, 0x000000008bf00000|  0%| F|  |TAMS 0x000000008be00000, 0x000000008be00000| Untracked 
| 191|0x000000008bf00000, 0x000000008c000000, 0x000000008c000000|100%| O|  |TAMS 0x000000008c000000, 0x000000008c000000| Untracked 
| 192|0x000000008c000000, 0x000000008c000000, 0x000000008c100000|  0%| F|  |TAMS 0x000000008c000000, 0x000000008c000000| Untracked 
| 193|0x000000008c100000, 0x000000008c100000, 0x000000008c200000|  0%| F|  |TAMS 0x000000008c100000, 0x000000008c100000| Untracked 
| 194|0x000000008c200000, 0x000000008c300000, 0x000000008c300000|100%| O|  |TAMS 0x000000008c300000, 0x000000008c300000| Untracked 
| 195|0x000000008c300000, 0x000000008c400000, 0x000000008c400000|100%| O|  |TAMS 0x000000008c400000, 0x000000008c400000| Untracked 
| 196|0x000000008c400000, 0x000000008c500000, 0x000000008c500000|100%| O|  |TAMS 0x000000008c500000, 0x000000008c500000| Untracked 
| 197|0x000000008c500000, 0x000000008c600000, 0x000000008c600000|100%| O|  |TAMS 0x000000008c600000, 0x000000008c600000| Untracked 
| 198|0x000000008c600000, 0x000000008c600000, 0x000000008c700000|  0%| F|  |TAMS 0x000000008c600000, 0x000000008c600000| Untracked 
| 199|0x000000008c700000, 0x000000008c800000, 0x000000008c800000|100%| O|  |TAMS 0x000000008c800000, 0x000000008c800000| Untracked 
| 200|0x000000008c800000, 0x000000008c900000, 0x000000008c900000|100%| O|  |TAMS 0x000000008c900000, 0x000000008c900000| Untracked 
| 201|0x000000008c900000, 0x000000008c900000, 0x000000008ca00000|  0%| F|  |TAMS 0x000000008c900000, 0x000000008c900000| Untracked 
| 202|0x000000008ca00000, 0x000000008cb00000, 0x000000008cb00000|100%| O|  |TAMS 0x000000008cb00000, 0x000000008cb00000| Untracked 
| 203|0x000000008cb00000, 0x000000008cb00000, 0x000000008cc00000|  0%| F|  |TAMS 0x000000008cb00000, 0x000000008cb00000| Untracked 
| 204|0x000000008cc00000, 0x000000008cc00000, 0x000000008cd00000|  0%| F|  |TAMS 0x000000008cc00000, 0x000000008cc00000| Untracked 
| 205|0x000000008cd00000, 0x000000008cd00000, 0x000000008ce00000|  0%| F|  |TAMS 0x000000008cd00000, 0x000000008cd00000| Untracked 
| 206|0x000000008ce00000, 0x000000008ce00000, 0x000000008cf00000|  0%| F|  |TAMS 0x000000008ce00000, 0x000000008ce00000| Untracked 
| 207|0x000000008cf00000, 0x000000008cf00000, 0x000000008d000000|  0%| F|  |TAMS 0x000000008cf00000, 0x000000008cf00000| Untracked 
| 208|0x000000008d000000, 0x000000008d000000, 0x000000008d100000|  0%| F|  |TAMS 0x000000008d000000, 0x000000008d000000| Untracked 
| 209|0x000000008d100000, 0x000000008d100000, 0x000000008d200000|  0%| F|  |TAMS 0x000000008d100000, 0x000000008d100000| Untracked 
| 210|0x000000008d200000, 0x000000008d200000, 0x000000008d300000|  0%| F|  |TAMS 0x000000008d200000, 0x000000008d200000| Untracked 
| 211|0x000000008d300000, 0x000000008d300000, 0x000000008d400000|  0%| F|  |TAMS 0x000000008d300000, 0x000000008d300000| Untracked 
| 212|0x000000008d400000, 0x000000008d400000, 0x000000008d500000|  0%| F|  |TAMS 0x000000008d400000, 0x000000008d400000| Untracked 
| 213|0x000000008d500000, 0x000000008d500000, 0x000000008d600000|  0%| F|  |TAMS 0x000000008d500000, 0x000000008d500000| Untracked 
| 214|0x000000008d600000, 0x000000008d600000, 0x000000008d700000|  0%| F|  |TAMS 0x000000008d600000, 0x000000008d600000| Untracked 
| 215|0x000000008d700000, 0x000000008d700000, 0x000000008d800000|  0%| F|  |TAMS 0x000000008d700000, 0x000000008d700000| Untracked 
| 216|0x000000008d800000, 0x000000008d800000, 0x000000008d900000|  0%| F|  |TAMS 0x000000008d800000, 0x000000008d800000| Untracked 
| 217|0x000000008d900000, 0x000000008d900000, 0x000000008da00000|  0%| F|  |TAMS 0x000000008d900000, 0x000000008d900000| Untracked 
| 218|0x000000008da00000, 0x000000008da00000, 0x000000008db00000|  0%| F|  |TAMS 0x000000008da00000, 0x000000008da00000| Untracked 
| 219|0x000000008db00000, 0x000000008db00000, 0x000000008dc00000|  0%| F|  |TAMS 0x000000008db00000, 0x000000008db00000| Untracked 
| 220|0x000000008dc00000, 0x000000008dc00000, 0x000000008dd00000|  0%| F|  |TAMS 0x000000008dc00000, 0x000000008dc00000| Untracked 
| 221|0x000000008dd00000, 0x000000008dd00000, 0x000000008de00000|  0%| F|  |TAMS 0x000000008dd00000, 0x000000008dd00000| Untracked 
| 222|0x000000008de00000, 0x000000008de00000, 0x000000008df00000|  0%| F|  |TAMS 0x000000008de00000, 0x000000008de00000| Untracked 
| 223|0x000000008df00000, 0x000000008df00000, 0x000000008e000000|  0%| F|  |TAMS 0x000000008df00000, 0x000000008df00000| Untracked 
| 224|0x000000008e000000, 0x000000008e000000, 0x000000008e100000|  0%| F|  |TAMS 0x000000008e000000, 0x000000008e000000| Untracked 
| 225|0x000000008e100000, 0x000000008e100000, 0x000000008e200000|  0%| F|  |TAMS 0x000000008e100000, 0x000000008e100000| Untracked 
| 226|0x000000008e200000, 0x000000008e200000, 0x000000008e300000|  0%| F|  |TAMS 0x000000008e200000, 0x000000008e200000| Untracked 
| 227|0x000000008e300000, 0x000000008e300000, 0x000000008e400000|  0%| F|  |TAMS 0x000000008e300000, 0x000000008e300000| Untracked 
| 228|0x000000008e400000, 0x000000008e400000, 0x000000008e500000|  0%| F|  |TAMS 0x000000008e400000, 0x000000008e400000| Untracked 
| 229|0x000000008e500000, 0x000000008e500000, 0x000000008e600000|  0%| F|  |TAMS 0x000000008e500000, 0x000000008e500000| Untracked 
| 230|0x000000008e600000, 0x000000008e600000, 0x000000008e700000|  0%| F|  |TAMS 0x000000008e600000, 0x000000008e600000| Untracked 
| 231|0x000000008e700000, 0x000000008e700000, 0x000000008e800000|  0%| F|  |TAMS 0x000000008e700000, 0x000000008e700000| Untracked 
| 232|0x000000008e800000, 0x000000008e900000, 0x000000008e900000|100%| O|  |TAMS 0x000000008e900000, 0x000000008e900000| Untracked 
| 233|0x000000008e900000, 0x000000008ea00000, 0x000000008ea00000|100%| O|  |TAMS 0x000000008ea00000, 0x000000008ea00000| Untracked 
| 234|0x000000008ea00000, 0x000000008ea00000, 0x000000008eb00000|  0%| F|  |TAMS 0x000000008ea00000, 0x000000008ea00000| Untracked 
| 235|0x000000008eb00000, 0x000000008eb00000, 0x000000008ec00000|  0%| F|  |TAMS 0x000000008eb00000, 0x000000008eb00000| Untracked 
| 236|0x000000008ec00000, 0x000000008ec00000, 0x000000008ed00000|  0%| F|  |TAMS 0x000000008ec00000, 0x000000008ec00000| Untracked 
| 237|0x000000008ed00000, 0x000000008ed00000, 0x000000008ee00000|  0%| F|  |TAMS 0x000000008ed00000, 0x000000008ed00000| Untracked 
| 238|0x000000008ee00000, 0x000000008ee00000, 0x000000008ef00000|  0%| F|  |TAMS 0x000000008ee00000, 0x000000008ee00000| Untracked 
| 239|0x000000008ef00000, 0x000000008ef00000, 0x000000008f000000|  0%| F|  |TAMS 0x000000008ef00000, 0x000000008ef00000| Untracked 
| 240|0x000000008f000000, 0x000000008f100000, 0x000000008f100000|100%| O|  |TAMS 0x000000008f100000, 0x000000008f100000| Untracked 
| 241|0x000000008f100000, 0x000000008f100000, 0x000000008f200000|  0%| F|  |TAMS 0x000000008f100000, 0x000000008f100000| Untracked 
| 242|0x000000008f200000, 0x000000008f300000, 0x000000008f300000|100%| O|  |TAMS 0x000000008f300000, 0x000000008f300000| Untracked 
| 243|0x000000008f300000, 0x000000008f300000, 0x000000008f400000|  0%| F|  |TAMS 0x000000008f300000, 0x000000008f300000| Untracked 
| 244|0x000000008f400000, 0x000000008f400000, 0x000000008f500000|  0%| F|  |TAMS 0x000000008f400000, 0x000000008f400000| Untracked 
| 245|0x000000008f500000, 0x000000008f500000, 0x000000008f600000|  0%| F|  |TAMS 0x000000008f500000, 0x000000008f500000| Untracked 
| 246|0x000000008f600000, 0x000000008f600000, 0x000000008f700000|  0%| F|  |TAMS 0x000000008f600000, 0x000000008f600000| Untracked 
| 247|0x000000008f700000, 0x000000008f700000, 0x000000008f800000|  0%| F|  |TAMS 0x000000008f700000, 0x000000008f700000| Untracked 
| 248|0x000000008f800000, 0x000000008f800000, 0x000000008f900000|  0%| F|  |TAMS 0x000000008f800000, 0x000000008f800000| Untracked 
| 249|0x000000008f900000, 0x000000008f900000, 0x000000008fa00000|  0%| F|  |TAMS 0x000000008f900000, 0x000000008f900000| Untracked 
| 250|0x000000008fa00000, 0x000000008fa00000, 0x000000008fb00000|  0%| F|  |TAMS 0x000000008fa00000, 0x000000008fa00000| Untracked 
| 251|0x000000008fb00000, 0x000000008fb00000, 0x000000008fc00000|  0%| F|  |TAMS 0x000000008fb00000, 0x000000008fb00000| Untracked 
| 252|0x000000008fc00000, 0x000000008fc00000, 0x000000008fd00000|  0%| F|  |TAMS 0x000000008fc00000, 0x000000008fc00000| Untracked 
| 253|0x000000008fd00000, 0x000000008fd00000, 0x000000008fe00000|  0%| F|  |TAMS 0x000000008fd00000, 0x000000008fd00000| Untracked 
| 254|0x000000008fe00000, 0x000000008fe00000, 0x000000008ff00000|  0%| F|  |TAMS 0x000000008fe00000, 0x000000008fe00000| Untracked 
| 255|0x000000008ff00000, 0x000000008ff00000, 0x0000000090000000|  0%| F|  |TAMS 0x000000008ff00000, 0x000000008ff00000| Untracked 
| 256|0x0000000090000000, 0x0000000090000000, 0x0000000090100000|  0%| F|  |TAMS 0x0000000090000000, 0x0000000090000000| Untracked 
| 257|0x0000000090100000, 0x0000000090100000, 0x0000000090200000|  0%| F|  |TAMS 0x0000000090100000, 0x0000000090100000| Untracked 
| 258|0x0000000090200000, 0x0000000090200000, 0x0000000090300000|  0%| F|  |TAMS 0x0000000090200000, 0x0000000090200000| Untracked 
| 259|0x0000000090300000, 0x0000000090300000, 0x0000000090400000|  0%| F|  |TAMS 0x0000000090300000, 0x0000000090300000| Untracked 
| 260|0x0000000090400000, 0x0000000090400000, 0x0000000090500000|  0%| F|  |TAMS 0x0000000090400000, 0x0000000090400000| Untracked 
| 261|0x0000000090500000, 0x0000000090500000, 0x0000000090600000|  0%| F|  |TAMS 0x0000000090500000, 0x0000000090500000| Untracked 
| 262|0x0000000090600000, 0x0000000090700000, 0x0000000090700000|100%| O|  |TAMS 0x0000000090700000, 0x0000000090700000| Untracked 
| 263|0x0000000090700000, 0x0000000090700000, 0x0000000090800000|  0%| F|  |TAMS 0x0000000090700000, 0x0000000090700000| Untracked 
| 264|0x0000000090800000, 0x0000000090800000, 0x0000000090900000|  0%| F|  |TAMS 0x0000000090800000, 0x0000000090800000| Untracked 
| 265|0x0000000090900000, 0x0000000090900000, 0x0000000090a00000|  0%| F|  |TAMS 0x0000000090900000, 0x0000000090900000| Untracked 
| 266|0x0000000090a00000, 0x0000000090a00000, 0x0000000090b00000|  0%| F|  |TAMS 0x0000000090a00000, 0x0000000090a00000| Untracked 
| 267|0x0000000090b00000, 0x0000000090b00000, 0x0000000090c00000|  0%| F|  |TAMS 0x0000000090b00000, 0x0000000090b00000| Untracked 
| 268|0x0000000090c00000, 0x0000000090c00000, 0x0000000090d00000|  0%| F|  |TAMS 0x0000000090c00000, 0x0000000090c00000| Untracked 
| 269|0x0000000090d00000, 0x0000000090d00000, 0x0000000090e00000|  0%| F|  |TAMS 0x0000000090d00000, 0x0000000090d00000| Untracked 
| 270|0x0000000090e00000, 0x0000000090e00000, 0x0000000090f00000|  0%| F|  |TAMS 0x0000000090e00000, 0x0000000090e00000| Untracked 
| 271|0x0000000090f00000, 0x0000000090f00000, 0x0000000091000000|  0%| F|  |TAMS 0x0000000090f00000, 0x0000000090f00000| Untracked 
| 272|0x0000000091000000, 0x0000000091000000, 0x0000000091100000|  0%| F|  |TAMS 0x0000000091000000, 0x0000000091000000| Untracked 
| 273|0x0000000091100000, 0x0000000091100000, 0x0000000091200000|  0%| F|  |TAMS 0x0000000091100000, 0x0000000091100000| Untracked 
| 274|0x0000000091200000, 0x0000000091200000, 0x0000000091300000|  0%| F|  |TAMS 0x0000000091200000, 0x0000000091200000| Untracked 
| 275|0x0000000091300000, 0x0000000091300000, 0x0000000091400000|  0%| F|  |TAMS 0x0000000091300000, 0x0000000091300000| Untracked 
| 276|0x0000000091400000, 0x0000000091400000, 0x0000000091500000|  0%| F|  |TAMS 0x0000000091400000, 0x0000000091400000| Untracked 
| 277|0x0000000091500000, 0x0000000091500000, 0x0000000091600000|  0%| F|  |TAMS 0x0000000091500000, 0x0000000091500000| Untracked 
| 278|0x0000000091600000, 0x0000000091600000, 0x0000000091700000|  0%| F|  |TAMS 0x0000000091600000, 0x0000000091600000| Untracked 
| 279|0x0000000091700000, 0x0000000091700000, 0x0000000091800000|  0%| F|  |TAMS 0x0000000091700000, 0x0000000091700000| Untracked 
| 280|0x0000000091800000, 0x0000000091800000, 0x0000000091900000|  0%| F|  |TAMS 0x0000000091800000, 0x0000000091800000| Untracked 
| 281|0x0000000091900000, 0x0000000091900000, 0x0000000091a00000|  0%| F|  |TAMS 0x0000000091900000, 0x0000000091900000| Untracked 
| 282|0x0000000091a00000, 0x0000000091a00000, 0x0000000091b00000|  0%| F|  |TAMS 0x0000000091a00000, 0x0000000091a00000| Untracked 
| 283|0x0000000091b00000, 0x0000000091b00000, 0x0000000091c00000|  0%| F|  |TAMS 0x0000000091b00000, 0x0000000091b00000| Untracked 
| 284|0x0000000091c00000, 0x0000000091c00000, 0x0000000091d00000|  0%| F|  |TAMS 0x0000000091c00000, 0x0000000091c00000| Untracked 
| 285|0x0000000091d00000, 0x0000000091d00000, 0x0000000091e00000|  0%| F|  |TAMS 0x0000000091d00000, 0x0000000091d00000| Untracked 
| 286|0x0000000091e00000, 0x0000000091e00000, 0x0000000091f00000|  0%| F|  |TAMS 0x0000000091e00000, 0x0000000091e00000| Untracked 
| 287|0x0000000091f00000, 0x0000000091f00000, 0x0000000092000000|  0%| F|  |TAMS 0x0000000091f00000, 0x0000000091f00000| Untracked 
| 288|0x0000000092000000, 0x0000000092000000, 0x0000000092100000|  0%| F|  |TAMS 0x0000000092000000, 0x0000000092000000| Untracked 
| 289|0x0000000092100000, 0x0000000092100000, 0x0000000092200000|  0%| F|  |TAMS 0x0000000092100000, 0x0000000092100000| Untracked 
| 290|0x0000000092200000, 0x0000000092200000, 0x0000000092300000|  0%| F|  |TAMS 0x0000000092200000, 0x0000000092200000| Untracked 
| 291|0x0000000092300000, 0x0000000092400000, 0x0000000092400000|100%| O|  |TAMS 0x0000000092400000, 0x0000000092400000| Untracked 
| 292|0x0000000092400000, 0x0000000092400000, 0x0000000092500000|  0%| F|  |TAMS 0x0000000092400000, 0x0000000092400000| Untracked 
| 293|0x0000000092500000, 0x0000000092600000, 0x0000000092600000|100%| O|  |TAMS 0x0000000092600000, 0x0000000092600000| Untracked 
| 294|0x0000000092600000, 0x0000000092700000, 0x0000000092700000|100%| O|  |TAMS 0x0000000092700000, 0x0000000092700000| Untracked 
| 295|0x0000000092700000, 0x0000000092700000, 0x0000000092800000|  0%| F|  |TAMS 0x0000000092700000, 0x0000000092700000| Untracked 
| 296|0x0000000092800000, 0x0000000092800000, 0x0000000092900000|  0%| F|  |TAMS 0x0000000092800000, 0x0000000092800000| Untracked 
| 297|0x0000000092900000, 0x0000000092900000, 0x0000000092a00000|  0%| F|  |TAMS 0x0000000092900000, 0x0000000092900000| Untracked 
| 298|0x0000000092a00000, 0x0000000092a00000, 0x0000000092b00000|  0%| F|  |TAMS 0x0000000092a00000, 0x0000000092a00000| Untracked 
| 299|0x0000000092b00000, 0x0000000092b00000, 0x0000000092c00000|  0%| F|  |TAMS 0x0000000092b00000, 0x0000000092b00000| Untracked 
| 300|0x0000000092c00000, 0x0000000092c00000, 0x0000000092d00000|  0%| F|  |TAMS 0x0000000092c00000, 0x0000000092c00000| Untracked 
| 301|0x0000000092d00000, 0x0000000092d00000, 0x0000000092e00000|  0%| F|  |TAMS 0x0000000092d00000, 0x0000000092d00000| Untracked 
| 302|0x0000000092e00000, 0x0000000092e00000, 0x0000000092f00000|  0%| F|  |TAMS 0x0000000092e00000, 0x0000000092e00000| Untracked 
| 303|0x0000000092f00000, 0x0000000092f00000, 0x0000000093000000|  0%| F|  |TAMS 0x0000000092f00000, 0x0000000092f00000| Untracked 
| 304|0x0000000093000000, 0x0000000093000000, 0x0000000093100000|  0%| F|  |TAMS 0x0000000093000000, 0x0000000093000000| Untracked 
| 305|0x0000000093100000, 0x0000000093100000, 0x0000000093200000|  0%| F|  |TAMS 0x0000000093100000, 0x0000000093100000| Untracked 
| 306|0x0000000093200000, 0x0000000093200000, 0x0000000093300000|  0%| F|  |TAMS 0x0000000093200000, 0x0000000093200000| Untracked 
| 307|0x0000000093300000, 0x0000000093300000, 0x0000000093400000|  0%| F|  |TAMS 0x0000000093300000, 0x0000000093300000| Untracked 
| 308|0x0000000093400000, 0x0000000093400000, 0x0000000093500000|  0%| F|  |TAMS 0x0000000093400000, 0x0000000093400000| Untracked 
| 309|0x0000000093500000, 0x0000000093500000, 0x0000000093600000|  0%| F|  |TAMS 0x0000000093500000, 0x0000000093500000| Untracked 
| 310|0x0000000093600000, 0x0000000093600000, 0x0000000093700000|  0%| F|  |TAMS 0x0000000093600000, 0x0000000093600000| Untracked 
| 311|0x0000000093700000, 0x0000000093700000, 0x0000000093800000|  0%| F|  |TAMS 0x0000000093700000, 0x0000000093700000| Untracked 
| 312|0x0000000093800000, 0x0000000093800000, 0x0000000093900000|  0%| F|  |TAMS 0x0000000093800000, 0x0000000093800000| Untracked 
| 313|0x0000000093900000, 0x0000000093900000, 0x0000000093a00000|  0%| F|  |TAMS 0x0000000093900000, 0x0000000093900000| Untracked 
| 314|0x0000000093a00000, 0x0000000093a00000, 0x0000000093b00000|  0%| F|  |TAMS 0x0000000093a00000, 0x0000000093a00000| Untracked 
| 315|0x0000000093b00000, 0x0000000093b00000, 0x0000000093c00000|  0%| F|  |TAMS 0x0000000093b00000, 0x0000000093b00000| Untracked 
| 316|0x0000000093c00000, 0x0000000093d00000, 0x0000000093d00000|100%| O|  |TAMS 0x0000000093d00000, 0x0000000093d00000| Untracked 
| 317|0x0000000093d00000, 0x0000000093e00000, 0x0000000093e00000|100%| O|  |TAMS 0x0000000093e00000, 0x0000000093e00000| Untracked 
| 318|0x0000000093e00000, 0x0000000093e00000, 0x0000000093f00000|  0%| F|  |TAMS 0x0000000093e00000, 0x0000000093e00000| Untracked 
| 319|0x0000000093f00000, 0x0000000094000000, 0x0000000094000000|100%| O|  |TAMS 0x0000000094000000, 0x0000000094000000| Untracked 
| 320|0x0000000094000000, 0x0000000094000000, 0x0000000094100000|  0%| F|  |TAMS 0x0000000094000000, 0x0000000094000000| Untracked 
| 321|0x0000000094100000, 0x0000000094100000, 0x0000000094200000|  0%| F|  |TAMS 0x0000000094100000, 0x0000000094100000| Untracked 
| 322|0x0000000094200000, 0x0000000094200000, 0x0000000094300000|  0%| F|  |TAMS 0x0000000094200000, 0x0000000094200000| Untracked 
| 323|0x0000000094300000, 0x0000000094300000, 0x0000000094400000|  0%| F|  |TAMS 0x0000000094300000, 0x0000000094300000| Untracked 
| 324|0x0000000094400000, 0x0000000094400000, 0x0000000094500000|  0%| F|  |TAMS 0x0000000094400000, 0x0000000094400000| Untracked 
| 325|0x0000000094500000, 0x0000000094500000, 0x0000000094600000|  0%| F|  |TAMS 0x0000000094500000, 0x0000000094500000| Untracked 
| 326|0x0000000094600000, 0x0000000094600000, 0x0000000094700000|  0%| F|  |TAMS 0x0000000094600000, 0x0000000094600000| Untracked 
| 327|0x0000000094700000, 0x0000000094700000, 0x0000000094800000|  0%| F|  |TAMS 0x0000000094700000, 0x0000000094700000| Untracked 
| 328|0x0000000094800000, 0x0000000094900000, 0x0000000094900000|100%| O|  |TAMS 0x0000000094900000, 0x0000000094900000| Untracked 
| 329|0x0000000094900000, 0x0000000094900000, 0x0000000094a00000|  0%| F|  |TAMS 0x0000000094900000, 0x0000000094900000| Untracked 
| 330|0x0000000094a00000, 0x0000000094a00000, 0x0000000094b00000|  0%| F|  |TAMS 0x0000000094a00000, 0x0000000094a00000| Untracked 
| 331|0x0000000094b00000, 0x0000000094c00000, 0x0000000094c00000|100%| O|  |TAMS 0x0000000094b00000, 0x0000000094c00000| Untracked 
| 332|0x0000000094c00000, 0x0000000094d00000, 0x0000000094d00000|100%| O|  |TAMS 0x0000000094c00000, 0x0000000094d00000| Untracked 
| 333|0x0000000094d00000, 0x0000000094e00000, 0x0000000094e00000|100%| O|  |TAMS 0x0000000094d00000, 0x0000000094e00000| Untracked 
| 334|0x0000000094e00000, 0x0000000094f00000, 0x0000000094f00000|100%|HS|  |TAMS 0x0000000094f00000, 0x0000000094f00000| Complete 
| 335|0x0000000094f00000, 0x0000000095000000, 0x0000000095000000|100%| O|  |TAMS 0x0000000095000000, 0x0000000095000000| Untracked 
| 336|0x0000000095000000, 0x0000000095000000, 0x0000000095100000|  0%| F|  |TAMS 0x0000000095000000, 0x0000000095000000| Untracked 
| 337|0x0000000095100000, 0x0000000095200000, 0x0000000095200000|100%| O|  |TAMS 0x0000000095100000, 0x0000000095200000| Untracked 
| 338|0x0000000095200000, 0x0000000095300000, 0x0000000095300000|100%| O|  |TAMS 0x0000000095200000, 0x0000000095300000| Untracked 
| 339|0x0000000095300000, 0x0000000095400000, 0x0000000095400000|100%| O|  |TAMS 0x0000000095300000, 0x0000000095400000| Untracked 
| 340|0x0000000095400000, 0x0000000095500000, 0x0000000095500000|100%| O|  |TAMS 0x0000000095400000, 0x0000000095500000| Untracked 
| 341|0x0000000095500000, 0x0000000095600000, 0x0000000095600000|100%| O|  |TAMS 0x0000000095500000, 0x0000000095600000| Untracked 
| 342|0x0000000095600000, 0x0000000095700000, 0x0000000095700000|100%|HS|  |TAMS 0x0000000095700000, 0x0000000095700000| Complete 
| 343|0x0000000095700000, 0x0000000095800000, 0x0000000095800000|100%|HC|  |TAMS 0x0000000095800000, 0x0000000095800000| Complete 
| 344|0x0000000095800000, 0x0000000095900000, 0x0000000095900000|100%|HS|  |TAMS 0x0000000095900000, 0x0000000095900000| Complete 
| 345|0x0000000095900000, 0x0000000095a00000, 0x0000000095a00000|100%|HC|  |TAMS 0x0000000095a00000, 0x0000000095a00000| Complete 
| 346|0x0000000095a00000, 0x0000000095b00000, 0x0000000095b00000|100%|HS|  |TAMS 0x0000000095b00000, 0x0000000095b00000| Complete 
| 347|0x0000000095b00000, 0x0000000095c00000, 0x0000000095c00000|100%|HC|  |TAMS 0x0000000095c00000, 0x0000000095c00000| Complete 
| 348|0x0000000095c00000, 0x0000000095d00000, 0x0000000095d00000|100%|HC|  |TAMS 0x0000000095d00000, 0x0000000095d00000| Complete 
| 349|0x0000000095d00000, 0x0000000095e00000, 0x0000000095e00000|100%|HS|  |TAMS 0x0000000095e00000, 0x0000000095e00000| Complete 
| 350|0x0000000095e00000, 0x0000000095f00000, 0x0000000095f00000|100%|HS|  |TAMS 0x0000000095f00000, 0x0000000095f00000| Complete 
| 351|0x0000000095f00000, 0x0000000096000000, 0x0000000096000000|100%|HC|  |TAMS 0x0000000096000000, 0x0000000096000000| Complete 
| 352|0x0000000096000000, 0x0000000096100000, 0x0000000096100000|100%|HC|  |TAMS 0x0000000096100000, 0x0000000096100000| Complete 
| 353|0x0000000096100000, 0x0000000096200000, 0x0000000096200000|100%|HS|  |TAMS 0x0000000096200000, 0x0000000096200000| Complete 
| 354|0x0000000096200000, 0x0000000096300000, 0x0000000096300000|100%|HC|  |TAMS 0x0000000096300000, 0x0000000096300000| Complete 
| 355|0x0000000096300000, 0x0000000096400000, 0x0000000096400000|100%|HS|  |TAMS 0x0000000096400000, 0x0000000096400000| Complete 
| 356|0x0000000096400000, 0x0000000096500000, 0x0000000096500000|100%|HC|  |TAMS 0x0000000096500000, 0x0000000096500000| Complete 
| 357|0x0000000096500000, 0x0000000096600000, 0x0000000096600000|100%|HS|  |TAMS 0x0000000096600000, 0x0000000096600000| Complete 
| 358|0x0000000096600000, 0x0000000096700000, 0x0000000096700000|100%|HC|  |TAMS 0x0000000096700000, 0x0000000096700000| Complete 
| 359|0x0000000096700000, 0x0000000096800000, 0x0000000096800000|100%|HS|  |TAMS 0x0000000096800000, 0x0000000096800000| Complete 
| 360|0x0000000096800000, 0x0000000096900000, 0x0000000096900000|100%|HC|  |TAMS 0x0000000096900000, 0x0000000096900000| Complete 
| 361|0x0000000096900000, 0x0000000096a00000, 0x0000000096a00000|100%|HC|  |TAMS 0x0000000096a00000, 0x0000000096a00000| Complete 
| 362|0x0000000096a00000, 0x0000000096b00000, 0x0000000096b00000|100%| O|  |TAMS 0x0000000096a00000, 0x0000000096b00000| Untracked 
| 363|0x0000000096b00000, 0x0000000096c00000, 0x0000000096c00000|100%| O|  |TAMS 0x0000000096b00000, 0x0000000096c00000| Untracked 
| 364|0x0000000096c00000, 0x0000000096d00000, 0x0000000096d00000|100%| O|  |TAMS 0x0000000096c00000, 0x0000000096d00000| Untracked 
| 365|0x0000000096d00000, 0x0000000096e00000, 0x0000000096e00000|100%| O|  |TAMS 0x0000000096d00000, 0x0000000096e00000| Untracked 
| 366|0x0000000096e00000, 0x0000000096f00000, 0x0000000096f00000|100%| O|  |TAMS 0x0000000096e00000, 0x0000000096f00000| Untracked 
| 367|0x0000000096f00000, 0x0000000097000000, 0x0000000097000000|100%| O|  |TAMS 0x0000000096f00000, 0x0000000097000000| Untracked 
| 368|0x0000000097000000, 0x0000000097100000, 0x0000000097100000|100%| O|  |TAMS 0x0000000097000000, 0x0000000097100000| Untracked 
| 369|0x0000000097100000, 0x0000000097200000, 0x0000000097200000|100%| O|  |TAMS 0x0000000097100000, 0x0000000097200000| Untracked 
| 370|0x0000000097200000, 0x0000000097300000, 0x0000000097300000|100%| O|  |TAMS 0x0000000097200000, 0x0000000097300000| Untracked 
| 371|0x0000000097300000, 0x0000000097400000, 0x0000000097400000|100%|HS|  |TAMS 0x0000000097300000, 0x0000000097400000| Complete 
| 372|0x0000000097400000, 0x0000000097500000, 0x0000000097500000|100%| O|  |TAMS 0x0000000097400000, 0x0000000097500000| Untracked 
| 373|0x0000000097500000, 0x0000000097600000, 0x0000000097600000|100%| O|  |TAMS 0x0000000097500000, 0x0000000097600000| Untracked 
| 374|0x0000000097600000, 0x0000000097700000, 0x0000000097700000|100%| O|  |TAMS 0x0000000097600000, 0x0000000097700000| Untracked 
| 375|0x0000000097700000, 0x0000000097800000, 0x0000000097800000|100%| O|  |TAMS 0x0000000097700000, 0x0000000097800000| Untracked 
| 376|0x0000000097800000, 0x0000000097900000, 0x0000000097900000|100%| O|  |TAMS 0x0000000097800000, 0x0000000097900000| Untracked 
| 377|0x0000000097900000, 0x0000000097a00000, 0x0000000097a00000|100%| O|  |TAMS 0x0000000097900000, 0x0000000097a00000| Untracked 
| 378|0x0000000097a00000, 0x0000000097b00000, 0x0000000097b00000|100%| O|  |TAMS 0x0000000097a00000, 0x0000000097b00000| Untracked 
| 379|0x0000000097b00000, 0x0000000097c00000, 0x0000000097c00000|100%| O|  |TAMS 0x0000000097b00000, 0x0000000097c00000| Untracked 
| 380|0x0000000097c00000, 0x0000000097d00000, 0x0000000097d00000|100%| O|  |TAMS 0x0000000097c00000, 0x0000000097d00000| Untracked 
| 381|0x0000000097d00000, 0x0000000097e00000, 0x0000000097e00000|100%| O|  |TAMS 0x0000000097d00000, 0x0000000097e00000| Untracked 
| 382|0x0000000097e00000, 0x0000000097f00000, 0x0000000097f00000|100%| O|  |TAMS 0x0000000097e00000, 0x0000000097f00000| Untracked 
| 383|0x0000000097f00000, 0x0000000098000000, 0x0000000098000000|100%| O|  |TAMS 0x0000000097f00000, 0x0000000098000000| Untracked 
| 384|0x0000000098000000, 0x0000000098100000, 0x0000000098100000|100%| O|  |TAMS 0x0000000098000000, 0x0000000098100000| Untracked 
| 385|0x0000000098100000, 0x0000000098200000, 0x0000000098200000|100%| O|  |TAMS 0x0000000098100000, 0x0000000098200000| Untracked 
| 386|0x0000000098200000, 0x0000000098300000, 0x0000000098300000|100%| O|  |TAMS 0x0000000098200000, 0x0000000098300000| Untracked 
| 387|0x0000000098300000, 0x0000000098400000, 0x0000000098400000|100%| O|  |TAMS 0x0000000098300000, 0x0000000098400000| Untracked 
| 388|0x0000000098400000, 0x0000000098500000, 0x0000000098500000|100%| O|  |TAMS 0x0000000098400000, 0x0000000098500000| Untracked 
| 389|0x0000000098500000, 0x0000000098600000, 0x0000000098600000|100%| O|  |TAMS 0x0000000098576600, 0x0000000098600000| Untracked 
| 390|0x0000000098600000, 0x0000000098700000, 0x0000000098700000|100%| O|  |TAMS 0x0000000098600000, 0x0000000098700000| Untracked 
| 391|0x0000000098700000, 0x0000000098800000, 0x0000000098800000|100%| O|  |TAMS 0x0000000098700000, 0x0000000098800000| Untracked 
| 392|0x0000000098800000, 0x0000000098900000, 0x0000000098900000|100%| O|  |TAMS 0x0000000098800000, 0x0000000098900000| Untracked 
| 393|0x0000000098900000, 0x0000000098a00000, 0x0000000098a00000|100%| O|  |TAMS 0x0000000098900000, 0x0000000098a00000| Untracked 
| 394|0x0000000098a00000, 0x0000000098b00000, 0x0000000098b00000|100%| O|  |TAMS 0x0000000098a00000, 0x0000000098b00000| Untracked 
| 395|0x0000000098b00000, 0x0000000098c00000, 0x0000000098c00000|100%| O|  |TAMS 0x0000000098b00000, 0x0000000098c00000| Untracked 
| 396|0x0000000098c00000, 0x0000000098d00000, 0x0000000098d00000|100%| O|  |TAMS 0x0000000098c00000, 0x0000000098d00000| Untracked 
| 397|0x0000000098d00000, 0x0000000098e00000, 0x0000000098e00000|100%| O|  |TAMS 0x0000000098d00000, 0x0000000098e00000| Untracked 
| 398|0x0000000098e00000, 0x0000000098f00000, 0x0000000098f00000|100%| O|  |TAMS 0x0000000098e00000, 0x0000000098f00000| Untracked 
| 399|0x0000000098f00000, 0x0000000099000000, 0x0000000099000000|100%| O|  |TAMS 0x0000000098f00000, 0x0000000099000000| Untracked 
| 400|0x0000000099000000, 0x0000000099100000, 0x0000000099100000|100%| O|  |TAMS 0x0000000099000000, 0x0000000099100000| Untracked 
| 401|0x0000000099100000, 0x0000000099200000, 0x0000000099200000|100%| O|  |TAMS 0x0000000099100000, 0x0000000099200000| Untracked 
| 402|0x0000000099200000, 0x0000000099300000, 0x0000000099300000|100%| O|  |TAMS 0x0000000099200000, 0x0000000099300000| Untracked 
| 403|0x0000000099300000, 0x0000000099400000, 0x0000000099400000|100%| O|  |TAMS 0x0000000099300000, 0x0000000099400000| Untracked 
| 404|0x0000000099400000, 0x0000000099500000, 0x0000000099500000|100%| O|  |TAMS 0x0000000099400000, 0x0000000099500000| Untracked 
| 405|0x0000000099500000, 0x0000000099600000, 0x0000000099600000|100%| O|  |TAMS 0x0000000099500000, 0x0000000099600000| Untracked 
| 406|0x0000000099600000, 0x0000000099700000, 0x0000000099700000|100%| O|  |TAMS 0x0000000099600000, 0x0000000099700000| Untracked 
| 407|0x0000000099700000, 0x0000000099800000, 0x0000000099800000|100%| O|  |TAMS 0x0000000099700000, 0x0000000099800000| Untracked 
| 408|0x0000000099800000, 0x0000000099900000, 0x0000000099900000|100%| O|  |TAMS 0x0000000099800000, 0x0000000099900000| Untracked 
| 409|0x0000000099900000, 0x0000000099a00000, 0x0000000099a00000|100%| O|  |TAMS 0x0000000099900000, 0x0000000099a00000| Untracked 
| 410|0x0000000099a00000, 0x0000000099b00000, 0x0000000099b00000|100%| O|  |TAMS 0x0000000099a00000, 0x0000000099b00000| Untracked 
| 411|0x0000000099b00000, 0x0000000099c00000, 0x0000000099c00000|100%| O|  |TAMS 0x0000000099b00000, 0x0000000099c00000| Untracked 
| 412|0x0000000099c00000, 0x0000000099d00000, 0x0000000099d00000|100%| O|  |TAMS 0x0000000099c00000, 0x0000000099d00000| Untracked 
| 413|0x0000000099d00000, 0x0000000099e00000, 0x0000000099e00000|100%| O|  |TAMS 0x0000000099d00000, 0x0000000099e00000| Untracked 
| 414|0x0000000099e00000, 0x0000000099f00000, 0x0000000099f00000|100%| O|  |TAMS 0x0000000099e00000, 0x0000000099f00000| Untracked 
| 415|0x0000000099f00000, 0x000000009a000000, 0x000000009a000000|100%| O|  |TAMS 0x0000000099f00000, 0x000000009a000000| Untracked 
| 416|0x000000009a000000, 0x000000009a100000, 0x000000009a100000|100%| O|  |TAMS 0x000000009a000000, 0x000000009a100000| Untracked 
| 417|0x000000009a100000, 0x000000009a200000, 0x000000009a200000|100%| O|  |TAMS 0x000000009a100000, 0x000000009a200000| Untracked 
| 418|0x000000009a200000, 0x000000009a300000, 0x000000009a300000|100%| O|  |TAMS 0x000000009a200000, 0x000000009a300000| Untracked 
| 419|0x000000009a300000, 0x000000009a400000, 0x000000009a400000|100%| O|  |TAMS 0x000000009a300000, 0x000000009a400000| Untracked 
| 420|0x000000009a400000, 0x000000009a500000, 0x000000009a500000|100%| O|  |TAMS 0x000000009a400000, 0x000000009a500000| Untracked 
| 421|0x000000009a500000, 0x000000009a600000, 0x000000009a600000|100%| O|  |TAMS 0x000000009a500000, 0x000000009a600000| Untracked 
| 422|0x000000009a600000, 0x000000009a700000, 0x000000009a700000|100%| O|  |TAMS 0x000000009a600000, 0x000000009a700000| Untracked 
| 423|0x000000009a700000, 0x000000009a800000, 0x000000009a800000|100%| O|  |TAMS 0x000000009a700000, 0x000000009a800000| Untracked 
| 424|0x000000009a800000, 0x000000009a900000, 0x000000009a900000|100%| O|  |TAMS 0x000000009a800000, 0x000000009a900000| Untracked 
| 425|0x000000009a900000, 0x000000009aa00000, 0x000000009aa00000|100%| O|  |TAMS 0x000000009a900000, 0x000000009aa00000| Untracked 
| 426|0x000000009aa00000, 0x000000009ab00000, 0x000000009ab00000|100%| O|  |TAMS 0x000000009aa00000, 0x000000009ab00000| Untracked 
| 427|0x000000009ab00000, 0x000000009ac00000, 0x000000009ac00000|100%| O|  |TAMS 0x000000009ab00000, 0x000000009ac00000| Untracked 
| 428|0x000000009ac00000, 0x000000009ad00000, 0x000000009ad00000|100%| O|  |TAMS 0x000000009ac00000, 0x000000009ad00000| Untracked 
| 429|0x000000009ad00000, 0x000000009ae00000, 0x000000009ae00000|100%| O|  |TAMS 0x000000009ad00000, 0x000000009ae00000| Untracked 
| 430|0x000000009ae00000, 0x000000009af00000, 0x000000009af00000|100%| O|  |TAMS 0x000000009ae00000, 0x000000009af00000| Untracked 
| 431|0x000000009af00000, 0x000000009b000000, 0x000000009b000000|100%| O|  |TAMS 0x000000009af00000, 0x000000009b000000| Untracked 
| 432|0x000000009b000000, 0x000000009b100000, 0x000000009b100000|100%| O|  |TAMS 0x000000009b000000, 0x000000009b100000| Untracked 
| 433|0x000000009b100000, 0x000000009b200000, 0x000000009b200000|100%| O|  |TAMS 0x000000009b100000, 0x000000009b200000| Untracked 
| 434|0x000000009b200000, 0x000000009b300000, 0x000000009b300000|100%| O|  |TAMS 0x000000009b200000, 0x000000009b300000| Untracked 
| 435|0x000000009b300000, 0x000000009b400000, 0x000000009b400000|100%| O|  |TAMS 0x000000009b300000, 0x000000009b400000| Untracked 
| 436|0x000000009b400000, 0x000000009b500000, 0x000000009b500000|100%| O|  |TAMS 0x000000009b400000, 0x000000009b500000| Untracked 
| 437|0x000000009b500000, 0x000000009b600000, 0x000000009b600000|100%| O|  |TAMS 0x000000009b500000, 0x000000009b600000| Untracked 
| 438|0x000000009b600000, 0x000000009b700000, 0x000000009b700000|100%| O|  |TAMS 0x000000009b600000, 0x000000009b700000| Untracked 
| 439|0x000000009b700000, 0x000000009b800000, 0x000000009b800000|100%| O|  |TAMS 0x000000009b700000, 0x000000009b800000| Untracked 
| 440|0x000000009b800000, 0x000000009b900000, 0x000000009b900000|100%| O|  |TAMS 0x000000009b800000, 0x000000009b900000| Untracked 
| 441|0x000000009b900000, 0x000000009ba00000, 0x000000009ba00000|100%| O|  |TAMS 0x000000009b900000, 0x000000009ba00000| Untracked 
| 442|0x000000009ba00000, 0x000000009bb00000, 0x000000009bb00000|100%| O|  |TAMS 0x000000009ba00000, 0x000000009bb00000| Untracked 
| 443|0x000000009bb00000, 0x000000009bc00000, 0x000000009bc00000|100%| O|  |TAMS 0x000000009bb00000, 0x000000009bc00000| Untracked 
| 444|0x000000009bc00000, 0x000000009bd00000, 0x000000009bd00000|100%| O|  |TAMS 0x000000009bc00000, 0x000000009bd00000| Untracked 
| 445|0x000000009bd00000, 0x000000009be00000, 0x000000009be00000|100%| O|  |TAMS 0x000000009bd00000, 0x000000009be00000| Untracked 
| 446|0x000000009be00000, 0x000000009bf00000, 0x000000009bf00000|100%| O|  |TAMS 0x000000009be00000, 0x000000009bf00000| Untracked 
| 447|0x000000009bf00000, 0x000000009c000000, 0x000000009c000000|100%| O|  |TAMS 0x000000009bf00000, 0x000000009c000000| Untracked 
| 448|0x000000009c000000, 0x000000009c100000, 0x000000009c100000|100%| O|  |TAMS 0x000000009c000000, 0x000000009c100000| Untracked 
| 449|0x000000009c100000, 0x000000009c200000, 0x000000009c200000|100%| O|  |TAMS 0x000000009c100000, 0x000000009c200000| Untracked 
| 450|0x000000009c200000, 0x000000009c300000, 0x000000009c300000|100%| O|  |TAMS 0x000000009c200000, 0x000000009c300000| Untracked 
| 451|0x000000009c300000, 0x000000009c400000, 0x000000009c400000|100%| O|  |TAMS 0x000000009c300000, 0x000000009c400000| Untracked 
| 452|0x000000009c400000, 0x000000009c500000, 0x000000009c500000|100%| O|  |TAMS 0x000000009c400000, 0x000000009c500000| Untracked 
| 453|0x000000009c500000, 0x000000009c600000, 0x000000009c600000|100%| O|  |TAMS 0x000000009c500000, 0x000000009c600000| Untracked 
| 454|0x000000009c600000, 0x000000009c700000, 0x000000009c700000|100%| O|  |TAMS 0x000000009c600000, 0x000000009c700000| Untracked 
| 455|0x000000009c700000, 0x000000009c800000, 0x000000009c800000|100%| O|  |TAMS 0x000000009c700000, 0x000000009c800000| Untracked 
| 456|0x000000009c800000, 0x000000009c900000, 0x000000009c900000|100%| O|  |TAMS 0x000000009c800000, 0x000000009c900000| Untracked 
| 457|0x000000009c900000, 0x000000009ca00000, 0x000000009ca00000|100%| O|  |TAMS 0x000000009c900000, 0x000000009ca00000| Untracked 
| 458|0x000000009ca00000, 0x000000009cb00000, 0x000000009cb00000|100%| O|  |TAMS 0x000000009ca00000, 0x000000009cb00000| Untracked 
| 459|0x000000009cb00000, 0x000000009cc00000, 0x000000009cc00000|100%| O|  |TAMS 0x000000009cb00000, 0x000000009cc00000| Untracked 
| 460|0x000000009cc00000, 0x000000009cd00000, 0x000000009cd00000|100%| O|  |TAMS 0x000000009cc00000, 0x000000009cd00000| Untracked 
| 461|0x000000009cd00000, 0x000000009ce00000, 0x000000009ce00000|100%| O|  |TAMS 0x000000009cd00000, 0x000000009ce00000| Untracked 
| 462|0x000000009ce00000, 0x000000009cf00000, 0x000000009cf00000|100%| O|  |TAMS 0x000000009ce00000, 0x000000009cf00000| Untracked 
| 463|0x000000009cf00000, 0x000000009d000000, 0x000000009d000000|100%| O|  |TAMS 0x000000009cf00000, 0x000000009d000000| Untracked 
| 464|0x000000009d000000, 0x000000009d100000, 0x000000009d100000|100%| O|  |TAMS 0x000000009d000000, 0x000000009d100000| Untracked 
| 465|0x000000009d100000, 0x000000009d200000, 0x000000009d200000|100%| O|  |TAMS 0x000000009d100000, 0x000000009d200000| Untracked 
| 466|0x000000009d200000, 0x000000009d300000, 0x000000009d300000|100%| O|  |TAMS 0x000000009d200000, 0x000000009d300000| Untracked 
| 467|0x000000009d300000, 0x000000009d400000, 0x000000009d400000|100%| O|  |TAMS 0x000000009d300000, 0x000000009d400000| Untracked 
| 468|0x000000009d400000, 0x000000009d500000, 0x000000009d500000|100%| O|  |TAMS 0x000000009d400000, 0x000000009d500000| Untracked 
| 469|0x000000009d500000, 0x000000009d500000, 0x000000009d600000|  0%| F|  |TAMS 0x000000009d500000, 0x000000009d500000| Untracked 
| 470|0x000000009d600000, 0x000000009d600000, 0x000000009d700000|  0%| F|  |TAMS 0x000000009d600000, 0x000000009d600000| Untracked 
| 471|0x000000009d700000, 0x000000009d700000, 0x000000009d800000|  0%| F|  |TAMS 0x000000009d700000, 0x000000009d700000| Untracked 
| 472|0x000000009d800000, 0x000000009d800000, 0x000000009d900000|  0%| F|  |TAMS 0x000000009d800000, 0x000000009d800000| Untracked 
| 473|0x000000009d900000, 0x000000009d900000, 0x000000009da00000|  0%| F|  |TAMS 0x000000009d900000, 0x000000009d900000| Untracked 
| 474|0x000000009da00000, 0x000000009da00000, 0x000000009db00000|  0%| F|  |TAMS 0x000000009da00000, 0x000000009da00000| Untracked 
| 475|0x000000009db00000, 0x000000009db00000, 0x000000009dc00000|  0%| F|  |TAMS 0x000000009db00000, 0x000000009db00000| Untracked 
| 476|0x000000009dc00000, 0x000000009dc00000, 0x000000009dd00000|  0%| F|  |TAMS 0x000000009dc00000, 0x000000009dc00000| Untracked 
| 477|0x000000009dd00000, 0x000000009dd00000, 0x000000009de00000|  0%| F|  |TAMS 0x000000009dd00000, 0x000000009dd00000| Untracked 
| 478|0x000000009de00000, 0x000000009de00000, 0x000000009df00000|  0%| F|  |TAMS 0x000000009de00000, 0x000000009de00000| Untracked 
| 479|0x000000009df00000, 0x000000009df00000, 0x000000009e000000|  0%| F|  |TAMS 0x000000009df00000, 0x000000009df00000| Untracked 
| 480|0x000000009e000000, 0x000000009e000000, 0x000000009e100000|  0%| F|  |TAMS 0x000000009e000000, 0x000000009e000000| Untracked 
| 481|0x000000009e100000, 0x000000009e100000, 0x000000009e200000|  0%| F|  |TAMS 0x000000009e100000, 0x000000009e100000| Untracked 
| 482|0x000000009e200000, 0x000000009e200000, 0x000000009e300000|  0%| F|  |TAMS 0x000000009e200000, 0x000000009e200000| Untracked 
| 483|0x000000009e300000, 0x000000009e300000, 0x000000009e400000|  0%| F|  |TAMS 0x000000009e300000, 0x000000009e300000| Untracked 
| 484|0x000000009e400000, 0x000000009e400000, 0x000000009e500000|  0%| F|  |TAMS 0x000000009e400000, 0x000000009e400000| Untracked 
| 485|0x000000009e500000, 0x000000009e500000, 0x000000009e600000|  0%| F|  |TAMS 0x000000009e500000, 0x000000009e500000| Untracked 
| 486|0x000000009e600000, 0x000000009e600000, 0x000000009e700000|  0%| F|  |TAMS 0x000000009e600000, 0x000000009e600000| Untracked 
| 487|0x000000009e700000, 0x000000009e700000, 0x000000009e800000|  0%| F|  |TAMS 0x000000009e700000, 0x000000009e700000| Untracked 
| 488|0x000000009e800000, 0x000000009e800000, 0x000000009e900000|  0%| F|  |TAMS 0x000000009e800000, 0x000000009e800000| Untracked 
| 489|0x000000009e900000, 0x000000009e900000, 0x000000009ea00000|  0%| F|  |TAMS 0x000000009e900000, 0x000000009e900000| Untracked 
| 490|0x000000009ea00000, 0x000000009ea00000, 0x000000009eb00000|  0%| F|  |TAMS 0x000000009ea00000, 0x000000009ea00000| Untracked 
| 491|0x000000009eb00000, 0x000000009eb00000, 0x000000009ec00000|  0%| F|  |TAMS 0x000000009eb00000, 0x000000009eb00000| Untracked 
| 492|0x000000009ec00000, 0x000000009ec00000, 0x000000009ed00000|  0%| F|  |TAMS 0x000000009ec00000, 0x000000009ec00000| Untracked 
| 493|0x000000009ed00000, 0x000000009ed00000, 0x000000009ee00000|  0%| F|  |TAMS 0x000000009ed00000, 0x000000009ed00000| Untracked 
| 494|0x000000009ee00000, 0x000000009ee00000, 0x000000009ef00000|  0%| F|  |TAMS 0x000000009ee00000, 0x000000009ee00000| Untracked 
| 495|0x000000009ef00000, 0x000000009ef00000, 0x000000009f000000|  0%| F|  |TAMS 0x000000009ef00000, 0x000000009ef00000| Untracked 
| 496|0x000000009f000000, 0x000000009f000000, 0x000000009f100000|  0%| F|  |TAMS 0x000000009f000000, 0x000000009f000000| Untracked 
| 497|0x000000009f100000, 0x000000009f100000, 0x000000009f200000|  0%| F|  |TAMS 0x000000009f100000, 0x000000009f100000| Untracked 
| 498|0x000000009f200000, 0x000000009f200000, 0x000000009f300000|  0%| F|  |TAMS 0x000000009f200000, 0x000000009f200000| Untracked 
| 499|0x000000009f300000, 0x000000009f300000, 0x000000009f400000|  0%| F|  |TAMS 0x000000009f300000, 0x000000009f300000| Untracked 
| 500|0x000000009f400000, 0x000000009f400000, 0x000000009f500000|  0%| F|  |TAMS 0x000000009f400000, 0x000000009f400000| Untracked 
| 501|0x000000009f500000, 0x000000009f500000, 0x000000009f600000|  0%| F|  |TAMS 0x000000009f500000, 0x000000009f500000| Untracked 
| 502|0x000000009f600000, 0x000000009f600000, 0x000000009f700000|  0%| F|  |TAMS 0x000000009f600000, 0x000000009f600000| Untracked 
| 503|0x000000009f700000, 0x000000009f700000, 0x000000009f800000|  0%| F|  |TAMS 0x000000009f700000, 0x000000009f700000| Untracked 
| 504|0x000000009f800000, 0x000000009f800000, 0x000000009f900000|  0%| F|  |TAMS 0x000000009f800000, 0x000000009f800000| Untracked 
| 505|0x000000009f900000, 0x000000009f900000, 0x000000009fa00000|  0%| F|  |TAMS 0x000000009f900000, 0x000000009f900000| Untracked 
| 506|0x000000009fa00000, 0x000000009fa00000, 0x000000009fb00000|  0%| F|  |TAMS 0x000000009fa00000, 0x000000009fa00000| Untracked 
| 507|0x000000009fb00000, 0x000000009fb00000, 0x000000009fc00000|  0%| F|  |TAMS 0x000000009fb00000, 0x000000009fb00000| Untracked 
| 508|0x000000009fc00000, 0x000000009fc00000, 0x000000009fd00000|  0%| F|  |TAMS 0x000000009fc00000, 0x000000009fc00000| Untracked 
| 509|0x000000009fd00000, 0x000000009fd00000, 0x000000009fe00000|  0%| F|  |TAMS 0x000000009fd00000, 0x000000009fd00000| Untracked 
| 510|0x000000009fe00000, 0x000000009fe00000, 0x000000009ff00000|  0%| F|  |TAMS 0x000000009fe00000, 0x000000009fe00000| Untracked 
| 511|0x000000009ff00000, 0x000000009ff00000, 0x00000000a0000000|  0%| F|  |TAMS 0x000000009ff00000, 0x000000009ff00000| Untracked 
| 512|0x00000000a0000000, 0x00000000a0000000, 0x00000000a0100000|  0%| F|  |TAMS 0x00000000a0000000, 0x00000000a0000000| Untracked 
| 513|0x00000000a0100000, 0x00000000a0100000, 0x00000000a0200000|  0%| F|  |TAMS 0x00000000a0100000, 0x00000000a0100000| Untracked 
| 514|0x00000000a0200000, 0x00000000a0200000, 0x00000000a0300000|  0%| F|  |TAMS 0x00000000a0200000, 0x00000000a0200000| Untracked 
| 515|0x00000000a0300000, 0x00000000a0300000, 0x00000000a0400000|  0%| F|  |TAMS 0x00000000a0300000, 0x00000000a0300000| Untracked 
| 516|0x00000000a0400000, 0x00000000a0400000, 0x00000000a0500000|  0%| F|  |TAMS 0x00000000a0400000, 0x00000000a0400000| Untracked 
| 517|0x00000000a0500000, 0x00000000a0500000, 0x00000000a0600000|  0%| F|  |TAMS 0x00000000a0500000, 0x00000000a0500000| Untracked 
| 518|0x00000000a0600000, 0x00000000a0600000, 0x00000000a0700000|  0%| F|  |TAMS 0x00000000a0600000, 0x00000000a0600000| Untracked 
| 519|0x00000000a0700000, 0x00000000a0700000, 0x00000000a0800000|  0%| F|  |TAMS 0x00000000a0700000, 0x00000000a0700000| Untracked 
| 520|0x00000000a0800000, 0x00000000a0800000, 0x00000000a0900000|  0%| F|  |TAMS 0x00000000a0800000, 0x00000000a0800000| Untracked 
| 521|0x00000000a0900000, 0x00000000a0900000, 0x00000000a0a00000|  0%| F|  |TAMS 0x00000000a0900000, 0x00000000a0900000| Untracked 
| 522|0x00000000a0a00000, 0x00000000a0a00000, 0x00000000a0b00000|  0%| F|  |TAMS 0x00000000a0a00000, 0x00000000a0a00000| Untracked 
| 523|0x00000000a0b00000, 0x00000000a0b00000, 0x00000000a0c00000|  0%| F|  |TAMS 0x00000000a0b00000, 0x00000000a0b00000| Untracked 
| 524|0x00000000a0c00000, 0x00000000a0c00000, 0x00000000a0d00000|  0%| F|  |TAMS 0x00000000a0c00000, 0x00000000a0c00000| Untracked 
| 525|0x00000000a0d00000, 0x00000000a0d00000, 0x00000000a0e00000|  0%| F|  |TAMS 0x00000000a0d00000, 0x00000000a0d00000| Untracked 
| 526|0x00000000a0e00000, 0x00000000a0e00000, 0x00000000a0f00000|  0%| F|  |TAMS 0x00000000a0e00000, 0x00000000a0e00000| Untracked 
| 527|0x00000000a0f00000, 0x00000000a0f00000, 0x00000000a1000000|  0%| F|  |TAMS 0x00000000a0f00000, 0x00000000a0f00000| Untracked 
| 528|0x00000000a1000000, 0x00000000a1000000, 0x00000000a1100000|  0%| F|  |TAMS 0x00000000a1000000, 0x00000000a1000000| Untracked 
| 529|0x00000000a1100000, 0x00000000a1100000, 0x00000000a1200000|  0%| F|  |TAMS 0x00000000a1100000, 0x00000000a1100000| Untracked 
| 530|0x00000000a1200000, 0x00000000a1200000, 0x00000000a1300000|  0%| F|  |TAMS 0x00000000a1200000, 0x00000000a1200000| Untracked 
| 531|0x00000000a1300000, 0x00000000a1300000, 0x00000000a1400000|  0%| F|  |TAMS 0x00000000a1300000, 0x00000000a1300000| Untracked 
| 532|0x00000000a1400000, 0x00000000a1400000, 0x00000000a1500000|  0%| F|  |TAMS 0x00000000a1400000, 0x00000000a1400000| Untracked 
| 533|0x00000000a1500000, 0x00000000a1500000, 0x00000000a1600000|  0%| F|  |TAMS 0x00000000a1500000, 0x00000000a1500000| Untracked 
| 534|0x00000000a1600000, 0x00000000a1600000, 0x00000000a1700000|  0%| F|  |TAMS 0x00000000a1600000, 0x00000000a1600000| Untracked 
| 535|0x00000000a1700000, 0x00000000a1700000, 0x00000000a1800000|  0%| F|  |TAMS 0x00000000a1700000, 0x00000000a1700000| Untracked 
| 536|0x00000000a1800000, 0x00000000a1800000, 0x00000000a1900000|  0%| F|  |TAMS 0x00000000a1800000, 0x00000000a1800000| Untracked 
| 537|0x00000000a1900000, 0x00000000a1900000, 0x00000000a1a00000|  0%| F|  |TAMS 0x00000000a1900000, 0x00000000a1900000| Untracked 
| 538|0x00000000a1a00000, 0x00000000a1a00000, 0x00000000a1b00000|  0%| F|  |TAMS 0x00000000a1a00000, 0x00000000a1a00000| Untracked 
| 539|0x00000000a1b00000, 0x00000000a1b00000, 0x00000000a1c00000|  0%| F|  |TAMS 0x00000000a1b00000, 0x00000000a1b00000| Untracked 
| 540|0x00000000a1c00000, 0x00000000a1c00000, 0x00000000a1d00000|  0%| F|  |TAMS 0x00000000a1c00000, 0x00000000a1c00000| Untracked 
| 541|0x00000000a1d00000, 0x00000000a1d00000, 0x00000000a1e00000|  0%| F|  |TAMS 0x00000000a1d00000, 0x00000000a1d00000| Untracked 
| 542|0x00000000a1e00000, 0x00000000a1e00000, 0x00000000a1f00000|  0%| F|  |TAMS 0x00000000a1e00000, 0x00000000a1e00000| Untracked 
| 543|0x00000000a1f00000, 0x00000000a1f00000, 0x00000000a2000000|  0%| F|  |TAMS 0x00000000a1f00000, 0x00000000a1f00000| Untracked 
| 544|0x00000000a2000000, 0x00000000a2000000, 0x00000000a2100000|  0%| F|  |TAMS 0x00000000a2000000, 0x00000000a2000000| Untracked 
| 545|0x00000000a2100000, 0x00000000a2100000, 0x00000000a2200000|  0%| F|  |TAMS 0x00000000a2100000, 0x00000000a2100000| Untracked 
| 546|0x00000000a2200000, 0x00000000a2200000, 0x00000000a2300000|  0%| F|  |TAMS 0x00000000a2200000, 0x00000000a2200000| Untracked 
| 547|0x00000000a2300000, 0x00000000a2300000, 0x00000000a2400000|  0%| F|  |TAMS 0x00000000a2300000, 0x00000000a2300000| Untracked 
| 548|0x00000000a2400000, 0x00000000a2400000, 0x00000000a2500000|  0%| F|  |TAMS 0x00000000a2400000, 0x00000000a2400000| Untracked 
| 549|0x00000000a2500000, 0x00000000a2500000, 0x00000000a2600000|  0%| F|  |TAMS 0x00000000a2500000, 0x00000000a2500000| Untracked 
| 550|0x00000000a2600000, 0x00000000a2600000, 0x00000000a2700000|  0%| F|  |TAMS 0x00000000a2600000, 0x00000000a2600000| Untracked 
| 551|0x00000000a2700000, 0x00000000a2700000, 0x00000000a2800000|  0%| F|  |TAMS 0x00000000a2700000, 0x00000000a2700000| Untracked 
| 552|0x00000000a2800000, 0x00000000a2800000, 0x00000000a2900000|  0%| F|  |TAMS 0x00000000a2800000, 0x00000000a2800000| Untracked 
| 553|0x00000000a2900000, 0x00000000a2900000, 0x00000000a2a00000|  0%| F|  |TAMS 0x00000000a2900000, 0x00000000a2900000| Untracked 
| 554|0x00000000a2a00000, 0x00000000a2a00000, 0x00000000a2b00000|  0%| F|  |TAMS 0x00000000a2a00000, 0x00000000a2a00000| Untracked 
| 555|0x00000000a2b00000, 0x00000000a2b00000, 0x00000000a2c00000|  0%| F|  |TAMS 0x00000000a2b00000, 0x00000000a2b00000| Untracked 
| 556|0x00000000a2c00000, 0x00000000a2c00000, 0x00000000a2d00000|  0%| F|  |TAMS 0x00000000a2c00000, 0x00000000a2c00000| Untracked 
| 557|0x00000000a2d00000, 0x00000000a2d00000, 0x00000000a2e00000|  0%| F|  |TAMS 0x00000000a2d00000, 0x00000000a2d00000| Untracked 
| 558|0x00000000a2e00000, 0x00000000a2e00000, 0x00000000a2f00000|  0%| F|  |TAMS 0x00000000a2e00000, 0x00000000a2e00000| Untracked 
| 559|0x00000000a2f00000, 0x00000000a2f00000, 0x00000000a3000000|  0%| F|  |TAMS 0x00000000a2f00000, 0x00000000a2f00000| Untracked 
| 560|0x00000000a3000000, 0x00000000a3000000, 0x00000000a3100000|  0%| F|  |TAMS 0x00000000a3000000, 0x00000000a3000000| Untracked 
| 561|0x00000000a3100000, 0x00000000a3100000, 0x00000000a3200000|  0%| F|  |TAMS 0x00000000a3100000, 0x00000000a3100000| Untracked 
| 562|0x00000000a3200000, 0x00000000a3200000, 0x00000000a3300000|  0%| F|  |TAMS 0x00000000a3200000, 0x00000000a3200000| Untracked 
| 563|0x00000000a3300000, 0x00000000a3300000, 0x00000000a3400000|  0%| F|  |TAMS 0x00000000a3300000, 0x00000000a3300000| Untracked 
| 564|0x00000000a3400000, 0x00000000a3400000, 0x00000000a3500000|  0%| F|  |TAMS 0x00000000a3400000, 0x00000000a3400000| Untracked 
| 565|0x00000000a3500000, 0x00000000a3500000, 0x00000000a3600000|  0%| F|  |TAMS 0x00000000a3500000, 0x00000000a3500000| Untracked 
| 566|0x00000000a3600000, 0x00000000a3600000, 0x00000000a3700000|  0%| F|  |TAMS 0x00000000a3600000, 0x00000000a3600000| Untracked 
| 567|0x00000000a3700000, 0x00000000a3700000, 0x00000000a3800000|  0%| F|  |TAMS 0x00000000a3700000, 0x00000000a3700000| Untracked 
| 568|0x00000000a3800000, 0x00000000a3800000, 0x00000000a3900000|  0%| F|  |TAMS 0x00000000a3800000, 0x00000000a3800000| Untracked 
| 569|0x00000000a3900000, 0x00000000a3900000, 0x00000000a3a00000|  0%| F|  |TAMS 0x00000000a3900000, 0x00000000a3900000| Untracked 
| 570|0x00000000a3a00000, 0x00000000a3a00000, 0x00000000a3b00000|  0%| F|  |TAMS 0x00000000a3a00000, 0x00000000a3a00000| Untracked 
| 571|0x00000000a3b00000, 0x00000000a3b00000, 0x00000000a3c00000|  0%| F|  |TAMS 0x00000000a3b00000, 0x00000000a3b00000| Untracked 
| 572|0x00000000a3c00000, 0x00000000a3c00000, 0x00000000a3d00000|  0%| F|  |TAMS 0x00000000a3c00000, 0x00000000a3c00000| Untracked 
| 573|0x00000000a3d00000, 0x00000000a3d00000, 0x00000000a3e00000|  0%| F|  |TAMS 0x00000000a3d00000, 0x00000000a3d00000| Untracked 
| 574|0x00000000a3e00000, 0x00000000a3e00000, 0x00000000a3f00000|  0%| F|  |TAMS 0x00000000a3e00000, 0x00000000a3e00000| Untracked 
| 575|0x00000000a3f00000, 0x00000000a3f00000, 0x00000000a4000000|  0%| F|  |TAMS 0x00000000a3f00000, 0x00000000a3f00000| Untracked 
| 576|0x00000000a4000000, 0x00000000a4000000, 0x00000000a4100000|  0%| F|  |TAMS 0x00000000a4000000, 0x00000000a4000000| Untracked 
| 577|0x00000000a4100000, 0x00000000a4100000, 0x00000000a4200000|  0%| F|  |TAMS 0x00000000a4100000, 0x00000000a4100000| Untracked 
| 578|0x00000000a4200000, 0x00000000a4200000, 0x00000000a4300000|  0%| F|  |TAMS 0x00000000a4200000, 0x00000000a4200000| Untracked 
| 579|0x00000000a4300000, 0x00000000a4300000, 0x00000000a4400000|  0%| F|  |TAMS 0x00000000a4300000, 0x00000000a4300000| Untracked 
| 580|0x00000000a4400000, 0x00000000a4400000, 0x00000000a4500000|  0%| F|  |TAMS 0x00000000a4400000, 0x00000000a4400000| Untracked 
| 581|0x00000000a4500000, 0x00000000a4500000, 0x00000000a4600000|  0%| F|  |TAMS 0x00000000a4500000, 0x00000000a4500000| Untracked 
| 582|0x00000000a4600000, 0x00000000a4600000, 0x00000000a4700000|  0%| F|  |TAMS 0x00000000a4600000, 0x00000000a4600000| Untracked 
| 583|0x00000000a4700000, 0x00000000a4700000, 0x00000000a4800000|  0%| F|  |TAMS 0x00000000a4700000, 0x00000000a4700000| Untracked 
| 584|0x00000000a4800000, 0x00000000a4800000, 0x00000000a4900000|  0%| F|  |TAMS 0x00000000a4800000, 0x00000000a4800000| Untracked 
| 585|0x00000000a4900000, 0x00000000a4900000, 0x00000000a4a00000|  0%| F|  |TAMS 0x00000000a4900000, 0x00000000a4900000| Untracked 
| 586|0x00000000a4a00000, 0x00000000a4a00000, 0x00000000a4b00000|  0%| F|  |TAMS 0x00000000a4a00000, 0x00000000a4a00000| Untracked 
| 587|0x00000000a4b00000, 0x00000000a4b00000, 0x00000000a4c00000|  0%| F|  |TAMS 0x00000000a4b00000, 0x00000000a4b00000| Untracked 
| 588|0x00000000a4c00000, 0x00000000a4c00000, 0x00000000a4d00000|  0%| F|  |TAMS 0x00000000a4c00000, 0x00000000a4c00000| Untracked 
| 589|0x00000000a4d00000, 0x00000000a4d00000, 0x00000000a4e00000|  0%| F|  |TAMS 0x00000000a4d00000, 0x00000000a4d00000| Untracked 
| 590|0x00000000a4e00000, 0x00000000a4e00000, 0x00000000a4f00000|  0%| F|  |TAMS 0x00000000a4e00000, 0x00000000a4e00000| Untracked 
| 591|0x00000000a4f00000, 0x00000000a4f00000, 0x00000000a5000000|  0%| F|  |TAMS 0x00000000a4f00000, 0x00000000a4f00000| Untracked 
| 592|0x00000000a5000000, 0x00000000a5000000, 0x00000000a5100000|  0%| F|  |TAMS 0x00000000a5000000, 0x00000000a5000000| Untracked 
| 593|0x00000000a5100000, 0x00000000a5100000, 0x00000000a5200000|  0%| F|  |TAMS 0x00000000a5100000, 0x00000000a5100000| Untracked 
| 594|0x00000000a5200000, 0x00000000a5200000, 0x00000000a5300000|  0%| F|  |TAMS 0x00000000a5200000, 0x00000000a5200000| Untracked 
| 595|0x00000000a5300000, 0x00000000a5300000, 0x00000000a5400000|  0%| F|  |TAMS 0x00000000a5300000, 0x00000000a5300000| Untracked 
| 596|0x00000000a5400000, 0x00000000a5400000, 0x00000000a5500000|  0%| F|  |TAMS 0x00000000a5400000, 0x00000000a5400000| Untracked 
| 597|0x00000000a5500000, 0x00000000a5500000, 0x00000000a5600000|  0%| F|  |TAMS 0x00000000a5500000, 0x00000000a5500000| Untracked 
| 598|0x00000000a5600000, 0x00000000a5600000, 0x00000000a5700000|  0%| F|  |TAMS 0x00000000a5600000, 0x00000000a5600000| Untracked 
| 599|0x00000000a5700000, 0x00000000a5700000, 0x00000000a5800000|  0%| F|  |TAMS 0x00000000a5700000, 0x00000000a5700000| Untracked 
| 600|0x00000000a5800000, 0x00000000a5800000, 0x00000000a5900000|  0%| F|  |TAMS 0x00000000a5800000, 0x00000000a5800000| Untracked 
| 601|0x00000000a5900000, 0x00000000a5900000, 0x00000000a5a00000|  0%| F|  |TAMS 0x00000000a5900000, 0x00000000a5900000| Untracked 
| 602|0x00000000a5a00000, 0x00000000a5a00000, 0x00000000a5b00000|  0%| F|  |TAMS 0x00000000a5a00000, 0x00000000a5a00000| Untracked 
| 603|0x00000000a5b00000, 0x00000000a5b00000, 0x00000000a5c00000|  0%| F|  |TAMS 0x00000000a5b00000, 0x00000000a5b00000| Untracked 
| 604|0x00000000a5c00000, 0x00000000a5c00000, 0x00000000a5d00000|  0%| F|  |TAMS 0x00000000a5c00000, 0x00000000a5c00000| Untracked 
| 605|0x00000000a5d00000, 0x00000000a5d00000, 0x00000000a5e00000|  0%| F|  |TAMS 0x00000000a5d00000, 0x00000000a5d00000| Untracked 
| 606|0x00000000a5e00000, 0x00000000a5e00000, 0x00000000a5f00000|  0%| F|  |TAMS 0x00000000a5e00000, 0x00000000a5e00000| Untracked 
| 607|0x00000000a5f00000, 0x00000000a5f00000, 0x00000000a6000000|  0%| F|  |TAMS 0x00000000a5f00000, 0x00000000a5f00000| Untracked 
| 608|0x00000000a6000000, 0x00000000a6000000, 0x00000000a6100000|  0%| F|  |TAMS 0x00000000a6000000, 0x00000000a6000000| Untracked 
| 609|0x00000000a6100000, 0x00000000a6100000, 0x00000000a6200000|  0%| F|  |TAMS 0x00000000a6100000, 0x00000000a6100000| Untracked 
| 610|0x00000000a6200000, 0x00000000a6200000, 0x00000000a6300000|  0%| F|  |TAMS 0x00000000a6200000, 0x00000000a6200000| Untracked 
| 611|0x00000000a6300000, 0x00000000a6300000, 0x00000000a6400000|  0%| F|  |TAMS 0x00000000a6300000, 0x00000000a6300000| Untracked 
| 612|0x00000000a6400000, 0x00000000a6400000, 0x00000000a6500000|  0%| F|  |TAMS 0x00000000a6400000, 0x00000000a6400000| Untracked 
| 613|0x00000000a6500000, 0x00000000a6500000, 0x00000000a6600000|  0%| F|  |TAMS 0x00000000a6500000, 0x00000000a6500000| Untracked 
| 614|0x00000000a6600000, 0x00000000a6600000, 0x00000000a6700000|  0%| F|  |TAMS 0x00000000a6600000, 0x00000000a6600000| Untracked 
| 615|0x00000000a6700000, 0x00000000a6700000, 0x00000000a6800000|  0%| F|  |TAMS 0x00000000a6700000, 0x00000000a6700000| Untracked 
| 616|0x00000000a6800000, 0x00000000a6800000, 0x00000000a6900000|  0%| F|  |TAMS 0x00000000a6800000, 0x00000000a6800000| Untracked 
| 617|0x00000000a6900000, 0x00000000a6900000, 0x00000000a6a00000|  0%| F|  |TAMS 0x00000000a6900000, 0x00000000a6900000| Untracked 
| 618|0x00000000a6a00000, 0x00000000a6a00000, 0x00000000a6b00000|  0%| F|  |TAMS 0x00000000a6a00000, 0x00000000a6a00000| Untracked 
| 619|0x00000000a6b00000, 0x00000000a6b00000, 0x00000000a6c00000|  0%| F|  |TAMS 0x00000000a6b00000, 0x00000000a6b00000| Untracked 
| 620|0x00000000a6c00000, 0x00000000a6c00000, 0x00000000a6d00000|  0%| F|  |TAMS 0x00000000a6c00000, 0x00000000a6c00000| Untracked 
| 621|0x00000000a6d00000, 0x00000000a6d00000, 0x00000000a6e00000|  0%| F|  |TAMS 0x00000000a6d00000, 0x00000000a6d00000| Untracked 
| 622|0x00000000a6e00000, 0x00000000a6e00000, 0x00000000a6f00000|  0%| F|  |TAMS 0x00000000a6e00000, 0x00000000a6e00000| Untracked 
| 623|0x00000000a6f00000, 0x00000000a6f00000, 0x00000000a7000000|  0%| F|  |TAMS 0x00000000a6f00000, 0x00000000a6f00000| Untracked 
| 624|0x00000000a7000000, 0x00000000a7000000, 0x00000000a7100000|  0%| F|  |TAMS 0x00000000a7000000, 0x00000000a7000000| Untracked 
| 625|0x00000000a7100000, 0x00000000a7100000, 0x00000000a7200000|  0%| F|  |TAMS 0x00000000a7100000, 0x00000000a7100000| Untracked 
| 626|0x00000000a7200000, 0x00000000a7200000, 0x00000000a7300000|  0%| F|  |TAMS 0x00000000a7200000, 0x00000000a7200000| Untracked 
| 627|0x00000000a7300000, 0x00000000a7300000, 0x00000000a7400000|  0%| F|  |TAMS 0x00000000a7300000, 0x00000000a7300000| Untracked 
| 628|0x00000000a7400000, 0x00000000a7400000, 0x00000000a7500000|  0%| F|  |TAMS 0x00000000a7400000, 0x00000000a7400000| Untracked 
| 629|0x00000000a7500000, 0x00000000a7500000, 0x00000000a7600000|  0%| F|  |TAMS 0x00000000a7500000, 0x00000000a7500000| Untracked 
| 630|0x00000000a7600000, 0x00000000a7600000, 0x00000000a7700000|  0%| F|  |TAMS 0x00000000a7600000, 0x00000000a7600000| Untracked 
| 631|0x00000000a7700000, 0x00000000a7700000, 0x00000000a7800000|  0%| F|  |TAMS 0x00000000a7700000, 0x00000000a7700000| Untracked 
| 632|0x00000000a7800000, 0x00000000a7800000, 0x00000000a7900000|  0%| F|  |TAMS 0x00000000a7800000, 0x00000000a7800000| Untracked 
| 633|0x00000000a7900000, 0x00000000a7900000, 0x00000000a7a00000|  0%| F|  |TAMS 0x00000000a7900000, 0x00000000a7900000| Untracked 
| 634|0x00000000a7a00000, 0x00000000a7a00000, 0x00000000a7b00000|  0%| F|  |TAMS 0x00000000a7a00000, 0x00000000a7a00000| Untracked 
| 635|0x00000000a7b00000, 0x00000000a7b00000, 0x00000000a7c00000|  0%| F|  |TAMS 0x00000000a7b00000, 0x00000000a7b00000| Untracked 
| 636|0x00000000a7c00000, 0x00000000a7c00000, 0x00000000a7d00000|  0%| F|  |TAMS 0x00000000a7c00000, 0x00000000a7c00000| Untracked 
| 637|0x00000000a7d00000, 0x00000000a7d00000, 0x00000000a7e00000|  0%| F|  |TAMS 0x00000000a7d00000, 0x00000000a7d00000| Untracked 
| 638|0x00000000a7e00000, 0x00000000a7e00000, 0x00000000a7f00000|  0%| F|  |TAMS 0x00000000a7e00000, 0x00000000a7e00000| Untracked 
| 639|0x00000000a7f00000, 0x00000000a7f00000, 0x00000000a8000000|  0%| F|  |TAMS 0x00000000a7f00000, 0x00000000a7f00000| Untracked 
| 640|0x00000000a8000000, 0x00000000a8000000, 0x00000000a8100000|  0%| F|  |TAMS 0x00000000a8000000, 0x00000000a8000000| Untracked 
| 641|0x00000000a8100000, 0x00000000a8100000, 0x00000000a8200000|  0%| F|  |TAMS 0x00000000a8100000, 0x00000000a8100000| Untracked 
| 642|0x00000000a8200000, 0x00000000a8200000, 0x00000000a8300000|  0%| F|  |TAMS 0x00000000a8200000, 0x00000000a8200000| Untracked 
| 643|0x00000000a8300000, 0x00000000a8300000, 0x00000000a8400000|  0%| F|  |TAMS 0x00000000a8300000, 0x00000000a8300000| Untracked 
| 644|0x00000000a8400000, 0x00000000a8400000, 0x00000000a8500000|  0%| F|  |TAMS 0x00000000a8400000, 0x00000000a8400000| Untracked 
| 645|0x00000000a8500000, 0x00000000a8500000, 0x00000000a8600000|  0%| F|  |TAMS 0x00000000a8500000, 0x00000000a8500000| Untracked 
| 646|0x00000000a8600000, 0x00000000a8600000, 0x00000000a8700000|  0%| F|  |TAMS 0x00000000a8600000, 0x00000000a8600000| Untracked 
| 647|0x00000000a8700000, 0x00000000a8700000, 0x00000000a8800000|  0%| F|  |TAMS 0x00000000a8700000, 0x00000000a8700000| Untracked 
| 648|0x00000000a8800000, 0x00000000a8800000, 0x00000000a8900000|  0%| F|  |TAMS 0x00000000a8800000, 0x00000000a8800000| Untracked 
| 649|0x00000000a8900000, 0x00000000a8900000, 0x00000000a8a00000|  0%| F|  |TAMS 0x00000000a8900000, 0x00000000a8900000| Untracked 
| 650|0x00000000a8a00000, 0x00000000a8a00000, 0x00000000a8b00000|  0%| F|  |TAMS 0x00000000a8a00000, 0x00000000a8a00000| Untracked 
| 651|0x00000000a8b00000, 0x00000000a8b00000, 0x00000000a8c00000|  0%| F|  |TAMS 0x00000000a8b00000, 0x00000000a8b00000| Untracked 
| 652|0x00000000a8c00000, 0x00000000a8c00000, 0x00000000a8d00000|  0%| F|  |TAMS 0x00000000a8c00000, 0x00000000a8c00000| Untracked 
| 653|0x00000000a8d00000, 0x00000000a8d00000, 0x00000000a8e00000|  0%| F|  |TAMS 0x00000000a8d00000, 0x00000000a8d00000| Untracked 
| 654|0x00000000a8e00000, 0x00000000a8e00000, 0x00000000a8f00000|  0%| F|  |TAMS 0x00000000a8e00000, 0x00000000a8e00000| Untracked 
| 655|0x00000000a8f00000, 0x00000000a8f00000, 0x00000000a9000000|  0%| F|  |TAMS 0x00000000a8f00000, 0x00000000a8f00000| Untracked 
| 656|0x00000000a9000000, 0x00000000a9000000, 0x00000000a9100000|  0%| F|  |TAMS 0x00000000a9000000, 0x00000000a9000000| Untracked 
| 657|0x00000000a9100000, 0x00000000a9100000, 0x00000000a9200000|  0%| F|  |TAMS 0x00000000a9100000, 0x00000000a9100000| Untracked 
| 658|0x00000000a9200000, 0x00000000a9200000, 0x00000000a9300000|  0%| F|  |TAMS 0x00000000a9200000, 0x00000000a9200000| Untracked 
| 659|0x00000000a9300000, 0x00000000a9300000, 0x00000000a9400000|  0%| F|  |TAMS 0x00000000a9300000, 0x00000000a9300000| Untracked 
| 660|0x00000000a9400000, 0x00000000a9400000, 0x00000000a9500000|  0%| F|  |TAMS 0x00000000a9400000, 0x00000000a9400000| Untracked 
| 661|0x00000000a9500000, 0x00000000a9500000, 0x00000000a9600000|  0%| F|  |TAMS 0x00000000a9500000, 0x00000000a9500000| Untracked 
| 662|0x00000000a9600000, 0x00000000a9600000, 0x00000000a9700000|  0%| F|  |TAMS 0x00000000a9600000, 0x00000000a9600000| Untracked 
| 663|0x00000000a9700000, 0x00000000a9700000, 0x00000000a9800000|  0%| F|  |TAMS 0x00000000a9700000, 0x00000000a9700000| Untracked 
| 664|0x00000000a9800000, 0x00000000a9800000, 0x00000000a9900000|  0%| F|  |TAMS 0x00000000a9800000, 0x00000000a9800000| Untracked 
| 665|0x00000000a9900000, 0x00000000a9900000, 0x00000000a9a00000|  0%| F|  |TAMS 0x00000000a9900000, 0x00000000a9900000| Untracked 
| 666|0x00000000a9a00000, 0x00000000a9a00000, 0x00000000a9b00000|  0%| F|  |TAMS 0x00000000a9a00000, 0x00000000a9a00000| Untracked 
| 667|0x00000000a9b00000, 0x00000000a9b00000, 0x00000000a9c00000|  0%| F|  |TAMS 0x00000000a9b00000, 0x00000000a9b00000| Untracked 
| 668|0x00000000a9c00000, 0x00000000a9c00000, 0x00000000a9d00000|  0%| F|  |TAMS 0x00000000a9c00000, 0x00000000a9c00000| Untracked 
| 669|0x00000000a9d00000, 0x00000000a9d00000, 0x00000000a9e00000|  0%| F|  |TAMS 0x00000000a9d00000, 0x00000000a9d00000| Untracked 
| 670|0x00000000a9e00000, 0x00000000a9e00000, 0x00000000a9f00000|  0%| F|  |TAMS 0x00000000a9e00000, 0x00000000a9e00000| Untracked 
| 671|0x00000000a9f00000, 0x00000000a9f00000, 0x00000000aa000000|  0%| F|  |TAMS 0x00000000a9f00000, 0x00000000a9f00000| Untracked 
| 672|0x00000000aa000000, 0x00000000aa000000, 0x00000000aa100000|  0%| F|  |TAMS 0x00000000aa000000, 0x00000000aa000000| Untracked 
| 673|0x00000000aa100000, 0x00000000aa100000, 0x00000000aa200000|  0%| F|  |TAMS 0x00000000aa100000, 0x00000000aa100000| Untracked 
| 674|0x00000000aa200000, 0x00000000aa200000, 0x00000000aa300000|  0%| F|  |TAMS 0x00000000aa200000, 0x00000000aa200000| Untracked 
| 675|0x00000000aa300000, 0x00000000aa300000, 0x00000000aa400000|  0%| F|  |TAMS 0x00000000aa300000, 0x00000000aa300000| Untracked 
| 676|0x00000000aa400000, 0x00000000aa400000, 0x00000000aa500000|  0%| F|  |TAMS 0x00000000aa400000, 0x00000000aa400000| Untracked 
| 677|0x00000000aa500000, 0x00000000aa500000, 0x00000000aa600000|  0%| F|  |TAMS 0x00000000aa500000, 0x00000000aa500000| Untracked 
| 678|0x00000000aa600000, 0x00000000aa600000, 0x00000000aa700000|  0%| F|  |TAMS 0x00000000aa600000, 0x00000000aa600000| Untracked 
| 679|0x00000000aa700000, 0x00000000aa700000, 0x00000000aa800000|  0%| F|  |TAMS 0x00000000aa700000, 0x00000000aa700000| Untracked 
| 680|0x00000000aa800000, 0x00000000aa800000, 0x00000000aa900000|  0%| F|  |TAMS 0x00000000aa800000, 0x00000000aa800000| Untracked 
| 681|0x00000000aa900000, 0x00000000aa900000, 0x00000000aaa00000|  0%| F|  |TAMS 0x00000000aa900000, 0x00000000aa900000| Untracked 
| 682|0x00000000aaa00000, 0x00000000aaa00000, 0x00000000aab00000|  0%| F|  |TAMS 0x00000000aaa00000, 0x00000000aaa00000| Untracked 
| 683|0x00000000aab00000, 0x00000000aab00000, 0x00000000aac00000|  0%| F|  |TAMS 0x00000000aab00000, 0x00000000aab00000| Untracked 
| 684|0x00000000aac00000, 0x00000000aac00000, 0x00000000aad00000|  0%| F|  |TAMS 0x00000000aac00000, 0x00000000aac00000| Untracked 
| 685|0x00000000aad00000, 0x00000000aad00000, 0x00000000aae00000|  0%| F|  |TAMS 0x00000000aad00000, 0x00000000aad00000| Untracked 
| 686|0x00000000aae00000, 0x00000000aae00000, 0x00000000aaf00000|  0%| F|  |TAMS 0x00000000aae00000, 0x00000000aae00000| Untracked 
| 687|0x00000000aaf00000, 0x00000000aaf00000, 0x00000000ab000000|  0%| F|  |TAMS 0x00000000aaf00000, 0x00000000aaf00000| Untracked 
| 688|0x00000000ab000000, 0x00000000ab000000, 0x00000000ab100000|  0%| F|  |TAMS 0x00000000ab000000, 0x00000000ab000000| Untracked 
| 689|0x00000000ab100000, 0x00000000ab100000, 0x00000000ab200000|  0%| F|  |TAMS 0x00000000ab100000, 0x00000000ab100000| Untracked 
| 690|0x00000000ab200000, 0x00000000ab200000, 0x00000000ab300000|  0%| F|  |TAMS 0x00000000ab200000, 0x00000000ab200000| Untracked 
| 691|0x00000000ab300000, 0x00000000ab300000, 0x00000000ab400000|  0%| F|  |TAMS 0x00000000ab300000, 0x00000000ab300000| Untracked 
| 692|0x00000000ab400000, 0x00000000ab400000, 0x00000000ab500000|  0%| F|  |TAMS 0x00000000ab400000, 0x00000000ab400000| Untracked 
| 693|0x00000000ab500000, 0x00000000ab500000, 0x00000000ab600000|  0%| F|  |TAMS 0x00000000ab500000, 0x00000000ab500000| Untracked 
| 694|0x00000000ab600000, 0x00000000ab600000, 0x00000000ab700000|  0%| F|  |TAMS 0x00000000ab600000, 0x00000000ab600000| Untracked 
| 695|0x00000000ab700000, 0x00000000ab700000, 0x00000000ab800000|  0%| F|  |TAMS 0x00000000ab700000, 0x00000000ab700000| Untracked 
| 696|0x00000000ab800000, 0x00000000ab800000, 0x00000000ab900000|  0%| F|  |TAMS 0x00000000ab800000, 0x00000000ab800000| Untracked 
| 697|0x00000000ab900000, 0x00000000ab900000, 0x00000000aba00000|  0%| F|  |TAMS 0x00000000ab900000, 0x00000000ab900000| Untracked 
| 698|0x00000000aba00000, 0x00000000aba00000, 0x00000000abb00000|  0%| F|  |TAMS 0x00000000aba00000, 0x00000000aba00000| Untracked 
| 699|0x00000000abb00000, 0x00000000abb00000, 0x00000000abc00000|  0%| F|  |TAMS 0x00000000abb00000, 0x00000000abb00000| Untracked 
| 700|0x00000000abc00000, 0x00000000abc00000, 0x00000000abd00000|  0%| F|  |TAMS 0x00000000abc00000, 0x00000000abc00000| Untracked 
| 701|0x00000000abd00000, 0x00000000abd00000, 0x00000000abe00000|  0%| F|  |TAMS 0x00000000abd00000, 0x00000000abd00000| Untracked 
| 702|0x00000000abe00000, 0x00000000abe00000, 0x00000000abf00000|  0%| F|  |TAMS 0x00000000abe00000, 0x00000000abe00000| Untracked 
| 703|0x00000000abf00000, 0x00000000abf00000, 0x00000000ac000000|  0%| F|  |TAMS 0x00000000abf00000, 0x00000000abf00000| Untracked 
| 704|0x00000000ac000000, 0x00000000ac000000, 0x00000000ac100000|  0%| F|  |TAMS 0x00000000ac000000, 0x00000000ac000000| Untracked 
| 705|0x00000000ac100000, 0x00000000ac100000, 0x00000000ac200000|  0%| F|  |TAMS 0x00000000ac100000, 0x00000000ac100000| Untracked 
| 706|0x00000000ac200000, 0x00000000ac200000, 0x00000000ac300000|  0%| F|  |TAMS 0x00000000ac200000, 0x00000000ac200000| Untracked 
| 707|0x00000000ac300000, 0x00000000ac300000, 0x00000000ac400000|  0%| F|  |TAMS 0x00000000ac300000, 0x00000000ac300000| Untracked 
| 708|0x00000000ac400000, 0x00000000ac400000, 0x00000000ac500000|  0%| F|  |TAMS 0x00000000ac400000, 0x00000000ac400000| Untracked 
| 709|0x00000000ac500000, 0x00000000ac500000, 0x00000000ac600000|  0%| F|  |TAMS 0x00000000ac500000, 0x00000000ac500000| Untracked 
| 710|0x00000000ac600000, 0x00000000ac600000, 0x00000000ac700000|  0%| F|  |TAMS 0x00000000ac600000, 0x00000000ac600000| Untracked 
| 711|0x00000000ac700000, 0x00000000ac700000, 0x00000000ac800000|  0%| F|  |TAMS 0x00000000ac700000, 0x00000000ac700000| Untracked 
| 712|0x00000000ac800000, 0x00000000ac800000, 0x00000000ac900000|  0%| F|  |TAMS 0x00000000ac800000, 0x00000000ac800000| Untracked 
| 713|0x00000000ac900000, 0x00000000ac900000, 0x00000000aca00000|  0%| F|  |TAMS 0x00000000ac900000, 0x00000000ac900000| Untracked 
| 714|0x00000000aca00000, 0x00000000aca00000, 0x00000000acb00000|  0%| F|  |TAMS 0x00000000aca00000, 0x00000000aca00000| Untracked 
| 715|0x00000000acb00000, 0x00000000acb00000, 0x00000000acc00000|  0%| F|  |TAMS 0x00000000acb00000, 0x00000000acb00000| Untracked 
| 716|0x00000000acc00000, 0x00000000acc00000, 0x00000000acd00000|  0%| F|  |TAMS 0x00000000acc00000, 0x00000000acc00000| Untracked 
| 717|0x00000000acd00000, 0x00000000acd00000, 0x00000000ace00000|  0%| F|  |TAMS 0x00000000acd00000, 0x00000000acd00000| Untracked 
| 718|0x00000000ace00000, 0x00000000ace00000, 0x00000000acf00000|  0%| F|  |TAMS 0x00000000ace00000, 0x00000000ace00000| Untracked 
| 719|0x00000000acf00000, 0x00000000acf00000, 0x00000000ad000000|  0%| F|  |TAMS 0x00000000acf00000, 0x00000000acf00000| Untracked 
| 720|0x00000000ad000000, 0x00000000ad000000, 0x00000000ad100000|  0%| F|  |TAMS 0x00000000ad000000, 0x00000000ad000000| Untracked 
| 721|0x00000000ad100000, 0x00000000ad100000, 0x00000000ad200000|  0%| F|  |TAMS 0x00000000ad100000, 0x00000000ad100000| Untracked 
| 722|0x00000000ad200000, 0x00000000ad200000, 0x00000000ad300000|  0%| F|  |TAMS 0x00000000ad200000, 0x00000000ad200000| Untracked 
| 723|0x00000000ad300000, 0x00000000ad300000, 0x00000000ad400000|  0%| F|  |TAMS 0x00000000ad300000, 0x00000000ad300000| Untracked 
| 724|0x00000000ad400000, 0x00000000ad400000, 0x00000000ad500000|  0%| F|  |TAMS 0x00000000ad400000, 0x00000000ad400000| Untracked 
| 725|0x00000000ad500000, 0x00000000ad500000, 0x00000000ad600000|  0%| F|  |TAMS 0x00000000ad500000, 0x00000000ad500000| Untracked 
| 726|0x00000000ad600000, 0x00000000ad600000, 0x00000000ad700000|  0%| F|  |TAMS 0x00000000ad600000, 0x00000000ad600000| Untracked 
| 727|0x00000000ad700000, 0x00000000ad700000, 0x00000000ad800000|  0%| F|  |TAMS 0x00000000ad700000, 0x00000000ad700000| Untracked 
| 728|0x00000000ad800000, 0x00000000ad800000, 0x00000000ad900000|  0%| F|  |TAMS 0x00000000ad800000, 0x00000000ad800000| Untracked 
| 729|0x00000000ad900000, 0x00000000ad900000, 0x00000000ada00000|  0%| F|  |TAMS 0x00000000ad900000, 0x00000000ad900000| Untracked 
| 730|0x00000000ada00000, 0x00000000ada00000, 0x00000000adb00000|  0%| F|  |TAMS 0x00000000ada00000, 0x00000000ada00000| Untracked 
| 731|0x00000000adb00000, 0x00000000adb00000, 0x00000000adc00000|  0%| F|  |TAMS 0x00000000adb00000, 0x00000000adb00000| Untracked 
| 732|0x00000000adc00000, 0x00000000adc00000, 0x00000000add00000|  0%| F|  |TAMS 0x00000000adc00000, 0x00000000adc00000| Untracked 
| 733|0x00000000add00000, 0x00000000add00000, 0x00000000ade00000|  0%| F|  |TAMS 0x00000000add00000, 0x00000000add00000| Untracked 
| 734|0x00000000ade00000, 0x00000000ade00000, 0x00000000adf00000|  0%| F|  |TAMS 0x00000000ade00000, 0x00000000ade00000| Untracked 
| 735|0x00000000adf00000, 0x00000000adf00000, 0x00000000ae000000|  0%| F|  |TAMS 0x00000000adf00000, 0x00000000adf00000| Untracked 
| 736|0x00000000ae000000, 0x00000000ae000000, 0x00000000ae100000|  0%| F|  |TAMS 0x00000000ae000000, 0x00000000ae000000| Untracked 
| 737|0x00000000ae100000, 0x00000000ae100000, 0x00000000ae200000|  0%| F|  |TAMS 0x00000000ae100000, 0x00000000ae100000| Untracked 
| 738|0x00000000ae200000, 0x00000000ae200000, 0x00000000ae300000|  0%| F|  |TAMS 0x00000000ae200000, 0x00000000ae200000| Untracked 
| 739|0x00000000ae300000, 0x00000000ae300000, 0x00000000ae400000|  0%| F|  |TAMS 0x00000000ae300000, 0x00000000ae300000| Untracked 
| 740|0x00000000ae400000, 0x00000000ae400000, 0x00000000ae500000|  0%| F|  |TAMS 0x00000000ae400000, 0x00000000ae400000| Untracked 
| 741|0x00000000ae500000, 0x00000000ae500000, 0x00000000ae600000|  0%| F|  |TAMS 0x00000000ae500000, 0x00000000ae500000| Untracked 
| 742|0x00000000ae600000, 0x00000000ae600000, 0x00000000ae700000|  0%| F|  |TAMS 0x00000000ae600000, 0x00000000ae600000| Untracked 
| 743|0x00000000ae700000, 0x00000000ae700000, 0x00000000ae800000|  0%| F|  |TAMS 0x00000000ae700000, 0x00000000ae700000| Untracked 
| 744|0x00000000ae800000, 0x00000000ae800000, 0x00000000ae900000|  0%| F|  |TAMS 0x00000000ae800000, 0x00000000ae800000| Untracked 
| 745|0x00000000ae900000, 0x00000000ae900000, 0x00000000aea00000|  0%| F|  |TAMS 0x00000000ae900000, 0x00000000ae900000| Untracked 
| 746|0x00000000aea00000, 0x00000000aea00000, 0x00000000aeb00000|  0%| F|  |TAMS 0x00000000aea00000, 0x00000000aea00000| Untracked 
| 747|0x00000000aeb00000, 0x00000000aeb00000, 0x00000000aec00000|  0%| F|  |TAMS 0x00000000aeb00000, 0x00000000aeb00000| Untracked 
| 748|0x00000000aec00000, 0x00000000aec00000, 0x00000000aed00000|  0%| F|  |TAMS 0x00000000aec00000, 0x00000000aec00000| Untracked 
| 749|0x00000000aed00000, 0x00000000aed00000, 0x00000000aee00000|  0%| F|  |TAMS 0x00000000aed00000, 0x00000000aed00000| Untracked 
| 750|0x00000000aee00000, 0x00000000aee00000, 0x00000000aef00000|  0%| F|  |TAMS 0x00000000aee00000, 0x00000000aee00000| Untracked 
| 751|0x00000000aef00000, 0x00000000aef00000, 0x00000000af000000|  0%| F|  |TAMS 0x00000000aef00000, 0x00000000aef00000| Untracked 
| 752|0x00000000af000000, 0x00000000af000000, 0x00000000af100000|  0%| F|  |TAMS 0x00000000af000000, 0x00000000af000000| Untracked 
| 753|0x00000000af100000, 0x00000000af100000, 0x00000000af200000|  0%| F|  |TAMS 0x00000000af100000, 0x00000000af100000| Untracked 
| 754|0x00000000af200000, 0x00000000af200000, 0x00000000af300000|  0%| F|  |TAMS 0x00000000af200000, 0x00000000af200000| Untracked 
| 755|0x00000000af300000, 0x00000000af300000, 0x00000000af400000|  0%| F|  |TAMS 0x00000000af300000, 0x00000000af300000| Untracked 
| 756|0x00000000af400000, 0x00000000af400000, 0x00000000af500000|  0%| F|  |TAMS 0x00000000af400000, 0x00000000af400000| Untracked 
| 757|0x00000000af500000, 0x00000000af500000, 0x00000000af600000|  0%| F|  |TAMS 0x00000000af500000, 0x00000000af500000| Untracked 
| 758|0x00000000af600000, 0x00000000af600000, 0x00000000af700000|  0%| F|  |TAMS 0x00000000af600000, 0x00000000af600000| Untracked 
| 759|0x00000000af700000, 0x00000000af700000, 0x00000000af800000|  0%| F|  |TAMS 0x00000000af700000, 0x00000000af700000| Untracked 
| 760|0x00000000af800000, 0x00000000af800000, 0x00000000af900000|  0%| F|  |TAMS 0x00000000af800000, 0x00000000af800000| Untracked 
| 761|0x00000000af900000, 0x00000000af900000, 0x00000000afa00000|  0%| F|  |TAMS 0x00000000af900000, 0x00000000af900000| Untracked 
| 762|0x00000000afa00000, 0x00000000afa00000, 0x00000000afb00000|  0%| F|  |TAMS 0x00000000afa00000, 0x00000000afa00000| Untracked 
| 763|0x00000000afb00000, 0x00000000afb00000, 0x00000000afc00000|  0%| F|  |TAMS 0x00000000afb00000, 0x00000000afb00000| Untracked 
| 764|0x00000000afc00000, 0x00000000afc1d570, 0x00000000afd00000| 11%| S|CS|TAMS 0x00000000afc00000, 0x00000000afc00000| Complete 
| 765|0x00000000afd00000, 0x00000000afe00000, 0x00000000afe00000|100%| S|CS|TAMS 0x00000000afd00000, 0x00000000afd00000| Complete 
| 766|0x00000000afe00000, 0x00000000aff00000, 0x00000000aff00000|100%| S|CS|TAMS 0x00000000afe00000, 0x00000000afe00000| Complete 
| 767|0x00000000aff00000, 0x00000000b0000000, 0x00000000b0000000|100%| S|CS|TAMS 0x00000000aff00000, 0x00000000aff00000| Complete 
| 768|0x00000000b0000000, 0x00000000b0100000, 0x00000000b0100000|100%| S|CS|TAMS 0x00000000b0000000, 0x00000000b0000000| Complete 
| 769|0x00000000b0100000, 0x00000000b0200000, 0x00000000b0200000|100%| S|CS|TAMS 0x00000000b0100000, 0x00000000b0100000| Complete 
| 770|0x00000000b0200000, 0x00000000b0300000, 0x00000000b0300000|100%| S|CS|TAMS 0x00000000b0200000, 0x00000000b0200000| Complete 
| 771|0x00000000b0300000, 0x00000000b0400000, 0x00000000b0400000|100%| S|CS|TAMS 0x00000000b0300000, 0x00000000b0300000| Complete 
| 772|0x00000000b0400000, 0x00000000b0500000, 0x00000000b0500000|100%| S|CS|TAMS 0x00000000b0400000, 0x00000000b0400000| Complete 
| 773|0x00000000b0500000, 0x00000000b0600000, 0x00000000b0600000|100%| S|CS|TAMS 0x00000000b0500000, 0x00000000b0500000| Complete 
| 774|0x00000000b0600000, 0x00000000b0600000, 0x00000000b0700000|  0%| F|  |TAMS 0x00000000b0600000, 0x00000000b0600000| Untracked 
| 775|0x00000000b0700000, 0x00000000b0700000, 0x00000000b0800000|  0%| F|  |TAMS 0x00000000b0700000, 0x00000000b0700000| Untracked 
| 776|0x00000000b0800000, 0x00000000b0800000, 0x00000000b0900000|  0%| F|  |TAMS 0x00000000b0800000, 0x00000000b0800000| Untracked 
| 777|0x00000000b0900000, 0x00000000b0900000, 0x00000000b0a00000|  0%| F|  |TAMS 0x00000000b0900000, 0x00000000b0900000| Untracked 
| 778|0x00000000b0a00000, 0x00000000b0a00000, 0x00000000b0b00000|  0%| F|  |TAMS 0x00000000b0a00000, 0x00000000b0a00000| Untracked 
| 779|0x00000000b0b00000, 0x00000000b0b00000, 0x00000000b0c00000|  0%| F|  |TAMS 0x00000000b0b00000, 0x00000000b0b00000| Untracked 
| 780|0x00000000b0c00000, 0x00000000b0c00000, 0x00000000b0d00000|  0%| F|  |TAMS 0x00000000b0c00000, 0x00000000b0c00000| Untracked 
| 781|0x00000000b0d00000, 0x00000000b0d00000, 0x00000000b0e00000|  0%| F|  |TAMS 0x00000000b0d00000, 0x00000000b0d00000| Untracked 
| 782|0x00000000b0e00000, 0x00000000b0e00000, 0x00000000b0f00000|  0%| F|  |TAMS 0x00000000b0e00000, 0x00000000b0e00000| Untracked 
| 783|0x00000000b0f00000, 0x00000000b0f00000, 0x00000000b1000000|  0%| F|  |TAMS 0x00000000b0f00000, 0x00000000b0f00000| Untracked 
| 784|0x00000000b1000000, 0x00000000b1000000, 0x00000000b1100000|  0%| F|  |TAMS 0x00000000b1000000, 0x00000000b1000000| Untracked 
| 785|0x00000000b1100000, 0x00000000b1100000, 0x00000000b1200000|  0%| F|  |TAMS 0x00000000b1100000, 0x00000000b1100000| Untracked 
| 786|0x00000000b1200000, 0x00000000b1200000, 0x00000000b1300000|  0%| F|  |TAMS 0x00000000b1200000, 0x00000000b1200000| Untracked 
| 787|0x00000000b1300000, 0x00000000b1300000, 0x00000000b1400000|  0%| F|  |TAMS 0x00000000b1300000, 0x00000000b1300000| Untracked 
| 788|0x00000000b1400000, 0x00000000b1400000, 0x00000000b1500000|  0%| F|  |TAMS 0x00000000b1400000, 0x00000000b1400000| Untracked 
| 789|0x00000000b1500000, 0x00000000b1500000, 0x00000000b1600000|  0%| F|  |TAMS 0x00000000b1500000, 0x00000000b1500000| Untracked 
| 790|0x00000000b1600000, 0x00000000b1600000, 0x00000000b1700000|  0%| F|  |TAMS 0x00000000b1600000, 0x00000000b1600000| Untracked 
| 791|0x00000000b1700000, 0x00000000b1700000, 0x00000000b1800000|  0%| F|  |TAMS 0x00000000b1700000, 0x00000000b1700000| Untracked 
| 792|0x00000000b1800000, 0x00000000b1800000, 0x00000000b1900000|  0%| F|  |TAMS 0x00000000b1800000, 0x00000000b1800000| Untracked 
| 793|0x00000000b1900000, 0x00000000b1900000, 0x00000000b1a00000|  0%| F|  |TAMS 0x00000000b1900000, 0x00000000b1900000| Untracked 
| 794|0x00000000b1a00000, 0x00000000b1a00000, 0x00000000b1b00000|  0%| F|  |TAMS 0x00000000b1a00000, 0x00000000b1a00000| Untracked 
| 795|0x00000000b1b00000, 0x00000000b1b00000, 0x00000000b1c00000|  0%| F|  |TAMS 0x00000000b1b00000, 0x00000000b1b00000| Untracked 
| 796|0x00000000b1c00000, 0x00000000b1c00000, 0x00000000b1d00000|  0%| F|  |TAMS 0x00000000b1c00000, 0x00000000b1c00000| Untracked 
| 797|0x00000000b1d00000, 0x00000000b1d00000, 0x00000000b1e00000|  0%| F|  |TAMS 0x00000000b1d00000, 0x00000000b1d00000| Untracked 
| 798|0x00000000b1e00000, 0x00000000b1e00000, 0x00000000b1f00000|  0%| F|  |TAMS 0x00000000b1e00000, 0x00000000b1e00000| Untracked 
| 799|0x00000000b1f00000, 0x00000000b1f00000, 0x00000000b2000000|  0%| F|  |TAMS 0x00000000b1f00000, 0x00000000b1f00000| Untracked 
| 800|0x00000000b2000000, 0x00000000b2000000, 0x00000000b2100000|  0%| F|  |TAMS 0x00000000b2000000, 0x00000000b2000000| Untracked 
| 801|0x00000000b2100000, 0x00000000b2100000, 0x00000000b2200000|  0%| F|  |TAMS 0x00000000b2100000, 0x00000000b2100000| Untracked 
| 802|0x00000000b2200000, 0x00000000b2200000, 0x00000000b2300000|  0%| F|  |TAMS 0x00000000b2200000, 0x00000000b2200000| Untracked 
| 803|0x00000000b2300000, 0x00000000b2300000, 0x00000000b2400000|  0%| F|  |TAMS 0x00000000b2300000, 0x00000000b2300000| Untracked 
| 804|0x00000000b2400000, 0x00000000b2400000, 0x00000000b2500000|  0%| F|  |TAMS 0x00000000b2400000, 0x00000000b2400000| Untracked 
| 805|0x00000000b2500000, 0x00000000b2500000, 0x00000000b2600000|  0%| F|  |TAMS 0x00000000b2500000, 0x00000000b2500000| Untracked 
| 806|0x00000000b2600000, 0x00000000b2600000, 0x00000000b2700000|  0%| F|  |TAMS 0x00000000b2600000, 0x00000000b2600000| Untracked 
| 807|0x00000000b2700000, 0x00000000b2700000, 0x00000000b2800000|  0%| F|  |TAMS 0x00000000b2700000, 0x00000000b2700000| Untracked 
| 808|0x00000000b2800000, 0x00000000b2800000, 0x00000000b2900000|  0%| F|  |TAMS 0x00000000b2800000, 0x00000000b2800000| Untracked 
| 809|0x00000000b2900000, 0x00000000b2900000, 0x00000000b2a00000|  0%| F|  |TAMS 0x00000000b2900000, 0x00000000b2900000| Untracked 
| 810|0x00000000b2a00000, 0x00000000b2a00000, 0x00000000b2b00000|  0%| F|  |TAMS 0x00000000b2a00000, 0x00000000b2a00000| Untracked 
| 811|0x00000000b2b00000, 0x00000000b2b00000, 0x00000000b2c00000|  0%| F|  |TAMS 0x00000000b2b00000, 0x00000000b2b00000| Untracked 
| 812|0x00000000b2c00000, 0x00000000b2c00000, 0x00000000b2d00000|  0%| F|  |TAMS 0x00000000b2c00000, 0x00000000b2c00000| Untracked 
| 813|0x00000000b2d00000, 0x00000000b2d00000, 0x00000000b2e00000|  0%| F|  |TAMS 0x00000000b2d00000, 0x00000000b2d00000| Untracked 
| 814|0x00000000b2e00000, 0x00000000b2e00000, 0x00000000b2f00000|  0%| F|  |TAMS 0x00000000b2e00000, 0x00000000b2e00000| Untracked 
| 815|0x00000000b2f00000, 0x00000000b2f00000, 0x00000000b3000000|  0%| F|  |TAMS 0x00000000b2f00000, 0x00000000b2f00000| Untracked 
| 816|0x00000000b3000000, 0x00000000b3000000, 0x00000000b3100000|  0%| F|  |TAMS 0x00000000b3000000, 0x00000000b3000000| Untracked 
| 817|0x00000000b3100000, 0x00000000b3100000, 0x00000000b3200000|  0%| F|  |TAMS 0x00000000b3100000, 0x00000000b3100000| Untracked 
| 818|0x00000000b3200000, 0x00000000b3200000, 0x00000000b3300000|  0%| F|  |TAMS 0x00000000b3200000, 0x00000000b3200000| Untracked 
| 819|0x00000000b3300000, 0x00000000b3300000, 0x00000000b3400000|  0%| F|  |TAMS 0x00000000b3300000, 0x00000000b3300000| Untracked 
| 820|0x00000000b3400000, 0x00000000b3400000, 0x00000000b3500000|  0%| F|  |TAMS 0x00000000b3400000, 0x00000000b3400000| Untracked 
| 821|0x00000000b3500000, 0x00000000b3500000, 0x00000000b3600000|  0%| F|  |TAMS 0x00000000b3500000, 0x00000000b3500000| Untracked 
| 822|0x00000000b3600000, 0x00000000b3600000, 0x00000000b3700000|  0%| F|  |TAMS 0x00000000b3600000, 0x00000000b3600000| Untracked 
| 823|0x00000000b3700000, 0x00000000b3700000, 0x00000000b3800000|  0%| F|  |TAMS 0x00000000b3700000, 0x00000000b3700000| Untracked 
| 824|0x00000000b3800000, 0x00000000b3800000, 0x00000000b3900000|  0%| F|  |TAMS 0x00000000b3800000, 0x00000000b3800000| Untracked 
| 825|0x00000000b3900000, 0x00000000b3900000, 0x00000000b3a00000|  0%| F|  |TAMS 0x00000000b3900000, 0x00000000b3900000| Untracked 
| 826|0x00000000b3a00000, 0x00000000b3a00000, 0x00000000b3b00000|  0%| F|  |TAMS 0x00000000b3a00000, 0x00000000b3a00000| Untracked 
| 827|0x00000000b3b00000, 0x00000000b3b00000, 0x00000000b3c00000|  0%| F|  |TAMS 0x00000000b3b00000, 0x00000000b3b00000| Untracked 
| 828|0x00000000b3c00000, 0x00000000b3c00000, 0x00000000b3d00000|  0%| F|  |TAMS 0x00000000b3c00000, 0x00000000b3c00000| Untracked 

Card table byte_map: [0x0000028e7cb20000,0x0000028e7cf20000] _byte_map_base: 0x0000028e7c720000

Marking Bits (Prev, Next): (CMBitMap*) 0x0000028e77060840, (CMBitMap*) 0x0000028e77060800
 Prev Bits: [0x0000028e0f000000, 0x0000028e11000000)
 Next Bits: [0x0000028e7d320000, 0x0000028e7f320000)

Polling page: 0x0000028e76da0000

Metaspace:

Usage:
  Non-class:    107.46 MB used.
      Class:     17.24 MB used.
       Both:    124.71 MB used.

Virtual space:
  Non-class space:      112.00 MB reserved,     107.88 MB ( 96%) committed,  14 nodes.
      Class space:        1.00 GB reserved,      17.62 MB (  2%) committed,  1 nodes.
             Both:        1.11 GB reserved,     125.50 MB ( 11%) committed. 

Chunk freelists:
   Non-Class:  3.89 MB
       Class:  2.41 MB
        Both:  6.30 MB

MaxMetaspaceSize: unlimited
CompressedClassSpaceSize: 1.00 GB
Initial GC threshold: 21.00 MB
Current GC threshold: 197.44 MB
CDS: off
MetaspaceReclaimPolicy: balanced
 - commit_granule_bytes: 65536.
 - commit_granule_words: 8192.
 - virtual_space_node_default_size: 1048576.
 - enlarge_chunks_in_place: 1.
 - new_chunks_are_fully_committed: 0.
 - uncommit_free_chunks: 1.
 - use_allocation_guard: 0.
 - handle_deallocations: 1.


Internal statistics:

num_allocs_failed_limit: 9.
num_arena_births: 1264.
num_arena_deaths: 86.
num_vsnodes_births: 15.
num_vsnodes_deaths: 0.
num_space_committed: 2007.
num_space_uncommitted: 0.
num_chunks_returned_to_freelist: 132.
num_chunks_taken_from_freelist: 6001.
num_chunk_merges: 59.
num_chunk_splits: 4026.
num_chunks_enlarged: 2798.
num_purges: 6.
num_inconsistent_stats: 0.

CodeHeap 'non-profiled nmethods': size=120000Kb used=12436Kb max_used=12436Kb free=107563Kb
 bounds [0x0000028e07ad0000, 0x0000028e08700000, 0x0000028e0f000000]
CodeHeap 'profiled nmethods': size=120000Kb used=32996Kb max_used=33700Kb free=87003Kb
 bounds [0x0000028e00000000, 0x0000028e020f0000, 0x0000028e07530000]
CodeHeap 'non-nmethods': size=5760Kb used=2498Kb max_used=2525Kb free=3261Kb
 bounds [0x0000028e07530000, 0x0000028e077c0000, 0x0000028e07ad0000]
 total_blobs=17909 nmethods=16915 adapters=901
 compilation: enabled
              stopped_count=0, restarted_count=0
 full_count=0

Compilation events (20 events):
Event: 73.644 Thread 0x0000028e168e5040 nmethod 19355 0x0000028e086f3510 code [0x0000028e086f3680, 0x0000028e086f3718]
Event: 73.644 Thread 0x0000028e168e5040 14942       4       com.android.tools.r8.internal.Sd::H (2 bytes)
Event: 73.645 Thread 0x0000028e168e5040 nmethod 14942 0x0000028e086f3810 code [0x0000028e086f3980, 0x0000028e086f39f8]
Event: 73.645 Thread 0x0000028e168e5040 17429       4       com.android.tools.r8.internal.K::next (8 bytes)
Event: 73.648 Thread 0x0000028e168e5040 nmethod 17429 0x0000028e086f3b10 code [0x0000028e086f3ca0, 0x0000028e086f3db8]
Event: 73.648 Thread 0x0000028e168e5040 19542       4       com.android.tools.r8.dex.code.U1::N (4 bytes)
Event: 73.649 Thread 0x0000028e168e5040 nmethod 19542 0x0000028e086f3e90 code [0x0000028e086f4000, 0x0000028e086f4078]
Event: 73.649 Thread 0x0000028e168e5040 21204       4       java.lang.Long::numberOfLeadingZeros (26 bytes)
Event: 73.650 Thread 0x0000028e168e5040 nmethod 21204 0x0000028e086f4190 code [0x0000028e086f4300, 0x0000028e086f4378]
Event: 73.650 Thread 0x0000028e168e5040 17515       4       com.android.tools.r8.internal.lp::b (26 bytes)
Event: 73.654 Thread 0x0000028e13cbefe0 21456       2       com.android.tools.r8.dex.code.h::a (1 bytes)
Event: 73.655 Thread 0x0000028e13cbefe0 nmethod 21456 0x0000028e01871610 code [0x0000028e018717a0, 0x0000028e01871898]
Event: 73.658 Thread 0x0000028e168e5040 nmethod 17515 0x0000028e086f4490 code [0x0000028e086f4620, 0x0000028e086f48d8]
Event: 73.658 Thread 0x0000028e168e5040 21454       4       java.io.ObjectOutputStream$BlockDataOutputStream::writeByte (33 bytes)
Event: 73.660 Thread 0x0000028e168e5040 nmethod 21454 0x0000028e086f4a10 code [0x0000028e086f4b80, 0x0000028e086f4c58]
Event: 73.661 Thread 0x0000028e168e5040 14947       4       com.android.tools.r8.internal.M8::d (8 bytes)
Event: 73.667 Thread 0x0000028e168e5040 nmethod 14947 0x0000028e086f4d10 code [0x0000028e086f4e80, 0x0000028e086f4f18]
Event: 73.667 Thread 0x0000028e168e5040 19393       4       com.android.tools.r8.ir.regalloc.b::i (10 bytes)
Event: 73.669 Thread 0x0000028e168e5040 nmethod 19393 0x0000028e086f5010 code [0x0000028e086f5180, 0x0000028e086f5218]
Event: 73.669 Thread 0x0000028e168e5040 19470       4       com.android.tools.r8.internal.t6::hashCode (21 bytes)

GC Heap History (20 events):
Event: 64.881 GC heap after
{Heap after GC invocations=77 (full 0):
 garbage-first heap   total 848896K, used 358351K [0x0000000080000000, 0x0000000100000000)
  region size 1024K, 19 young (19456K), 19 survivors (19456K)
 Metaspace       used 119077K, committed 119808K, reserved 1155072K
  class space    used 16567K, committed 16896K, reserved 1048576K
}
Event: 65.726 GC heap before
{Heap before GC invocations=77 (full 0):
 garbage-first heap   total 848896K, used 744399K [0x0000000080000000, 0x0000000100000000)
  region size 1024K, 396 young (405504K), 19 survivors (19456K)
 Metaspace       used 119088K, committed 119808K, reserved 1155072K
  class space    used 16567K, committed 16896K, reserved 1048576K
}
Event: 65.752 GC heap after
{Heap after GC invocations=78 (full 0):
 garbage-first heap   total 848896K, used 359457K [0x0000000080000000, 0x0000000100000000)
  region size 1024K, 19 young (19456K), 19 survivors (19456K)
 Metaspace       used 119088K, committed 119808K, reserved 1155072K
  class space    used 16567K, committed 16896K, reserved 1048576K
}
Event: 67.814 GC heap before
{Heap before GC invocations=78 (full 0):
 garbage-first heap   total 848896K, used 755745K [0x0000000080000000, 0x0000000100000000)
  region size 1024K, 394 young (403456K), 19 survivors (19456K)
 Metaspace       used 119101K, committed 119872K, reserved 1155072K
  class space    used 16567K, committed 16896K, reserved 1048576K
}
Event: 67.840 GC heap after
{Heap after GC invocations=79 (full 0):
 garbage-first heap   total 848896K, used 357314K [0x0000000080000000, 0x0000000100000000)
  region size 1024K, 17 young (17408K), 17 survivors (17408K)
 Metaspace       used 119101K, committed 119872K, reserved 1155072K
  class space    used 16567K, committed 16896K, reserved 1048576K
}
Event: 69.971 GC heap before
{Heap before GC invocations=79 (full 0):
 garbage-first heap   total 848896K, used 580546K [0x0000000080000000, 0x0000000100000000)
  region size 1024K, 207 young (211968K), 17 survivors (17408K)
 Metaspace       used 120156K, committed 120960K, reserved 1155072K
  class space    used 16723K, committed 17088K, reserved 1048576K
}
Event: 70.000 GC heap after
{Heap after GC invocations=80 (full 0):
 garbage-first heap   total 848896K, used 382999K [0x0000000080000000, 0x0000000100000000)
  region size 1024K, 20 young (20480K), 20 survivors (20480K)
 Metaspace       used 120156K, committed 120960K, reserved 1155072K
  class space    used 16723K, committed 17088K, reserved 1048576K
}
Event: 70.045 GC heap before
{Heap before GC invocations=80 (full 0):
 garbage-first heap   total 848896K, used 427031K [0x0000000080000000, 0x0000000100000000)
  region size 1024K, 31 young (31744K), 20 survivors (20480K)
 Metaspace       used 120274K, committed 121024K, reserved 1155072K
  class space    used 16734K, committed 17088K, reserved 1048576K
}
Event: 70.071 GC heap after
{Heap after GC invocations=81 (full 0):
 garbage-first heap   total 848896K, used 401330K [0x0000000080000000, 0x0000000100000000)
  region size 1024K, 23 young (23552K), 23 survivors (23552K)
 Metaspace       used 120274K, committed 121024K, reserved 1155072K
  class space    used 16734K, committed 17088K, reserved 1048576K
}
Event: 70.079 GC heap before
{Heap before GC invocations=81 (full 0):
 garbage-first heap   total 848896K, used 414642K [0x0000000080000000, 0x0000000100000000)
  region size 1024K, 26 young (26624K), 23 survivors (23552K)
 Metaspace       used 120281K, committed 121088K, reserved 1155072K
  class space    used 16735K, committed 17088K, reserved 1048576K
}
Event: 70.105 GC heap after
{Heap after GC invocations=82 (full 0):
 garbage-first heap   total 848896K, used 404583K [0x0000000080000000, 0x0000000100000000)
  region size 1024K, 23 young (23552K), 23 survivors (23552K)
 Metaspace       used 120281K, committed 121088K, reserved 1155072K
  class space    used 16735K, committed 17088K, reserved 1048576K
}
Event: 70.107 GC heap before
{Heap before GC invocations=82 (full 0):
 garbage-first heap   total 848896K, used 407655K [0x0000000080000000, 0x0000000100000000)
  region size 1024K, 24 young (24576K), 23 survivors (23552K)
 Metaspace       used 120281K, committed 121088K, reserved 1155072K
  class space    used 16735K, committed 17088K, reserved 1048576K
}
Event: 70.130 GC heap after
{Heap after GC invocations=83 (full 0):
 garbage-first heap   total 848896K, used 408451K [0x0000000080000000, 0x0000000100000000)
  region size 1024K, 21 young (21504K), 21 survivors (21504K)
 Metaspace       used 120281K, committed 121088K, reserved 1155072K
  class space    used 16735K, committed 17088K, reserved 1048576K
}
Event: 72.475 GC heap before
{Heap before GC invocations=84 (full 0):
 garbage-first heap   total 848896K, used 699267K [0x0000000080000000, 0x0000000100000000)
  region size 1024K, 299 young (306176K), 21 survivors (21504K)
 Metaspace       used 127412K, committed 128128K, reserved 1163264K
  class space    used 17643K, committed 17984K, reserved 1048576K
}
Event: 72.570 GC heap after
{Heap after GC invocations=85 (full 0):
 garbage-first heap   total 848896K, used 474459K [0x0000000080000000, 0x0000000100000000)
  region size 1024K, 38 young (38912K), 38 survivors (38912K)
 Metaspace       used 127412K, committed 128128K, reserved 1163264K
  class space    used 17643K, committed 17984K, reserved 1048576K
}
Event: 72.640 GC heap before
{Heap before GC invocations=85 (full 0):
 garbage-first heap   total 848896K, used 477531K [0x0000000080000000, 0x0000000100000000)
  region size 1024K, 41 young (41984K), 38 survivors (38912K)
 Metaspace       used 127423K, committed 128256K, reserved 1163264K
  class space    used 17646K, committed 18048K, reserved 1048576K
}
Event: 72.709 GC heap after
{Heap after GC invocations=86 (full 0):
 garbage-first heap   total 848896K, used 400064K [0x0000000080000000, 0x0000000100000000)
  region size 1024K, 5 young (5120K), 5 survivors (5120K)
 Metaspace       used 127423K, committed 128256K, reserved 1163264K
  class space    used 17646K, committed 18048K, reserved 1048576K
}
Event: 72.999 GC heap before
{Heap before GC invocations=86 (full 0):
 garbage-first heap   total 848896K, used 435904K [0x0000000080000000, 0x0000000100000000)
  region size 1024K, 41 young (41984K), 5 survivors (5120K)
 Metaspace       used 127436K, committed 128256K, reserved 1163264K
  class space    used 17646K, committed 18048K, reserved 1048576K
}
Event: 73.030 GC heap after
{Heap after GC invocations=87 (full 0):
 garbage-first heap   total 848896K, used 340608K [0x0000000080000000, 0x0000000100000000)
  region size 1024K, 6 young (6144K), 6 survivors (6144K)
 Metaspace       used 127436K, committed 128256K, reserved 1163264K
  class space    used 17646K, committed 18048K, reserved 1048576K
}
Event: 73.695 GC heap before
{Heap before GC invocations=87 (full 0):
 garbage-first heap   total 848896K, used 388736K [0x0000000080000000, 0x0000000100000000)
  region size 1024K, 55 young (56320K), 6 survivors (6144K)
 Metaspace       used 127702K, committed 128512K, reserved 1163264K
  class space    used 17658K, committed 18048K, reserved 1048576K
}

Dll operation events (2 events):
Event: 0.032 Loaded shared library C:\Program Files\Android\Android Studio\jbr\bin\java.dll
Event: 0.925 Loaded shared library C:\Program Files\Android\Android Studio\jbr\bin\verify.dll

Deoptimization events (20 events):
Event: 73.512 Thread 0x0000028e1c65b220 Uncommon trap: trap_request=0xffffffc6 fr.pc=0x0000028e084a0e9c relative=0x000000000000005c
Event: 73.512 Thread 0x0000028e1c65b220 Uncommon trap: reason=bimorphic_or_optimized_type_check action=maybe_recompile pc=0x0000028e084a0e9c method=org.gradle.internal.logging.sink.OutputEventRenderer.onOutput(Lorg/gradle/internal/logging/events/OutputEvent;)V @ 1 c2
Event: 73.512 Thread 0x0000028e1c65b220 DEOPT PACKING pc=0x0000028e084a0e9c sp=0x000000eb63ff74d0
Event: 73.512 Thread 0x0000028e1c65b220 DEOPT UNPACKING pc=0x0000028e075869a3 sp=0x000000eb63ff7478 mode 2
Event: 73.512 Thread 0x0000028e1c65b220 Uncommon trap: trap_request=0xffffffc6 fr.pc=0x0000028e084a0e9c relative=0x000000000000005c
Event: 73.512 Thread 0x0000028e1c65b220 Uncommon trap: reason=bimorphic_or_optimized_type_check action=maybe_recompile pc=0x0000028e084a0e9c method=org.gradle.internal.logging.sink.OutputEventRenderer.onOutput(Lorg/gradle/internal/logging/events/OutputEvent;)V @ 1 c2
Event: 73.512 Thread 0x0000028e1c65b220 DEOPT PACKING pc=0x0000028e084a0e9c sp=0x000000eb63ff74d0
Event: 73.512 Thread 0x0000028e1c65b220 DEOPT UNPACKING pc=0x0000028e075869a3 sp=0x000000eb63ff7478 mode 2
Event: 73.513 Thread 0x0000028e1c65b220 Uncommon trap: trap_request=0xffffffc6 fr.pc=0x0000028e084a0e9c relative=0x000000000000005c
Event: 73.513 Thread 0x0000028e1c65b220 Uncommon trap: reason=bimorphic_or_optimized_type_check action=maybe_recompile pc=0x0000028e084a0e9c method=org.gradle.internal.logging.sink.OutputEventRenderer.onOutput(Lorg/gradle/internal/logging/events/OutputEvent;)V @ 1 c2
Event: 73.513 Thread 0x0000028e1c65b220 DEOPT PACKING pc=0x0000028e084a0e9c sp=0x000000eb63ff74d0
Event: 73.513 Thread 0x0000028e1c65b220 DEOPT UNPACKING pc=0x0000028e075869a3 sp=0x000000eb63ff7478 mode 2
Event: 73.513 Thread 0x0000028e1c65b220 Uncommon trap: trap_request=0xffffffc6 fr.pc=0x0000028e084a0e9c relative=0x000000000000005c
Event: 73.513 Thread 0x0000028e1c65b220 Uncommon trap: reason=bimorphic_or_optimized_type_check action=maybe_recompile pc=0x0000028e084a0e9c method=org.gradle.internal.logging.sink.OutputEventRenderer.onOutput(Lorg/gradle/internal/logging/events/OutputEvent;)V @ 1 c2
Event: 73.513 Thread 0x0000028e1c65b220 DEOPT PACKING pc=0x0000028e084a0e9c sp=0x000000eb63ff74d0
Event: 73.513 Thread 0x0000028e1c65b220 DEOPT UNPACKING pc=0x0000028e075869a3 sp=0x000000eb63ff7478 mode 2
Event: 73.602 Thread 0x0000028e169fc560 Uncommon trap: trap_request=0xffffff45 fr.pc=0x0000028e07df6b34 relative=0x0000000000000134
Event: 73.602 Thread 0x0000028e169fc560 Uncommon trap: reason=unstable_if action=reinterpret pc=0x0000028e07df6b34 method=java.util.concurrent.locks.ReentrantLock$NonfairSync.tryAcquire(I)Z @ 13 c2
Event: 73.602 Thread 0x0000028e169fc560 DEOPT PACKING pc=0x0000028e07df6b34 sp=0x000000eb59aff4c0
Event: 73.602 Thread 0x0000028e169fc560 DEOPT UNPACKING pc=0x0000028e075869a3 sp=0x000000eb59aff470 mode 2

Classes unloaded (20 events):
Event: 42.362 Thread 0x0000028e13c43ee0 Unloading class 0x0000000100eb5000 'java/lang/invoke/LambdaForm$DMH+0x0000000100eb5000'
Event: 42.362 Thread 0x0000028e13c43ee0 Unloading class 0x0000000100eb4c00 'java/lang/invoke/LambdaForm$DMH+0x0000000100eb4c00'
Event: 42.362 Thread 0x0000028e13c43ee0 Unloading class 0x0000000100e49c00 'java/lang/invoke/LambdaForm$DMH+0x0000000100e49c00'
Event: 42.363 Thread 0x0000028e13c43ee0 Unloading class 0x0000000100e49800 'java/lang/invoke/LambdaForm$DMH+0x0000000100e49800'
Event: 42.363 Thread 0x0000028e13c43ee0 Unloading class 0x0000000100e49400 'java/lang/invoke/LambdaForm$DMH+0x0000000100e49400'
Event: 42.363 Thread 0x0000028e13c43ee0 Unloading class 0x0000000100e48c00 'java/lang/invoke/LambdaForm$DMH+0x0000000100e48c00'
Event: 42.363 Thread 0x0000028e13c43ee0 Unloading class 0x0000000100e48800 'java/lang/invoke/LambdaForm$DMH+0x0000000100e48800'
Event: 42.363 Thread 0x0000028e13c43ee0 Unloading class 0x0000000100e48000 'java/lang/invoke/LambdaForm$DMH+0x0000000100e48000'
Event: 42.363 Thread 0x0000028e13c43ee0 Unloading class 0x0000000100dfd400 'java/lang/invoke/LambdaForm$DMH+0x0000000100dfd400'
Event: 42.363 Thread 0x0000028e13c43ee0 Unloading class 0x0000000100dfd000 'java/lang/invoke/LambdaForm$DMH+0x0000000100dfd000'
Event: 42.363 Thread 0x0000028e13c43ee0 Unloading class 0x0000000100dfcc00 'java/lang/invoke/LambdaForm$DMH+0x0000000100dfcc00'
Event: 42.363 Thread 0x0000028e13c43ee0 Unloading class 0x0000000100dfc800 'java/lang/invoke/LambdaForm$DMH+0x0000000100dfc800'
Event: 42.363 Thread 0x0000028e13c43ee0 Unloading class 0x0000000100dfc400 'java/lang/invoke/LambdaForm$DMH+0x0000000100dfc400'
Event: 70.357 Thread 0x0000028e13c43ee0 Unloading class 0x0000000100f9d000 'java/lang/invoke/LambdaForm$DMH+0x0000000100f9d000'
Event: 70.357 Thread 0x0000028e13c43ee0 Unloading class 0x0000000100f9cc00 'java/lang/invoke/LambdaForm$DMH+0x0000000100f9cc00'
Event: 70.357 Thread 0x0000028e13c43ee0 Unloading class 0x0000000100f9c800 'java/lang/invoke/LambdaForm$DMH+0x0000000100f9c800'
Event: 70.357 Thread 0x0000028e13c43ee0 Unloading class 0x0000000100f9c000 'java/lang/invoke/LambdaForm$DMH+0x0000000100f9c000'
Event: 70.357 Thread 0x0000028e13c43ee0 Unloading class 0x0000000100f94800 'java/lang/invoke/LambdaForm$DMH+0x0000000100f94800'
Event: 70.357 Thread 0x0000028e13c43ee0 Unloading class 0x0000000100f94400 'java/lang/invoke/LambdaForm$DMH+0x0000000100f94400'
Event: 70.357 Thread 0x0000028e13c43ee0 Unloading class 0x0000000100f70400 'java/lang/invoke/LambdaForm$DMH+0x0000000100f70400'

Classes redefined (0 events):
No events

Internal exceptions (20 events):
Event: 70.338 Thread 0x0000028e1c65b220 Exception <a 'sun/nio/fs/WindowsException'{0x00000000b1b95848}> (0x00000000b1b95848) 
thrown [s\src\hotspot\share\prims\jni.cpp, line 517]
Event: 70.343 Thread 0x0000028e1c65b220 Exception <a 'sun/nio/fs/WindowsException'{0x00000000b1b97bc8}> (0x00000000b1b97bc8) 
thrown [s\src\hotspot\share\prims\jni.cpp, line 517]
Event: 70.344 Thread 0x0000028e1c65b220 Exception <a 'sun/nio/fs/WindowsException'{0x00000000b1a72cb8}> (0x00000000b1a72cb8) 
thrown [s\src\hotspot\share\prims\jni.cpp, line 517]
Event: 70.346 Thread 0x0000028e1c65b220 Exception <a 'sun/nio/fs/WindowsException'{0x00000000b1a75178}> (0x00000000b1a75178) 
thrown [s\src\hotspot\share\prims\jni.cpp, line 517]
Event: 70.347 Thread 0x0000028e1c65b220 Exception <a 'sun/nio/fs/WindowsException'{0x00000000b1a77a68}> (0x00000000b1a77a68) 
thrown [s\src\hotspot\share\prims\jni.cpp, line 517]
Event: 70.429 Thread 0x0000028e1c65b220 Exception <a 'java/lang/NoSuchMethodError'{0x00000000b192a990}: static Lcom/android/build/gradle/internal/scope/InternalArtifactType;.<clinit>()V> (0x00000000b192a990) 
thrown [s\src\hotspot\share\prims\jni.cpp, line 1108]
Event: 70.429 Thread 0x0000028e1c65b220 Exception <a 'java/lang/NoSuchMethodError'{0x00000000b192c0d0}: static Lcom/android/build/gradle/internal/scope/InternalArtifactType;.<clinit>()V> (0x00000000b192c0d0) 
thrown [s\src\hotspot\share\prims\jni.cpp, line 1108]
Event: 70.429 Thread 0x0000028e1c65b220 Exception <a 'java/lang/NoSuchMethodError'{0x00000000b192f4c8}: static Lcom/android/build/api/artifact/Artifact$Single;.<clinit>()V> (0x00000000b192f4c8) 
thrown [s\src\hotspot\share\prims\jni.cpp, line 1108]
Event: 70.429 Thread 0x0000028e1c65b220 Exception <a 'java/lang/NoSuchMethodError'{0x00000000b1931a58}: static Ljava/lang/Object;.<clinit>()V> (0x00000000b1931a58) 
thrown [s\src\hotspot\share\prims\jni.cpp, line 1108]
Event: 70.431 Thread 0x0000028e1c65b220 Exception <a 'java/lang/NoSuchMethodError'{0x00000000b19b8550}: static Lcom/android/build/api/artifact/ArtifactKind;.<clinit>()V> (0x00000000b19b8550) 
thrown [s\src\hotspot\share\prims\jni.cpp, line 1108]
Event: 70.431 Thread 0x0000028e1c65b220 Exception <a 'java/lang/NoSuchMethodError'{0x00000000b19b9710}: static Lcom/android/build/api/artifact/ArtifactKind;.<clinit>()V> (0x00000000b19b9710) 
thrown [s\src\hotspot\share\prims\jni.cpp, line 1108]
Event: 70.478 Thread 0x0000028e1c65b220 Implicit null exception at 0x0000028e07f700f2 to 0x0000028e07f707e4
Event: 70.521 Thread 0x0000028e169fc560 Exception <a 'java/lang/NoSuchMethodError'{0x00000000b102fa48}: static Lorg/gradle/internal/build/event/types/DefaultFileDownloadDescriptor;.<clinit>()V> (0x00000000b102fa48) 
thrown [s\src\hotspot\share\prims\jni.cpp, line 1108]
Event: 70.621 Thread 0x0000028e1c65b220 Exception <a 'sun/nio/fs/WindowsException'{0x00000000b0bf03d8}> (0x00000000b0bf03d8) 
thrown [s\src\hotspot\share\prims\jni.cpp, line 517]
Event: 71.170 Thread 0x0000028e1a4eb6c0 Exception <a 'java/lang/NoSuchMethodError'{0x00000000ad2c1860}: 'long java.lang.invoke.DirectMethodHandle$Holder.invokeStatic(java.lang.Object, java.lang.Object, java.lang.Object)'> (0x00000000ad2c1860) 
thrown [s\src\hotspot\share\interpreter\linkResolver.cpp, line 771]
Event: 71.171 Thread 0x0000028e220c1de0 Exception <a 'java/lang/NoSuchMethodError'{0x00000000ad1c2220}: 'long java.lang.invoke.DirectMethodHandle$Holder.invokeStatic(java.lang.Object, java.lang.Object, java.lang.Object)'> (0x00000000ad1c2220) 
thrown [s\src\hotspot\share\interpreter\linkResolver.cpp, line 771]
Event: 72.283 Thread 0x0000028e169fc560 Exception <a 'java/lang/NoSuchMethodError'{0x00000000a21846a8}: static Lorg/gradle/internal/build/event/types/DefaultStatusEvent;.<clinit>()V> (0x00000000a21846a8) 
thrown [s\src\hotspot\share\prims\jni.cpp, line 1108]
Event: 72.299 Thread 0x0000028e169fc560 Exception <a 'java/lang/NoSuchMethodError'{0x00000000a20ac220}: static Lorg/gradle/internal/build/event/types/DefaultFileDownloadSuccessResult;.<clinit>()V> (0x00000000a20ac220) 
thrown [s\src\hotspot\share\prims\jni.cpp, line 1108]
Event: 72.299 Thread 0x0000028e169fc560 Exception <a 'java/lang/NoSuchMethodError'{0x00000000a20ad268}: static Lorg/gradle/internal/build/event/types/DefaultSuccessResult;.<clinit>()V> (0x00000000a20ad268) 
thrown [s\src\hotspot\share\prims\jni.cpp, line 1108]
Event: 73.307 Thread 0x0000028e169fc560 Implicit null exception at 0x0000028e07dbc77e to 0x0000028e07dbc940

VM Operations (20 events):
Event: 71.786 Executing VM operation: HandshakeAllThreads done
Event: 71.786 Executing VM operation: Cleanup
Event: 71.786 Executing VM operation: Cleanup done
Event: 72.040 Executing VM operation: HandshakeAllThreads
Event: 72.041 Executing VM operation: HandshakeAllThreads done
Event: 72.161 Executing VM operation: HandshakeAllThreads
Event: 72.162 Executing VM operation: HandshakeAllThreads done
Event: 72.365 Executing VM operation: HandshakeAllThreads
Event: 72.366 Executing VM operation: HandshakeAllThreads done
Event: 72.474 Executing VM operation: G1CollectForAllocation
Event: 72.571 Executing VM operation: G1CollectForAllocation done
Event: 72.615 Executing VM operation: HandshakeAllThreads
Event: 72.616 Executing VM operation: HandshakeAllThreads done
Event: 72.619 Executing VM operation: HandshakeAllThreads
Event: 72.619 Executing VM operation: HandshakeAllThreads done
Event: 72.640 Executing VM operation: G1CollectForAllocation
Event: 72.709 Executing VM operation: G1CollectForAllocation done
Event: 72.999 Executing VM operation: G1CollectForAllocation
Event: 73.030 Executing VM operation: G1CollectForAllocation done
Event: 73.695 Executing VM operation: G1TryInitiateConcMark

Events (20 events):
Event: 72.414 loading class com/sun/org/apache/xerces/internal/dom/NamedNodeMapImpl
Event: 72.415 loading class com/sun/org/apache/xerces/internal/dom/NamedNodeMapImpl done
Event: 72.415 loading class com/sun/org/apache/xerces/internal/dom/DeferredEntityImpl
Event: 72.415 loading class com/sun/org/apache/xerces/internal/dom/EntityImpl
Event: 72.416 loading class com/sun/org/apache/xerces/internal/dom/EntityImpl done
Event: 72.416 loading class com/sun/org/apache/xerces/internal/dom/DeferredEntityImpl done
Event: 72.418 loading class com/sun/org/apache/xerces/internal/dom/AttributeMap
Event: 72.419 loading class com/sun/org/apache/xerces/internal/dom/AttributeMap done
Event: 72.419 loading class com/sun/org/apache/xerces/internal/dom/DeferredAttrImpl
Event: 72.420 loading class com/sun/org/apache/xerces/internal/dom/AttrImpl
Event: 72.420 loading class com/sun/org/apache/xerces/internal/dom/AttrImpl done
Event: 72.420 loading class com/sun/org/apache/xerces/internal/dom/DeferredAttrImpl done
Event: 72.422 loading class com/sun/org/apache/xerces/internal/dom/DeferredTextImpl
Event: 72.423 loading class com/sun/org/apache/xerces/internal/dom/TextImpl
Event: 72.423 loading class com/sun/org/apache/xerces/internal/dom/CharacterDataImpl
Event: 72.423 loading class com/sun/org/apache/xerces/internal/dom/CharacterDataImpl done
Event: 72.423 loading class com/sun/org/apache/xerces/internal/dom/TextImpl done
Event: 72.423 loading class com/sun/org/apache/xerces/internal/dom/DeferredTextImpl done
Event: 72.425 loading class com/sun/org/apache/xerces/internal/dom/CharacterDataImpl$1
Event: 72.426 loading class com/sun/org/apache/xerces/internal/dom/CharacterDataImpl$1 done


Dynamic libraries:
0x00007ff7225a0000 - 0x00007ff7225aa000 	C:\Program Files\Android\Android Studio\jbr\bin\java.exe
0x00007ff96f020000 - 0x00007ff96f287000 	C:\WINDOWS\SYSTEM32\ntdll.dll
0x00007ff96d5f0000 - 0x00007ff96d6b9000 	C:\WINDOWS\System32\KERNEL32.DLL
0x00007ff96bb10000 - 0x00007ff96bf04000 	C:\WINDOWS\System32\KERNELBASE.dll
0x00007ff96bfa0000 - 0x00007ff96c0eb000 	C:\WINDOWS\System32\ucrtbase.dll
0x00007ff94e920000 - 0x00007ff94e937000 	C:\Program Files\Android\Android Studio\jbr\bin\jli.dll
0x00007ff96ebe0000 - 0x00007ff96eda5000 	C:\WINDOWS\System32\USER32.dll
0x00007ff94bea0000 - 0x00007ff94bebb000 	C:\Program Files\Android\Android Studio\jbr\bin\VCRUNTIME140.dll
0x00007ff96cd80000 - 0x00007ff96cda7000 	C:\WINDOWS\System32\win32u.dll
0x00007ff96de30000 - 0x00007ff96de5b000 	C:\WINDOWS\System32\GDI32.dll
0x00007ff96c1a0000 - 0x00007ff96c2cb000 	C:\WINDOWS\System32\gdi32full.dll
0x00007ff94dc60000 - 0x00007ff94def3000 	C:\WINDOWS\WinSxS\amd64_microsoft.windows.common-controls_6595b64144ccf1df_6.0.26100.8115_none_3e075c82e3354f9c\COMCTL32.dll
0x00007ff96ba60000 - 0x00007ff96bb03000 	C:\WINDOWS\System32\msvcp_win.dll
0x00007ff96ce20000 - 0x00007ff96cec9000 	C:\WINDOWS\System32\msvcrt.dll
0x00007ff96ced0000 - 0x00007ff96cf02000 	C:\WINDOWS\System32\IMM32.DLL
0x00007ff95bf60000 - 0x00007ff95bf6c000 	C:\Program Files\Android\Android Studio\jbr\bin\vcruntime140_1.dll
0x00007ff928120000 - 0x00007ff9281ad000 	C:\Program Files\Android\Android Studio\jbr\bin\msvcp140.dll
0x00007ff8c7220000 - 0x00007ff8c7e8e000 	C:\Program Files\Android\Android Studio\jbr\bin\server\jvm.dll
0x00007ff96d530000 - 0x00007ff96d5e6000 	C:\WINDOWS\System32\ADVAPI32.dll
0x00007ff96d260000 - 0x00007ff96d307000 	C:\WINDOWS\System32\sechost.dll
0x00007ff96e410000 - 0x00007ff96e528000 	C:\WINDOWS\System32\RPCRT4.dll
0x00007ff969860000 - 0x00007ff969896000 	C:\WINDOWS\SYSTEM32\WINMM.dll
0x00007ff958430000 - 0x00007ff95843b000 	C:\WINDOWS\SYSTEM32\VERSION.dll
0x00007ff9423c0000 - 0x00007ff9423ca000 	C:\WINDOWS\SYSTEM32\WSOCK32.dll
0x00007ff96edb0000 - 0x00007ff96ee30000 	C:\WINDOWS\System32\WS2_32.dll
0x00007ff96a620000 - 0x00007ff96a63b000 	C:\WINDOWS\SYSTEM32\kernel.appcore.dll
0x00007ff965a50000 - 0x00007ff965a5a000 	C:\Program Files\Android\Android Studio\jbr\bin\jimage.dll
0x00007ff969570000 - 0x00007ff9697b2000 	C:\WINDOWS\SYSTEM32\DBGHELP.DLL
0x00007ff96e570000 - 0x00007ff96e8f2000 	C:\WINDOWS\System32\combase.dll
0x00007ff96e330000 - 0x00007ff96e408000 	C:\WINDOWS\System32\OLEAUT32.dll
0x00007ff969820000 - 0x00007ff96985b000 	C:\WINDOWS\SYSTEM32\dbgcore.DLL
0x00007ff96c0f0000 - 0x00007ff96c195000 	C:\WINDOWS\System32\bcryptPrimitives.dll
0x00007ff95bf30000 - 0x00007ff95bf55000 	C:\Program Files\Android\Android Studio\jbr\bin\java.dll
0x00007ff956af0000 - 0x00007ff956b08000 	C:\Program Files\Android\Android Studio\jbr\bin\zip.dll
0x00007ff96d6c0000 - 0x00007ff96de27000 	C:\WINDOWS\System32\SHELL32.dll
0x00007ff96b8f0000 - 0x00007ff96ba5a000 	C:\WINDOWS\System32\wintypes.dll
0x00007ff96c510000 - 0x00007ff96cd78000 	C:\WINDOWS\System32\windows.storage.dll
0x00007ff96cf20000 - 0x00007ff96d018000 	C:\WINDOWS\System32\SHCORE.dll
0x00007ff96cdb0000 - 0x00007ff96ce16000 	C:\WINDOWS\System32\shlwapi.dll
0x00007ff96b810000 - 0x00007ff96b839000 	C:\WINDOWS\SYSTEM32\profapi.dll
0x00007ff94f190000 - 0x00007ff94f1a9000 	C:\Program Files\Android\Android Studio\jbr\bin\net.dll
0x00007ff964870000 - 0x00007ff96499d000 	C:\WINDOWS\SYSTEM32\WINHTTP.dll
0x00007ff96abf0000 - 0x00007ff96ac5c000 	C:\WINDOWS\system32\mswsock.dll
0x00007ff94f0f0000 - 0x00007ff94f106000 	C:\Program Files\Android\Android Studio\jbr\bin\nio.dll
0x00007ff956ae0000 - 0x00007ff956af0000 	C:\Program Files\Android\Android Studio\jbr\bin\verify.dll
0x00007ff94f040000 - 0x00007ff94f067000 	C:\Users\Ashley (etu-arakoto)\.gradle\native\68d5fa5c4cc2d200863cafc0d521ce42e7d3e7ee720ec0a83991735586a16f82\windows-amd64\native-platform.dll
0x00007ff9275c0000 - 0x00007ff927704000 	C:\Users\Ashley (etu-arakoto)\.gradle\native\e376f236ea51e6404a007f0833ffe2c6e607c4080706a723a18a27aeea778392\windows-amd64\native-platform-file-events.dll
0x00007ff956350000 - 0x00007ff956359000 	C:\Program Files\Android\Android Studio\jbr\bin\management.dll
0x00007ff94f180000 - 0x00007ff94f18b000 	C:\Program Files\Android\Android Studio\jbr\bin\management_ext.dll
0x00007ff96e300000 - 0x00007ff96e308000 	C:\WINDOWS\System32\PSAPI.DLL
0x00007ff96aed0000 - 0x00007ff96aeeb000 	C:\WINDOWS\SYSTEM32\CRYPTSP.dll
0x00007ff96a5e0000 - 0x00007ff96a619000 	C:\WINDOWS\system32\rsaenh.dll
0x00007ff96aca0000 - 0x00007ff96acd3000 	C:\WINDOWS\SYSTEM32\USERENV.dll
0x00007ff96b7e0000 - 0x00007ff96b80a000 	C:\WINDOWS\SYSTEM32\bcrypt.dll
0x00007ff96aef0000 - 0x00007ff96aefc000 	C:\WINDOWS\SYSTEM32\CRYPTBASE.dll
0x00007ff96a030000 - 0x00007ff96a062000 	C:\WINDOWS\SYSTEM32\IPHLPAPI.DLL
0x00007ff96e2f0000 - 0x00007ff96e2fa000 	C:\WINDOWS\System32\NSI.dll
0x00007ff965180000 - 0x00007ff96519d000 	C:\WINDOWS\SYSTEM32\dhcpcsvc6.DLL
0x00007ff965150000 - 0x00007ff965175000 	C:\WINDOWS\SYSTEM32\dhcpcsvc.DLL
0x00007ff96a0c0000 - 0x00007ff96a1f2000 	C:\WINDOWS\SYSTEM32\DNSAPI.dll
0x00007ff92ec40000 - 0x00007ff92ec48000 	C:\WINDOWS\system32\wshunix.dll
0x00007ff9431b0000 - 0x00007ff9431c8000 	C:\WINDOWS\system32\napinsp.dll
0x00007ff943010000 - 0x00007ff943023000 	C:\WINDOWS\System32\winrnr.dll
0x00007ff942fe0000 - 0x00007ff943002000 	C:\WINDOWS\system32\nlansp_c.dll
0x00007ff942fc0000 - 0x00007ff942fd6000 	C:\WINDOWS\system32\wshbth.dll
0x00007ff964ba0000 - 0x00007ff964bab000 	C:\Windows\System32\rasadhlp.dll
0x00007ff965be0000 - 0x00007ff965c66000 	C:\WINDOWS\System32\fwpuclnt.dll

dbghelp: loaded successfully - version: 4.0.5 - missing functions: none
symbol engine: initialized successfully - sym options: 0x614 - pdb path: .;C:\Program Files\Android\Android Studio\jbr\bin;C:\WINDOWS\SYSTEM32;C:\WINDOWS\WinSxS\amd64_microsoft.windows.common-controls_6595b64144ccf1df_6.0.26100.8115_none_3e075c82e3354f9c;C:\Program Files\Android\Android Studio\jbr\bin\server;C:\Users\Ashley (etu-arakoto)\.gradle\native\68d5fa5c4cc2d200863cafc0d521ce42e7d3e7ee720ec0a83991735586a16f82\windows-amd64;C:\Users\Ashley (etu-arakoto)\.gradle\native\e376f236ea51e6404a007f0833ffe2c6e607c4080706a723a18a27aeea778392\windows-amd64

VM Arguments:
jvm_args: --add-opens=java.base/java.util=ALL-UNNAMED --add-opens=java.base/java.lang=ALL-UNNAMED --add-opens=java.base/java.lang.invoke=ALL-UNNAMED --add-opens=java.prefs/java.util.prefs=ALL-UNNAMED --add-opens=java.base/java.nio.charset=ALL-UNNAMED --add-opens=java.base/java.net=ALL-UNNAMED --add-opens=java.base/java.util.concurrent.atomic=ALL-UNNAMED -Xmx2048m -Dfile.encoding=UTF-8 -Duser.country=FR -Duser.language=fr -Duser.variant 
java_command: org.gradle.launcher.daemon.bootstrap.GradleDaemon 8.0
java_class_path (initial): C:\Users\Ashley (etu-arakoto)\.gradle\wrapper\dists\gradle-8.0-bin\ca5e32bp14vu59qr306oxotwh\gradle-8.0\lib\gradle-launcher-8.0.jar
Launcher Type: SUN_STANDARD

[Global flags]
     intx CICompilerCount                          = 4                                         {product} {ergonomic}
     uint ConcGCThreads                            = 3                                         {product} {ergonomic}
     uint G1ConcRefinementThreads                  = 10                                        {product} {ergonomic}
   size_t G1HeapRegionSize                         = 1048576                                   {product} {ergonomic}
    uintx GCDrainStackTargetSize                   = 64                                        {product} {ergonomic}
   size_t InitialHeapSize                          = 264241152                                 {product} {ergonomic}
   size_t MarkStackSize                            = 4194304                                   {product} {ergonomic}
   size_t MaxHeapSize                              = 2147483648                                {product} {command line}
   size_t MaxNewSize                               = 1287651328                                {product} {ergonomic}
   size_t MinHeapDeltaBytes                        = 1048576                                   {product} {ergonomic}
   size_t MinHeapSize                              = 8388608                                   {product} {ergonomic}
    uintx NonNMethodCodeHeapSize                   = 5839372                                {pd product} {ergonomic}
    uintx NonProfiledCodeHeapSize                  = 122909434                              {pd product} {ergonomic}
    uintx ProfiledCodeHeapSize                     = 122909434                              {pd product} {ergonomic}
    uintx ReservedCodeCacheSize                    = 251658240                              {pd product} {ergonomic}
     bool SegmentedCodeCache                       = true                                      {product} {ergonomic}
   size_t SoftMaxHeapSize                          = 2147483648                             {manageable} {ergonomic}
     bool UseCompressedClassPointers               = true                           {product lp64_product} {ergonomic}
     bool UseCompressedOops                        = true                           {product lp64_product} {ergonomic}
     bool UseG1GC                                  = true                                      {product} {ergonomic}
     bool UseLargePagesIndividualAllocation        = false                                  {pd product} {ergonomic}

Logging:
Log output configuration:
 #0: stdout all=warning uptime,level,tags
 #1: stderr all=off uptime,level,tags

Environment Variables:
PATH=C:\Program Files\Eclipse Adoptium\jdk-21.0.3.9-hotspot\bin;C:\Python312\Scripts\;C:\Python312\;C:\Program Files (x86)\Common Files\Oracle\Java\javapath;C:\WINDOWS\system32;C:\WINDOWS;C:\WINDOWS\System32\Wbem;C:\WINDOWS\System32\WindowsPowerShell\v1.0\;C:\WINDOWS\System32\OpenSSH\;C:\Program Files\dotnet\;C:\Program Files\Microsoft SQL Server\150\Tools\Binn\;C:\Program Files\Microsoft SQL Server\Client SDK\ODBC\170\Tools\Binn\;C:\Program Files\MongoDB\mongosh-2.0.1-win32-x64\bin;C:\ProgramData\chocolatey\bin;C:\Program Files\k6\;C:\Program Files\Git\cmd;C:\Program Files\PuTTY\;C:\composer;C:\xampp\mysql\bin\mysql.exe;C:\Program Files\Go\bin;C:\Program Files\Docker\Docker\resources\bin;C:\Users\Ashley (etu-arakoto)\AppData\Local\nvm;C:\nvm4w\nodejs;C:\Program Files (x86)\Microsoft SQL Server\160\Tools\Binn\;C:\Program Files\Microsoft SQL Server\160\Tools\Binn\;C:\Program Files\Microsoft SQL Server\160\DTS\Binn\;C:\Ruby33-x64\bin;C:\Users\Ashley (etu-arakoto)\.cargo\bin;C:\Users\Ashley (etu-arakoto)\AppData\Local\Microsoft\WindowsApps;C:\Users\Ashley (etu-arakoto)\AppData\Local\Programs\Microsoft VS Code\bin;C:\Users\Ashley (etu-arakoto)\.dotnet\tools;C:\Program Files\MongoDB\Server\7.0\bin;C:\Users\Ashley (etu-arakoto)\AppData\Roaming\npm;C:\dartsdk-windows-x64-release\dart-sdk\bin;C:\PHP;C:\Users\Ashley (etu-arakoto)\AppData\Roaming\Composer\vendor\bin;C:\composer;C:\xampp\mysql\bin;C:\Program Files (x86)\Java\jre-1.8\bin;C:\Users\Ashley (etu-arakoto)\AppData\Roaming\Programs\Zero Install;C:\Users\Ashley (etu-arakoto)\go\bin;C:\Program Files\Go\bin;C:\apache-maven-3.9.9-bin\apache-maven-3.9.9\bin;C:\spring-3.3.5\bin;C:\kotlinc\bin;C:\gradle-8.12\bin;C:\Program Files\PostgreSQL\16\bin;C:\Users\Ashley (etu-arakoto)\AppData\Local\Microsoft\WindowsApps;C:\Python312\Scripts;C:\sqlite3;C:\stripe_1.29.0_windows_x86_64;C:\flutter_windows_3.13.6-stable\flutter\bin;C:\Users\Ashley (etu-arakoto)\AppData\Local\nvm;C:\nvm4w\nodejs
USERNAME=Ashley (etu-arakoto)
OS=Windows_NT
PROCESSOR_IDENTIFIER=Intel64 Family 6 Model 186 Stepping 3, GenuineIntel
TMP=C:\Users\ASHLEY~1\AppData\Local\Temp
TEMP=C:\Users\ASHLEY~1\AppData\Local\Temp


JNI global refs:
JNI global refs: 29, weak refs: 114

JNI global refs memory usage: 843, weak refs: 4001


---------------  S Y S T E M  ---------------

OS:
 Windows 11 , 64 bit Build 26100 (10.0.26100.8246)
OS uptime: 5 days 19:50 hours
Hyper-V role detected

CPU: total 12 (initial active 12) (6 cores per cpu, 2 threads per core) family 6 model 186 stepping 3 microcode 0x6134, cx8, cmov, fxsr, ht, mmx, 3dnowpref, sse, sse2, sse3, ssse3, sse4.1, sse4.2, popcnt, lzcnt, tsc, tscinvbit, avx, avx2, aes, erms, clmul, bmi1, bmi2, adx, sha, fma, vzeroupper, clflush, clflushopt, clwb, hv

Memory: 4k page, system-wide physical 16068M (1116M free)
TotalPageFile size 65220M (AvailPageFile size 181M)
current process WorkingSet (physical memory assigned to process): 1268M, peak: 1270M
current process commit charge ("private bytes"): 1312M, peak: 1800M

vm_info: OpenJDK 64-Bit Server VM (17.0.6+0-b2043.56-10027231) for windows-amd64 JRE (17.0.6+0-b2043.56-10027231), built on Apr 28 2023 00:43:19 by "androidbuild" with MS VC++ 16.10 / 16.11 (VS2019)

END.
