#
# There is insufficient memory for the Java Runtime Environment to continue.
# Native memory allocation (malloc) failed to allocate 2302272 bytes for Chunk::new
# Possible reasons:
#   The system is out of physical RAM or swap space
#   The process is running with CompressedOops enabled, and the Java Heap may be blocking the growth of the native heap
# Possible solutions:
#   Reduce memory load on the system
#   Increase physical memory or swap space
#   Check if swap backing store is full
#   Decrease Java heap size (-Xmx/-Xms)
#   Decrease number of Java threads
#   Decrease Java thread stack sizes (-Xss)
#   Set larger code cache with -XX:ReservedCodeCacheSize=
#   JVM is running with Unscaled Compressed Oops mode in which the Java heap is
#     placed in the first 4GB address space. The Java Heap base address is the
#     maximum limit for the native heap growth. Please use -XX:HeapBaseMinAddress
#     to set the Java Heap base and to place the Java Heap above 4GB virtual address.
# This output file may be truncated or incomplete.
#
#  Out of Memory Error (arena.cpp:189), pid=33728, tid=35748
#
# JRE version: OpenJDK Runtime Environment (17.0.6) (build 17.0.6+0-b2043.56-10027231)
# Java VM: OpenJDK 64-Bit Server VM (17.0.6+0-b2043.56-10027231, mixed mode, tiered, compressed oops, compressed class ptrs, g1 gc, windows-amd64)
# No core dump will be written. Minidumps are not enabled by default on client versions of Windows
#

---------------  S U M M A R Y ------------

Command Line: --add-opens=java.base/java.util=ALL-UNNAMED --add-opens=java.base/java.lang=ALL-UNNAMED --add-opens=java.base/java.lang.invoke=ALL-UNNAMED --add-opens=java.prefs/java.util.prefs=ALL-UNNAMED --add-opens=java.base/java.nio.charset=ALL-UNNAMED --add-opens=java.base/java.net=ALL-UNNAMED --add-opens=java.base/java.util.concurrent.atomic=ALL-UNNAMED -Xmx2048m -Dfile.encoding=UTF-8 -Duser.country=FR -Duser.language=fr -Duser.variant org.gradle.launcher.daemon.bootstrap.GradleDaemon 8.0

Host: 13th Gen Intel(R) Core(TM) i7-1355U, 12 cores, 15G,  Windows 11 , 64 bit Build 26100 (10.0.26100.8246)
Time: Fri May  8 15:09:26 2026 Paris, Madrid (heure duild 26100 (10.0.26100.8246) elapsed time: 1886.274275 seconds (0d 0h 31m 26s)

---------------  T H R E A D  ---------------

Current thread (0x000001a40f23d1e0):  JavaThread "C2 CompilerThread2" daemon [_thread_in_native, id=35748, stack(0x0000003b5b000000,0x0000003b5b100000)]


Current CompileTask:
C2:1886274 16688       4       org.gradle.api.internal.artifacts.result.DefaultResolutionResult::eachElement (92 bytes)

Stack: [0x0000003b5b000000,0x0000003b5b100000]
Native frames: (J=compiled Java code, j=interpreted, Vv=VM code, C=native code)
V  [jvm.dll+0x683c9a]
V  [jvm.dll+0x8427a4]
V  [jvm.dll+0x843f9e]
V  [jvm.dll+0x844603]
V  [jvm.dll+0x249b75]
V  [jvm.dll+0xabcac]
V  [jvm.dll+0xac27c]
V  [jvm.dll+0x368857]
V  [jvm.dll+0x332f31]
V  [jvm.dll+0x3323da]
V  [jvm.dll+0x21c201]
V  [jvm.dll+0x21b621]
V  [jvm.dll+0x1a4fdd]
V  [jvm.dll+0x22b098]
V  [jvm.dll+0x229159]
V  [jvm.dll+0x7f81ec]
V  [jvm.dll+0x7f274a]
V  [jvm.dll+0x682ad5]
C  [ucrtbase.dll+0x37b0]
C  [KERNEL32.DLL+0x2e8d7]
C  [ntdll.dll+0x8c3fc]


---------------  P R O C E S S  ---------------

Threads class SMR info:
_java_thread_list=0x000001a40ed3e700, length=194, elements={
0x000001a4687e17a0, 0x000001a404b34260, 0x000001a404b34d20, 0x000001a404b6bbb0,
0x000001a404b6c470, 0x000001a404b6cd30, 0x000001a404b6d5f0, 0x000001a404b6e1e0,
0x000001a404b6eae0, 0x000001a404b6f3e0, 0x000001a404cf0f60, 0x000001a404d03bf0,
0x000001a40850f810, 0x000001a406d0c4e0, 0x000001a406c99710, 0x000001a406dd23e0,
0x000001a406dd2d80, 0x000001a406dd3bf0, 0x000001a406dd0bd0, 0x000001a406dd10a0,
0x000001a4087c58f0, 0x000001a4087c40e0, 0x000001a4087c2da0, 0x000001a4087c1f30,
0x000001a4087c2400, 0x000001a4087c3740, 0x000001a4087c28d0, 0x000001a4087c7100,
0x000001a40b433450, 0x000001a40b430dd0, 0x000001a40b433920, 0x000001a40b434790,
0x000001a40b433df0, 0x000001a40b4312a0, 0x000001a40b435ad0, 0x000001a40b435130,
0x000001a40ad170d0, 0x000001a40ad16c00, 0x000001a40ad175a0, 0x000001a40ad17a70,
0x000001a40af70180, 0x000001a40f6d8af0, 0x000001a40ad17f40, 0x000001a405e07530,
0x000001a405e08870, 0x000001a4104d2e60, 0x000001a4104d41a0, 0x000001a40f6d72e0,
0x000001a40f23bda0, 0x000001a40f23d1e0, 0x000001a40ad16730, 0x000001a4059a7840,
0x000001a4059a81e0, 0x000001a4059a99f0, 0x000001a40ecd4060, 0x000001a40804ce70,
0x000001a40ecd5d40, 0x000001a40ecd7080, 0x000001a40ecd4ed0, 0x000001a40ecd6bb0,
0x000001a40ecd66e0, 0x000001a40ecd7550, 0x000001a40ecd4a00, 0x000001a40ecd4530,
0x000001a40ecd53a0, 0x000001a40f6d7c80, 0x000001a40f6d77b0, 0x000001a40f6d8150,
0x000001a40d90e270, 0x000001a40d90e740, 0x000001a40d90ec10, 0x000001a40d90f0e0,
0x000001a40d90f5b0, 0x000001a40d90dda0, 0x000001a40d90fa80, 0x000001a40d90d8d0,
0x000001a40804b660, 0x000001a40804bb30, 0x000001a40abd3860, 0x000001a40abd5a10,
0x000001a40abd29f0, 0x000001a40abd2050, 0x000001a40abd3390, 0x000001a40abd5070,
0x000001a40abd5540, 0x000001a40abd4ba0, 0x000001a40abd2520, 0x000001a40abd3d30,
0x000001a40abd4200, 0x000001a40abd46d0, 0x000001a40abd2ec0, 0x000001a40d4a9ed0,
0x000001a40d4aa3a0, 0x000001a40d4aad40, 0x000001a40d4a9a00, 0x000001a40d2b07b0,
0x000001a40d2aefa0, 0x000001a40d2af470, 0x000001a40d2af940, 0x000001a40d2afe10,
0x000001a40d2b02e0, 0x000001a40644f870, 0x000001a406450bb0, 0x000001a40644e530,
0x000001a406450210, 0x000001a406451080, 0x000001a40644ea00, 0x000001a40f5b6e60,
0x000001a40f5b7800, 0x000001a40f91e630, 0x000001a4059a9ec0, 0x000001a4059aa390,
0x000001a40f91d7c0, 0x000001a40f91e160, 0x000001a40f91dc90, 0x000001a40f91d2f0,
0x000001a40f91eb00, 0x000001a40f91efd0, 0x000001a40ecd5870, 0x000001a40ecd6210,
0x000001a407faa990, 0x000001a4104d3330, 0x000001a4104d2990, 0x000001a407faa4c0,
0x000001a4107192f0, 0x000001a410717ae0, 0x000001a410718e20, 0x000001a410717fb0,
0x000001a410717610, 0x000001a40f91f4a0, 0x000001a40f91bae0, 0x000001a40f91bfb0,
0x000001a40f91c480, 0x000001a406451550, 0x000001a406451a20, 0x000001a40644e060,
0x000001a40644eed0, 0x000001a40644f3a0, 0x000001a40644fd40, 0x000001a4064506e0,
0x000001a40b3f9d50, 0x000001a40d910dc0, 0x000001a405e07a00, 0x000001a405e07ed0,
0x000001a405e083a0, 0x000001a405e07060, 0x000001a4108e28e0, 0x000001a4108e15a0,
0x000001a4108e10d0, 0x000001a4108def20, 0x000001a4108e1a70, 0x000001a4059a86b0,
0x000001a4059a7d10, 0x000001a4059aa860, 0x000001a4059aad30, 0x000001a4059ab200,
0x000001a4059a8b80, 0x000001a4059a9520, 0x000001a4059a9050, 0x000001a40f314cf0,
0x000001a40f3169d0, 0x000001a40f315b60, 0x000001a40f316030, 0x000001a40f313010,
0x000001a40f3151c0, 0x000001a40f315690, 0x000001a40f316500, 0x000001a40f3134e0,
0x000001a40f3139b0, 0x000001a40f313e80, 0x000001a40f314350, 0x000001a40f314820,
0x000001a4080f3060, 0x000001a40d90ff50, 0x000001a40d910420, 0x000001a40d9108f0,
0x000001a4108df3f0, 0x000001a4108e1f40, 0x000001a4104d3800, 0x000001a4104d3cd0,
0x000001a410e64f80, 0x000001a40f91c950, 0x000001a40f91ce20, 0x000001a40ab153b0,
0x000001a40ab14ee0, 0x000001a40ab15880, 0x000001a40ab15d50, 0x000001a40ab13ba0,
0x000001a40ab14540, 0x000001a4108e2410, 0x000001a40d4ab6e0, 0x000001a4080f3530,
0x000001a4108df8c0, 0x000001a410715e00
}

Java Threads: ( => current thread )
  0x000001a4687e17a0 JavaThread "main" [_thread_blocked, id=20068, stack(0x0000003b58d00000,0x0000003b58e00000)]
  0x000001a404b34260 JavaThread "Reference Handler" daemon [_thread_blocked, id=34260, stack(0x0000003b59400000,0x0000003b59500000)]
  0x000001a404b34d20 JavaThread "Finalizer" daemon [_thread_blocked, id=16460, stack(0x0000003b59500000,0x0000003b59600000)]
  0x000001a404b6bbb0 JavaThread "Signal Dispatcher" daemon [_thread_blocked, id=32328, stack(0x0000003b59600000,0x0000003b59700000)]
  0x000001a404b6c470 JavaThread "Attach Listener" daemon [_thread_blocked, id=22316, stack(0x0000003b59700000,0x0000003b59800000)]
  0x000001a404b6cd30 JavaThread "Service Thread" daemon [_thread_blocked, id=36748, stack(0x0000003b59800000,0x0000003b59900000)]
  0x000001a404b6d5f0 JavaThread "Monitor Deflation Thread" daemon [_thread_blocked, id=38252, stack(0x0000003b59900000,0x0000003b59a00000)]
  0x000001a404b6e1e0 JavaThread "C2 CompilerThread0" daemon [_thread_in_native, id=13700, stack(0x0000003b59a00000,0x0000003b59b00000)]
  0x000001a404b6eae0 JavaThread "C1 CompilerThread0" daemon [_thread_blocked, id=14528, stack(0x0000003b59b00000,0x0000003b59c00000)]
  0x000001a404b6f3e0 JavaThread "Sweeper thread" daemon [_thread_blocked, id=24920, stack(0x0000003b59c00000,0x0000003b59d00000)]
  0x000001a404cf0f60 JavaThread "Common-Cleaner" daemon [_thread_blocked, id=5416, stack(0x0000003b59d00000,0x0000003b59e00000)]
  0x000001a404d03bf0 JavaThread "Notification Thread" daemon [_thread_blocked, id=36848, stack(0x0000003b59e00000,0x0000003b59f00000)]
  0x000001a40850f810 JavaThread "Daemon health stats" [_thread_blocked, id=29656, stack(0x0000003b5a700000,0x0000003b5a800000)]
  0x000001a406d0c4e0 JavaThread "Incoming local TCP Connector on port 60333" [_thread_in_native, id=7956, stack(0x0000003b5a800000,0x0000003b5a900000)]
  0x000001a406c99710 JavaThread "Daemon periodic checks" [_thread_blocked, id=34440, stack(0x0000003b5a900000,0x0000003b5aa00000)]
  0x000001a406dd23e0 JavaThread "Cache worker for journal cache (C:\Users\Ashley (etu-arakoto)\.gradle\caches\journal-1)" [_thread_blocked, id=38448, stack(0x0000003b5b700000,0x0000003b5b800000)]
  0x000001a406dd2d80 JavaThread "File lock request listener" [_thread_in_native, id=38740, stack(0x0000003b5b800000,0x0000003b5b900000)]
  0x000001a406dd3bf0 JavaThread "Cache worker for file hash cache (C:\Users\Ashley (etu-arakoto)\.gradle\caches\8.0\fileHashes)" [_thread_blocked, id=24216, stack(0x0000003b5b900000,0x0000003b5ba00000)]
  0x000001a406dd0bd0 JavaThread "File watcher server" daemon [_thread_in_native, id=4592, stack(0x0000003b5a000000,0x0000003b5a100000)]
  0x000001a406dd10a0 JavaThread "File watcher consumer" daemon [_thread_blocked, id=14616, stack(0x0000003b5a600000,0x0000003b5a700000)]
  0x000001a4087c58f0 JavaThread "Cache worker for file content cache (C:\Users\Ashley (etu-arakoto)\.gradle\caches\8.0\fileContent)" [_thread_blocked, id=32816, stack(0x0000003b5bc00000,0x0000003b5bd00000)]
  0x000001a4087c40e0 JavaThread "Cache worker for execution history cache (C:\Users\Ashley (etu-arakoto)\.gradle\caches\8.0\executionHistory)" [_thread_blocked, id=23296, stack(0x0000003b5bf00000,0x0000003b5c000000)]
  0x000001a4087c2da0 JavaThread "jar transforms" [_thread_blocked, id=25544, stack(0x0000003b5c000000,0x0000003b5c100000)]
  0x000001a4087c1f30 JavaThread "jar transforms Thread 2" [_thread_blocked, id=10168, stack(0x0000003b5c200000,0x0000003b5c300000)]
  0x000001a4087c2400 JavaThread "Cache worker for kotlin-dsl (C:\Users\Ashley (etu-arakoto)\.gradle\caches\8.0\kotlin-dsl)" [_thread_blocked, id=17800, stack(0x0000003b5c400000,0x0000003b5c500000)]
  0x000001a4087c3740 JavaThread "jar transforms Thread 3" [_thread_blocked, id=38592, stack(0x0000003b5c500000,0x0000003b5c600000)]
  0x000001a4087c28d0 JavaThread "jar transforms Thread 4" [_thread_blocked, id=17900, stack(0x0000003b5c600000,0x0000003b5c700000)]
  0x000001a4087c7100 JavaThread "jar transforms Thread 5" [_thread_blocked, id=20816, stack(0x0000003b5c900000,0x0000003b5ca00000)]
  0x000001a40b433450 JavaThread "jar transforms Thread 6" [_thread_blocked, id=19468, stack(0x0000003b64100000,0x0000003b64200000)]
  0x000001a40b430dd0 JavaThread "jar transforms Thread 7" [_thread_blocked, id=27752, stack(0x0000003b64200000,0x0000003b64300000)]
  0x000001a40b433920 JavaThread "jar transforms Thread 8" [_thread_blocked, id=28748, stack(0x0000003b64300000,0x0000003b64400000)]
  0x000001a40b434790 JavaThread "jar transforms Thread 9" [_thread_blocked, id=36632, stack(0x0000003b64400000,0x0000003b64500000)]
  0x000001a40b433df0 JavaThread "jar transforms Thread 10" [_thread_blocked, id=28156, stack(0x0000003b64500000,0x0000003b64600000)]
  0x000001a40b4312a0 JavaThread "jar transforms Thread 11" [_thread_blocked, id=23284, stack(0x0000003b64600000,0x0000003b64700000)]
  0x000001a40b435ad0 JavaThread "jar transforms Thread 12" [_thread_blocked, id=14912, stack(0x0000003b64700000,0x0000003b64800000)]
  0x000001a40b435130 JavaThread "Memory manager" [_thread_blocked, id=25172, stack(0x0000003b64900000,0x0000003b64a00000)]
  0x000001a40ad170d0 JavaThread "RMI Scheduler(0)" daemon [_thread_blocked, id=9808, stack(0x0000003b65a00000,0x0000003b65b00000)]
  0x000001a40ad16c00 JavaThread "RMI GC Daemon" daemon [_thread_blocked, id=10456, stack(0x0000003b65c00000,0x0000003b65d00000)]
  0x000001a40ad175a0 JavaThread "RMI TCP Accept-0" daemon [_thread_in_native, id=11036, stack(0x0000003b65d00000,0x0000003b65e00000)]
  0x000001a40ad17a70 JavaThread "RMI Reaper" [_thread_blocked, id=34384, stack(0x0000003b65e00000,0x0000003b65f00000)]
  0x000001a40af70180 JavaThread "RMI TCP Connection(idle)" daemon [_thread_blocked, id=27108, stack(0x0000003b58a00000,0x0000003b58b00000)]
  0x000001a40f6d8af0 JavaThread "Daemon Thread 2" [_thread_blocked, id=5040, stack(0x0000003b58b00000,0x0000003b58c00000)]
  0x000001a40ad17f40 JavaThread "Handler for socket connection from /127.0.0.1:60333 to /127.0.0.1:63683" [_thread_in_native, id=40072, stack(0x0000003b58c00000,0x0000003b58d00000)]
  0x000001a405e07530 JavaThread "Cancel handler" [_thread_blocked, id=38680, stack(0x0000003b5aa00000,0x0000003b5ab00000)]
  0x000001a405e08870 JavaThread "Daemon worker Thread 2" [_thread_blocked, id=18984, stack(0x0000003b5ab00000,0x0000003b5ac00000)]
  0x000001a4104d2e60 JavaThread "Asynchronous log dispatcher for DefaultDaemonConnection: socket connection from /127.0.0.1:60333 to /127.0.0.1:63683" [_thread_blocked, id=23576, stack(0x0000003b5ac00000,0x0000003b5ad00000)]
  0x000001a4104d41a0 JavaThread "Stdin handler" [_thread_blocked, id=16024, stack(0x0000003b5ad00000,0x0000003b5ae00000)]
  0x000001a40f6d72e0 JavaThread "Daemon client event forwarder" [_thread_blocked, id=27380, stack(0x0000003b5ae00000,0x0000003b5af00000)]
  0x000001a40f23bda0 JavaThread "C2 CompilerThread1" daemon [_thread_in_native, id=38368, stack(0x0000003b5af00000,0x0000003b5b000000)]
=>0x000001a40f23d1e0 JavaThread "C2 CompilerThread2" daemon [_thread_in_native, id=35748, stack(0x0000003b5b000000,0x0000003b5b100000)]
  0x000001a40ad16730 JavaThread "Cache worker for checksums cache (C:\Users\Ashley (etu-arakoto)\Documents\Informatique\suivi_candidatures\candidatures_android\.gradle\8.0\checksums)" [_thread_blocked, id=33788, stack(0x0000003b5ba00000,0x0000003b5bb00000)]
  0x000001a4059a7840 JavaThread "Cache worker for cache directory md-rule (C:\Users\Ashley (etu-arakoto)\.gradle\caches\8.0\md-rule)" [_thread_blocked, id=17684, stack(0x0000003b5bb00000,0x0000003b5bc00000)]
  0x000001a4059a81e0 JavaThread "Cache worker for file hash cache (C:\Users\Ashley (etu-arakoto)\Documents\Informatique\suivi_candidatures\candidatures_android\.gradle\8.0\fileHashes)" [_thread_blocked, id=18620, stack(0x0000003b5bd00000,0x0000003b5be00000)]
  0x000001a4059a99f0 JavaThread "Cache worker for cache directory md-supplier (C:\Users\Ashley (etu-arakoto)\.gradle\caches\8.0\md-supplier)" [_thread_blocked, id=12532, stack(0x0000003b5be00000,0x0000003b5bf00000)]
  0x000001a40ecd4060 JavaThread "Cache worker for dependencies-accessors (C:\Users\Ashley (etu-arakoto)\Documents\Informatique\suivi_candidatures\candidatures_android\.gradle\8.0\dependencies-accessors)" [_thread_blocked, id=37332, stack(0x0000003b5c100000,0x0000003b5c200000)]
  0x000001a40804ce70 JavaThread "Cache worker for Build Output Cleanup Cache (C:\Users\Ashley (etu-arakoto)\Documents\Informatique\suivi_candidatures\candidatures_android\.gradle\buildOutputCleanup)" [_thread_blocked, id=40660, stack(0x0000003b5c300000,0x0000003b5c400000)]
  0x000001a40ecd5d40 JavaThread "Unconstrained build operations" [_thread_blocked, id=37972, stack(0x0000003b5c700000,0x0000003b5c800000)]
  0x000001a40ecd7080 JavaThread "Unconstrained build operations Thread 2" [_thread_blocked, id=40268, stack(0x0000003b5c800000,0x0000003b5c900000)]
  0x000001a40ecd4ed0 JavaThread "Unconstrained build operations Thread 3" [_thread_blocked, id=1384, stack(0x0000003b5ca00000,0x0000003b5cb00000)]
  0x000001a40ecd6bb0 JavaThread "Unconstrained build operations Thread 4" [_thread_blocked, id=27468, stack(0x0000003b5cb00000,0x0000003b5cc00000)]
  0x000001a40ecd66e0 JavaThread "Unconstrained build operations Thread 5" [_thread_blocked, id=34112, stack(0x0000003b5cc00000,0x0000003b5cd00000)]
  0x000001a40ecd7550 JavaThread "Unconstrained build operations Thread 6" [_thread_blocked, id=19568, stack(0x0000003b5cd00000,0x0000003b5ce00000)]
  0x000001a40ecd4a00 JavaThread "Unconstrained build operations Thread 7" [_thread_blocked, id=22340, stack(0x0000003b5ce00000,0x0000003b5cf00000)]
  0x000001a40ecd4530 JavaThread "Unconstrained build operations Thread 8" [_thread_blocked, id=34796, stack(0x0000003b5cf00000,0x0000003b5d000000)]
  0x000001a40ecd53a0 JavaThread "Unconstrained build operations Thread 9" [_thread_blocked, id=13192, stack(0x0000003b5d000000,0x0000003b5d100000)]
  0x000001a40f6d7c80 JavaThread "Unconstrained build operations Thread 10" [_thread_blocked, id=17952, stack(0x0000003b5d100000,0x0000003b5d200000)]
  0x000001a40f6d77b0 JavaThread "Unconstrained build operations Thread 11" [_thread_blocked, id=23696, stack(0x0000003b5d200000,0x0000003b5d300000)]
  0x000001a40f6d8150 JavaThread "Unconstrained build operations Thread 12" [_thread_blocked, id=8340, stack(0x0000003b5d300000,0x0000003b5d400000)]
  0x000001a40d90e270 JavaThread "Unconstrained build operations Thread 13" [_thread_blocked, id=40544, stack(0x0000003b5d400000,0x0000003b5d500000)]
  0x000001a40d90e740 JavaThread "Unconstrained build operations Thread 14" [_thread_blocked, id=11588, stack(0x0000003b5d500000,0x0000003b5d600000)]
  0x000001a40d90ec10 JavaThread "Unconstrained build operations Thread 15" [_thread_blocked, id=23988, stack(0x0000003b5d600000,0x0000003b5d700000)]
  0x000001a40d90f0e0 JavaThread "Unconstrained build operations Thread 16" [_thread_blocked, id=6900, stack(0x0000003b5d700000,0x0000003b5d800000)]
  0x000001a40d90f5b0 JavaThread "Unconstrained build operations Thread 17" [_thread_blocked, id=22928, stack(0x0000003b5d800000,0x0000003b5d900000)]
  0x000001a40d90dda0 JavaThread "Unconstrained build operations Thread 18" [_thread_blocked, id=40796, stack(0x0000003b5d900000,0x0000003b5da00000)]
  0x000001a40d90fa80 JavaThread "Unconstrained build operations Thread 19" [_thread_blocked, id=28520, stack(0x0000003b5da00000,0x0000003b5db00000)]
  0x000001a40d90d8d0 JavaThread "Unconstrained build operations Thread 20" [_thread_blocked, id=19500, stack(0x0000003b5db00000,0x0000003b5dc00000)]
  0x000001a40804b660 JavaThread "Unconstrained build operations Thread 21" [_thread_blocked, id=4212, stack(0x0000003b5dc00000,0x0000003b5dd00000)]
  0x000001a40804bb30 JavaThread "Unconstrained build operations Thread 22" [_thread_blocked, id=6736, stack(0x0000003b5dd00000,0x0000003b5de00000)]
  0x000001a40abd3860 JavaThread "Unconstrained build operations Thread 23" [_thread_blocked, id=900, stack(0x0000003b5de00000,0x0000003b5df00000)]
  0x000001a40abd5a10 JavaThread "Unconstrained build operations Thread 24" [_thread_blocked, id=25208, stack(0x0000003b5df00000,0x0000003b5e000000)]
  0x000001a40abd29f0 JavaThread "Unconstrained build operations Thread 25" [_thread_blocked, id=25584, stack(0x0000003b5e000000,0x0000003b5e100000)]
  0x000001a40abd2050 JavaThread "Unconstrained build operations Thread 26" [_thread_blocked, id=26552, stack(0x0000003b5e100000,0x0000003b5e200000)]
  0x000001a40abd3390 JavaThread "Unconstrained build operations Thread 27" [_thread_blocked, id=24180, stack(0x0000003b5e200000,0x0000003b5e300000)]
  0x000001a40abd5070 JavaThread "Unconstrained build operations Thread 28" [_thread_blocked, id=13512, stack(0x0000003b5e300000,0x0000003b5e400000)]
  0x000001a40abd5540 JavaThread "Unconstrained build operations Thread 29" [_thread_blocked, id=34888, stack(0x0000003b5e400000,0x0000003b5e500000)]
  0x000001a40abd4ba0 JavaThread "Unconstrained build operations Thread 30" [_thread_blocked, id=12616, stack(0x0000003b5e500000,0x0000003b5e600000)]
  0x000001a40abd2520 JavaThread "Unconstrained build operations Thread 31" [_thread_blocked, id=9912, stack(0x0000003b5e600000,0x0000003b5e700000)]
  0x000001a40abd3d30 JavaThread "Unconstrained build operations Thread 32" [_thread_blocked, id=37828, stack(0x0000003b5e700000,0x0000003b5e800000)]
  0x000001a40abd4200 JavaThread "Unconstrained build operations Thread 33" [_thread_blocked, id=27212, stack(0x0000003b5e800000,0x0000003b5e900000)]
  0x000001a40abd46d0 JavaThread "Unconstrained build operations Thread 34" [_thread_blocked, id=12880, stack(0x0000003b5e900000,0x0000003b5ea00000)]
  0x000001a40abd2ec0 JavaThread "Unconstrained build operations Thread 35" [_thread_blocked, id=19856, stack(0x0000003b5ea00000,0x0000003b5eb00000)]
  0x000001a40d4a9ed0 JavaThread "Unconstrained build operations Thread 36" [_thread_blocked, id=1872, stack(0x0000003b5eb00000,0x0000003b5ec00000)]
  0x000001a40d4aa3a0 JavaThread "Unconstrained build operations Thread 37" [_thread_blocked, id=20092, stack(0x0000003b5ec00000,0x0000003b5ed00000)]
  0x000001a40d4aad40 JavaThread "Unconstrained build operations Thread 38" [_thread_blocked, id=17328, stack(0x0000003b5ed00000,0x0000003b5ee00000)]
  0x000001a40d4a9a00 JavaThread "Unconstrained build operations Thread 39" [_thread_blocked, id=15204, stack(0x0000003b5ee00000,0x0000003b5ef00000)]
  0x000001a40d2b07b0 JavaThread "Unconstrained build operations Thread 40" [_thread_blocked, id=11964, stack(0x0000003b5ef00000,0x0000003b5f000000)]
  0x000001a40d2aefa0 JavaThread "Unconstrained build operations Thread 41" [_thread_blocked, id=36440, stack(0x0000003b5f000000,0x0000003b5f100000)]
  0x000001a40d2af470 JavaThread "Unconstrained build operations Thread 42" [_thread_blocked, id=2332, stack(0x0000003b5f100000,0x0000003b5f200000)]
  0x000001a40d2af940 JavaThread "Unconstrained build operations Thread 43" [_thread_blocked, id=24872, stack(0x0000003b5f200000,0x0000003b5f300000)]
  0x000001a40d2afe10 JavaThread "Unconstrained build operations Thread 44" [_thread_blocked, id=30116, stack(0x0000003b5f300000,0x0000003b5f400000)]
  0x000001a40d2b02e0 JavaThread "Unconstrained build operations Thread 45" [_thread_blocked, id=28668, stack(0x0000003b5f400000,0x0000003b5f500000)]
  0x000001a40644f870 JavaThread "Unconstrained build operations Thread 46" [_thread_blocked, id=38088, stack(0x0000003b5f500000,0x0000003b5f600000)]
  0x000001a406450bb0 JavaThread "Unconstrained build operations Thread 47" [_thread_blocked, id=15572, stack(0x0000003b5f600000,0x0000003b5f700000)]
  0x000001a40644e530 JavaThread "Unconstrained build operations Thread 48" [_thread_blocked, id=32624, stack(0x0000003b5f700000,0x0000003b5f800000)]
  0x000001a406450210 JavaThread "Unconstrained build operations Thread 49" [_thread_blocked, id=2684, stack(0x0000003b5f800000,0x0000003b5f900000)]
  0x000001a406451080 JavaThread "Unconstrained build operations Thread 50" [_thread_blocked, id=37504, stack(0x0000003b5f900000,0x0000003b5fa00000)]
  0x000001a40644ea00 JavaThread "Unconstrained build operations Thread 51" [_thread_blocked, id=30044, stack(0x0000003b5fa00000,0x0000003b5fb00000)]
  0x000001a40f5b6e60 JavaThread "Unconstrained build operations Thread 52" [_thread_blocked, id=9804, stack(0x0000003b5fb00000,0x0000003b5fc00000)]
  0x000001a40f5b7800 JavaThread "Unconstrained build operations Thread 53" [_thread_blocked, id=31432, stack(0x0000003b5fc00000,0x0000003b5fd00000)]
  0x000001a40f91e630 JavaThread "Unconstrained build operations Thread 54" [_thread_blocked, id=24472, stack(0x0000003b5fd00000,0x0000003b5fe00000)]
  0x000001a4059a9ec0 JavaThread "Unconstrained build operations Thread 55" [_thread_blocked, id=40940, stack(0x0000003b5fe00000,0x0000003b5ff00000)]
  0x000001a4059aa390 JavaThread "Unconstrained build operations Thread 56" [_thread_blocked, id=16512, stack(0x0000003b5ff00000,0x0000003b60000000)]
  0x000001a40f91d7c0 JavaThread "Unconstrained build operations Thread 57" [_thread_blocked, id=28364, stack(0x0000003b60000000,0x0000003b60100000)]
  0x000001a40f91e160 JavaThread "Unconstrained build operations Thread 58" [_thread_blocked, id=39680, stack(0x0000003b60100000,0x0000003b60200000)]
  0x000001a40f91dc90 JavaThread "Unconstrained build operations Thread 59" [_thread_blocked, id=9556, stack(0x0000003b60200000,0x0000003b60300000)]
  0x000001a40f91d2f0 JavaThread "Unconstrained build operations Thread 60" [_thread_blocked, id=25788, stack(0x0000003b60300000,0x0000003b60400000)]
  0x000001a40f91eb00 JavaThread "Unconstrained build operations Thread 61" [_thread_blocked, id=30004, stack(0x0000003b60400000,0x0000003b60500000)]
  0x000001a40f91efd0 JavaThread "Unconstrained build operations Thread 62" [_thread_blocked, id=39976, stack(0x0000003b60500000,0x0000003b60600000)]
  0x000001a40ecd5870 JavaThread "Unconstrained build operations Thread 63" [_thread_blocked, id=29064, stack(0x0000003b60600000,0x0000003b60700000)]
  0x000001a40ecd6210 JavaThread "Unconstrained build operations Thread 64" [_thread_blocked, id=33988, stack(0x0000003b60700000,0x0000003b60800000)]
  0x000001a407faa990 JavaThread "Unconstrained build operations Thread 65" [_thread_blocked, id=20636, stack(0x0000003b60800000,0x0000003b60900000)]
  0x000001a4104d3330 JavaThread "Unconstrained build operations Thread 66" [_thread_blocked, id=21720, stack(0x0000003b60900000,0x0000003b60a00000)]
  0x000001a4104d2990 JavaThread "Unconstrained build operations Thread 67" [_thread_blocked, id=7460, stack(0x0000003b60a00000,0x0000003b60b00000)]
  0x000001a407faa4c0 JavaThread "Unconstrained build operations Thread 68" [_thread_blocked, id=3252, stack(0x0000003b60b00000,0x0000003b60c00000)]
  0x000001a4107192f0 JavaThread "Unconstrained build operations Thread 69" [_thread_blocked, id=36812, stack(0x0000003b60c00000,0x0000003b60d00000)]
  0x000001a410717ae0 JavaThread "Unconstrained build operations Thread 70" [_thread_blocked, id=29844, stack(0x0000003b60d00000,0x0000003b60e00000)]
  0x000001a410718e20 JavaThread "Unconstrained build operations Thread 71" [_thread_blocked, id=30332, stack(0x0000003b60e00000,0x0000003b60f00000)]
  0x000001a410717fb0 JavaThread "Unconstrained build operations Thread 72" [_thread_blocked, id=11960, stack(0x0000003b60f00000,0x0000003b61000000)]
  0x000001a410717610 JavaThread "Unconstrained build operations Thread 73" [_thread_blocked, id=37096, stack(0x0000003b61000000,0x0000003b61100000)]
  0x000001a40f91f4a0 JavaThread "Unconstrained build operations Thread 74" [_thread_blocked, id=980, stack(0x0000003b61100000,0x0000003b61200000)]
  0x000001a40f91bae0 JavaThread "Unconstrained build operations Thread 75" [_thread_blocked, id=21616, stack(0x0000003b61200000,0x0000003b61300000)]
  0x000001a40f91bfb0 JavaThread "Unconstrained build operations Thread 76" [_thread_blocked, id=34504, stack(0x0000003b61300000,0x0000003b61400000)]
  0x000001a40f91c480 JavaThread "Unconstrained build operations Thread 77" [_thread_blocked, id=35652, stack(0x0000003b61400000,0x0000003b61500000)]
  0x000001a406451550 JavaThread "Unconstrained build operations Thread 78" [_thread_blocked, id=37156, stack(0x0000003b61500000,0x0000003b61600000)]
  0x000001a406451a20 JavaThread "Unconstrained build operations Thread 79" [_thread_blocked, id=33212, stack(0x0000003b61600000,0x0000003b61700000)]
  0x000001a40644e060 JavaThread "Unconstrained build operations Thread 80" [_thread_blocked, id=9684, stack(0x0000003b61700000,0x0000003b61800000)]
  0x000001a40644eed0 JavaThread "Unconstrained build operations Thread 81" [_thread_blocked, id=33188, stack(0x0000003b61800000,0x0000003b61900000)]
  0x000001a40644f3a0 JavaThread "Unconstrained build operations Thread 82" [_thread_blocked, id=38264, stack(0x0000003b61900000,0x0000003b61a00000)]
  0x000001a40644fd40 JavaThread "Unconstrained build operations Thread 83" [_thread_blocked, id=39640, stack(0x0000003b61a00000,0x0000003b61b00000)]
  0x000001a4064506e0 JavaThread "Unconstrained build operations Thread 84" [_thread_blocked, id=20224, stack(0x0000003b61b00000,0x0000003b61c00000)]
  0x000001a40b3f9d50 JavaThread "Unconstrained build operations Thread 85" [_thread_blocked, id=20948, stack(0x0000003b61c00000,0x0000003b61d00000)]
  0x000001a40d910dc0 JavaThread "Unconstrained build operations Thread 86" [_thread_blocked, id=22100, stack(0x0000003b61d00000,0x0000003b61e00000)]
  0x000001a405e07a00 JavaThread "Unconstrained build operations Thread 87" [_thread_blocked, id=29328, stack(0x0000003b61e00000,0x0000003b61f00000)]
  0x000001a405e07ed0 JavaThread "Unconstrained build operations Thread 88" [_thread_blocked, id=41360, stack(0x0000003b61f00000,0x0000003b62000000)]
  0x000001a405e083a0 JavaThread "Unconstrained build operations Thread 89" [_thread_blocked, id=4128, stack(0x0000003b62000000,0x0000003b62100000)]
  0x000001a405e07060 JavaThread "Unconstrained build operations Thread 90" [_thread_blocked, id=29604, stack(0x0000003b62100000,0x0000003b62200000)]
  0x000001a4108e28e0 JavaThread "Unconstrained build operations Thread 91" [_thread_blocked, id=13140, stack(0x0000003b62200000,0x0000003b62300000)]
  0x000001a4108e15a0 JavaThread "Unconstrained build operations Thread 92" [_thread_blocked, id=30912, stack(0x0000003b62300000,0x0000003b62400000)]
  0x000001a4108e10d0 JavaThread "Unconstrained build operations Thread 93" [_thread_blocked, id=6976, stack(0x0000003b62400000,0x0000003b62500000)]
  0x000001a4108def20 JavaThread "Unconstrained build operations Thread 94" [_thread_blocked, id=12912, stack(0x0000003b62500000,0x0000003b62600000)]
  0x000001a4108e1a70 JavaThread "Unconstrained build operations Thread 95" [_thread_blocked, id=13256, stack(0x0000003b62600000,0x0000003b62700000)]
  0x000001a4059a86b0 JavaThread "Unconstrained build operations Thread 96" [_thread_blocked, id=3908, stack(0x0000003b62700000,0x0000003b62800000)]
  0x000001a4059a7d10 JavaThread "Unconstrained build operations Thread 97" [_thread_blocked, id=4124, stack(0x0000003b62800000,0x0000003b62900000)]
  0x000001a4059aa860 JavaThread "Unconstrained build operations Thread 98" [_thread_blocked, id=32920, stack(0x0000003b62900000,0x0000003b62a00000)]
  0x000001a4059aad30 JavaThread "Unconstrained build operations Thread 99" [_thread_blocked, id=33160, stack(0x0000003b62a00000,0x0000003b62b00000)]
  0x000001a4059ab200 JavaThread "Unconstrained build operations Thread 100" [_thread_blocked, id=22420, stack(0x0000003b62b00000,0x0000003b62c00000)]
  0x000001a4059a8b80 JavaThread "Unconstrained build operations Thread 101" [_thread_blocked, id=7180, stack(0x0000003b62c00000,0x0000003b62d00000)]
  0x000001a4059a9520 JavaThread "Unconstrained build operations Thread 102" [_thread_blocked, id=29556, stack(0x0000003b62d00000,0x0000003b62e00000)]
  0x000001a4059a9050 JavaThread "Unconstrained build operations Thread 103" [_thread_blocked, id=19820, stack(0x0000003b62e00000,0x0000003b62f00000)]
  0x000001a40f314cf0 JavaThread "Unconstrained build operations Thread 104" [_thread_blocked, id=19628, stack(0x0000003b62f00000,0x0000003b63000000)]
  0x000001a40f3169d0 JavaThread "Unconstrained build operations Thread 105" [_thread_blocked, id=16096, stack(0x0000003b63000000,0x0000003b63100000)]
  0x000001a40f315b60 JavaThread "Unconstrained build operations Thread 106" [_thread_blocked, id=32644, stack(0x0000003b63100000,0x0000003b63200000)]
  0x000001a40f316030 JavaThread "Unconstrained build operations Thread 107" [_thread_blocked, id=34972, stack(0x0000003b63200000,0x0000003b63300000)]
  0x000001a40f313010 JavaThread "Unconstrained build operations Thread 108" [_thread_blocked, id=18848, stack(0x0000003b63300000,0x0000003b63400000)]
  0x000001a40f3151c0 JavaThread "Unconstrained build operations Thread 109" [_thread_blocked, id=35924, stack(0x0000003b63400000,0x0000003b63500000)]
  0x000001a40f315690 JavaThread "Unconstrained build operations Thread 110" [_thread_blocked, id=37892, stack(0x0000003b63500000,0x0000003b63600000)]
  0x000001a40f316500 JavaThread "Unconstrained build operations Thread 111" [_thread_blocked, id=39696, stack(0x0000003b63600000,0x0000003b63700000)]
  0x000001a40f3134e0 JavaThread "Unconstrained build operations Thread 112" [_thread_blocked, id=34244, stack(0x0000003b63700000,0x0000003b63800000)]
  0x000001a40f3139b0 JavaThread "Unconstrained build operations Thread 113" [_thread_blocked, id=30840, stack(0x0000003b63800000,0x0000003b63900000)]
  0x000001a40f313e80 JavaThread "Unconstrained build operations Thread 114" [_thread_blocked, id=41512, stack(0x0000003b63900000,0x0000003b63a00000)]
  0x000001a40f314350 JavaThread "Unconstrained build operations Thread 115" [_thread_blocked, id=23344, stack(0x0000003b63a00000,0x0000003b63b00000)]
  0x000001a40f314820 JavaThread "Unconstrained build operations Thread 116" [_thread_blocked, id=17180, stack(0x0000003b63b00000,0x0000003b63c00000)]
  0x000001a4080f3060 JavaThread "Unconstrained build operations Thread 117" [_thread_blocked, id=16644, stack(0x0000003b63c00000,0x0000003b63d00000)]
  0x000001a40d90ff50 JavaThread "Unconstrained build operations Thread 118" [_thread_blocked, id=17664, stack(0x0000003b63d00000,0x0000003b63e00000)]
  0x000001a40d910420 JavaThread "Unconstrained build operations Thread 119" [_thread_blocked, id=41768, stack(0x0000003b63e00000,0x0000003b63f00000)]
  0x000001a40d9108f0 JavaThread "Unconstrained build operations Thread 120" [_thread_blocked, id=9116, stack(0x0000003b63f00000,0x0000003b64000000)]
  0x000001a4108df3f0 JavaThread "build event listener" [_thread_blocked, id=34900, stack(0x0000003b64000000,0x0000003b64100000)]
  0x000001a4108e1f40 JavaThread "included builds" [_thread_blocked, id=39356, stack(0x0000003b64800000,0x0000003b64900000)]
  0x000001a4104d3800 JavaThread "Execution worker" [_thread_blocked, id=38996, stack(0x0000003b64a00000,0x0000003b64b00000)]
  0x000001a4104d3cd0 JavaThread "Execution worker Thread 2" [_thread_blocked, id=31192, stack(0x0000003b64b00000,0x0000003b64c00000)]
  0x000001a410e64f80 JavaThread "Execution worker Thread 3" [_thread_blocked, id=6660, stack(0x0000003b64c00000,0x0000003b64d00000)]
  0x000001a40f91c950 JavaThread "Execution worker Thread 4" [_thread_blocked, id=19356, stack(0x0000003b64d00000,0x0000003b64e00000)]
  0x000001a40f91ce20 JavaThread "Execution worker Thread 5" [_thread_blocked, id=22304, stack(0x0000003b64e00000,0x0000003b64f00000)]
  0x000001a40ab153b0 JavaThread "Execution worker Thread 6" [_thread_blocked, id=4496, stack(0x0000003b64f00000,0x0000003b65000000)]
  0x000001a40ab14ee0 JavaThread "Execution worker Thread 7" [_thread_blocked, id=27480, stack(0x0000003b65000000,0x0000003b65100000)]
  0x000001a40ab15880 JavaThread "Execution worker Thread 8" [_thread_blocked, id=2864, stack(0x0000003b65100000,0x0000003b65200000)]
  0x000001a40ab15d50 JavaThread "Execution worker Thread 9" [_thread_blocked, id=36232, stack(0x0000003b65200000,0x0000003b65300000)]
  0x000001a40ab13ba0 JavaThread "Execution worker Thread 10" [_thread_blocked, id=25616, stack(0x0000003b65300000,0x0000003b65400000)]
  0x000001a40ab14540 JavaThread "Execution worker Thread 11" [_thread_blocked, id=17412, stack(0x0000003b65400000,0x0000003b65500000)]
  0x000001a4108e2410 JavaThread "Cache worker for execution history cache (C:\Users\Ashley (etu-arakoto)\Documents\Informatique\suivi_candidatures\candidatures_android\.gradle\8.0\executionHistory)" [_thread_blocked, id=4708, stack(0x0000003b65500000,0x0000003b65600000)]
  0x000001a40d4ab6e0 JavaThread "WorkerExecutor Queue" [_thread_blocked, id=25500, stack(0x0000003b66000000,0x0000003b66100000)]
  0x000001a4080f3530 JavaThread "WorkerExecutor Queue Thread 2" [_thread_blocked, id=13524, stack(0x0000003b66200000,0x0000003b66300000)]
  0x000001a4108df8c0 JavaThread "WorkerExecutor Queue Thread 3" [_thread_blocked, id=4572, stack(0x0000003b66300000,0x0000003b66400000)]
  0x000001a410715e00 JavaThread "pool-6-thread-1" [_thread_blocked, id=40160, stack(0x0000003b66400000,0x0000003b66500000)]

Other Threads:
  0x000001a40472e020 VMThread "VM Thread" [stack: 0x0000003b59300000,0x0000003b59400000] [id=3468]
  0x000001a4688758e0 WatcherThread [stack: 0x0000003b59f00000,0x0000003b5a000000] [id=36764]
  0x000001a468840ca0 GCTaskThread "GC Thread#0" [stack: 0x0000003b58e00000,0x0000003b58f00000] [id=33872]
  0x000001a406215c70 GCTaskThread "GC Thread#1" [stack: 0x0000003b5a100000,0x0000003b5a200000] [id=41700]
  0x000001a4064c84f0 GCTaskThread "GC Thread#2" [stack: 0x0000003b5a200000,0x0000003b5a300000] [id=9132]
  0x000001a4066f1570 GCTaskThread "GC Thread#3" [stack: 0x0000003b5a300000,0x0000003b5a400000] [id=38076]
  0x000001a4066f1820 GCTaskThread "GC Thread#4" [stack: 0x0000003b5a400000,0x0000003b5a500000] [id=23176]
  0x000001a40670f030 GCTaskThread "GC Thread#5" [stack: 0x0000003b5a500000,0x0000003b5a600000] [id=1256]
  0x000001a406bd9ed0 GCTaskThread "GC Thread#6" [stack: 0x0000003b5b100000,0x0000003b5b200000] [id=1796]
  0x000001a408066640 GCTaskThread "GC Thread#7" [stack: 0x0000003b5b200000,0x0000003b5b300000] [id=3296]
  0x000001a4080668f0 GCTaskThread "GC Thread#8" [stack: 0x0000003b5b300000,0x0000003b5b400000] [id=25432]
  0x000001a408066ba0 GCTaskThread "GC Thread#9" [stack: 0x0000003b5b400000,0x0000003b5b500000] [id=34824]
  0x000001a468851af0 ConcurrentGCThread "G1 Main Marker" [stack: 0x0000003b58f00000,0x0000003b59000000] [id=36960]
  0x000001a468852410 ConcurrentGCThread "G1 Conc#0" [stack: 0x0000003b59000000,0x0000003b59100000] [id=8792]
  0x000001a40814e080 ConcurrentGCThread "G1 Conc#1" [stack: 0x0000003b5b500000,0x0000003b5b600000] [id=26980]
  0x000001a408066e50 ConcurrentGCThread "G1 Conc#2" [stack: 0x0000003b5b600000,0x0000003b5b700000] [id=1116]
  0x000001a46889ecd0 ConcurrentGCThread "G1 Refine#0" [stack: 0x0000003b59100000,0x0000003b59200000] [id=27808]
  0x000001a40abbd2d0 ConcurrentGCThread "G1 Refine#1" [stack: 0x0000003b65600000,0x0000003b65700000] [id=31020]
  0x000001a40abbe410 ConcurrentGCThread "G1 Refine#2" [stack: 0x0000003b65700000,0x0000003b65800000] [id=13816]
  0x000001a40abbca30 ConcurrentGCThread "G1 Refine#3" [stack: 0x0000003b65800000,0x0000003b65900000] [id=10276]
  0x000001a40abbe6f0 ConcurrentGCThread "G1 Refine#4" [stack: 0x0000003b65900000,0x0000003b65a00000] [id=32468]
  0x000001a40abbcff0 ConcurrentGCThread "G1 Refine#5" [stack: 0x0000003b65b00000,0x0000003b65c00000] [id=9960]
  0x000001a40abbd890 ConcurrentGCThread "G1 Refine#6" [stack: 0x0000003b65f00000,0x0000003b66000000] [id=31176]
  0x000001a404629580 ConcurrentGCThread "G1 Service" [stack: 0x0000003b59200000,0x0000003b59300000] [id=17508]

Threads with active compile tasks:
C2 CompilerThread0  1886343 16686       4       org.gradle.api.internal.artifacts.ivyservice.resolveengine.result.ResolvedVariantResultSerializer::read (132 bytes)
C2 CompilerThread1  1886343 16722 % !   4       java.io.BufferedReader::readLine @ 139 (327 bytes)
C2 CompilerThread2  1886343 16688       4       org.gradle.api.internal.artifacts.result.DefaultResolutionResult::eachElement (92 bytes)

VM state: not at safepoint (normal execution)

VM Mutex/Monitor currently owned by a thread: None

Heap address: 0x0000000080000000, size: 2048 MB, Compressed Oops mode: 32-bit

CDS archive(s) not mapped
Compressed class space mapped at: 0x0000000100000000-0x0000000140000000, reserved size: 1073741824
Narrow klass base: 0x0000000000000000, Narrow klass shift: 3, Narrow klass range: 0x140000000

GC Precious Log:
 CPUs: 12 total, 12 available
 Memory: 16068M
 Large Page Support: Disabled
 NUMA Support: Disabled
 Compressed Oops: Enabled (32-bit)
 Heap Region Size: 1M
 Heap Min Capacity: 8M
 Heap Initial Capacity: 252M
 Heap Max Capacity: 2G
 Pre-touch: Disabled
 Parallel Workers: 10
 Concurrent Workers: 3
 Concurrent Refinement Workers: 10
 Periodic GC: Disabled

Heap:
 garbage-first heap   total 304128K, used 155538K [0x0000000080000000, 0x0000000100000000)
  region size 1024K, 10 young (10240K), 5 survivors (5120K)
 Metaspace       used 125415K, committed 126272K, reserved 1163264K
  class space    used 17198K, committed 17600K, reserved 1048576K

Heap Regions: E=young(eden), S=young(survivor), O=old, HS=humongous(starts), HC=humongous(continues), CS=collection set, F=free, OA=open archive, CA=closed archive, TAMS=top-at-mark-start (previous, next)
|   0|0x0000000080000000, 0x0000000080100000, 0x0000000080100000|100%|HS|  |TAMS 0x0000000080100000, 0x0000000080000000| Complete 
|   1|0x0000000080100000, 0x0000000080200000, 0x0000000080200000|100%|HC|  |TAMS 0x0000000080200000, 0x0000000080100000| Complete 
|   2|0x0000000080200000, 0x0000000080300000, 0x0000000080300000|100%|HC|  |TAMS 0x0000000080300000, 0x0000000080200000| Complete 
|   3|0x0000000080300000, 0x0000000080400000, 0x0000000080400000|100%|HC|  |TAMS 0x0000000080400000, 0x0000000080300000| Complete 
|   4|0x0000000080400000, 0x0000000080500000, 0x0000000080500000|100%| O|  |TAMS 0x0000000080500000, 0x0000000080400000| Untracked 
|   5|0x0000000080500000, 0x0000000080600000, 0x0000000080600000|100%| O|  |TAMS 0x0000000080600000, 0x0000000080500000| Untracked 
|   6|0x0000000080600000, 0x0000000080700000, 0x0000000080700000|100%| O|  |TAMS 0x0000000080700000, 0x0000000080600000| Untracked 
|   7|0x0000000080700000, 0x0000000080800000, 0x0000000080800000|100%| O|  |TAMS 0x0000000080800000, 0x0000000080700000| Untracked 
|   8|0x0000000080800000, 0x0000000080900000, 0x0000000080900000|100%| O|  |TAMS 0x0000000080900000, 0x0000000080800000| Untracked 
|   9|0x0000000080900000, 0x0000000080a00000, 0x0000000080a00000|100%| O|  |TAMS 0x0000000080a00000, 0x0000000080900000| Untracked 
|  10|0x0000000080a00000, 0x0000000080b00000, 0x0000000080b00000|100%| O|  |TAMS 0x0000000080b00000, 0x0000000080a00000| Untracked 
|  11|0x0000000080b00000, 0x0000000080c00000, 0x0000000080c00000|100%| O|  |TAMS 0x0000000080c00000, 0x0000000080b00000| Complete 
|  12|0x0000000080c00000, 0x0000000080d00000, 0x0000000080d00000|100%| O|  |TAMS 0x0000000080d00000, 0x0000000080c00000| Untracked 
|  13|0x0000000080d00000, 0x0000000080e00000, 0x0000000080e00000|100%| O|  |TAMS 0x0000000080e00000, 0x0000000080d00000| Untracked 
|  14|0x0000000080e00000, 0x0000000080f00000, 0x0000000080f00000|100%| O|  |TAMS 0x0000000080f00000, 0x0000000080e00000| Untracked 
|  15|0x0000000080f00000, 0x0000000081000000, 0x0000000081000000|100%| O|  |TAMS 0x0000000081000000, 0x0000000080f00000| Untracked 
|  16|0x0000000081000000, 0x0000000081100000, 0x0000000081100000|100%| O|  |TAMS 0x0000000081100000, 0x0000000081000000| Untracked 
|  17|0x0000000081100000, 0x0000000081200000, 0x0000000081200000|100%| O|  |TAMS 0x0000000081200000, 0x0000000081100000| Untracked 
|  18|0x0000000081200000, 0x0000000081300000, 0x0000000081300000|100%| O|  |TAMS 0x0000000081300000, 0x0000000081200000| Untracked 
|  19|0x0000000081300000, 0x0000000081400000, 0x0000000081400000|100%| O|  |TAMS 0x0000000081400000, 0x0000000081300000| Untracked 
|  20|0x0000000081400000, 0x0000000081500000, 0x0000000081500000|100%| O|  |TAMS 0x0000000081500000, 0x0000000081400000| Untracked 
|  21|0x0000000081500000, 0x0000000081600000, 0x0000000081600000|100%| O|  |TAMS 0x0000000081600000, 0x0000000081500000| Untracked 
|  22|0x0000000081600000, 0x0000000081700000, 0x0000000081700000|100%| O|  |TAMS 0x0000000081700000, 0x0000000081600000| Untracked 
|  23|0x0000000081700000, 0x0000000081800000, 0x0000000081800000|100%| O|  |TAMS 0x0000000081800000, 0x0000000081700000| Untracked 
|  24|0x0000000081800000, 0x0000000081900000, 0x0000000081900000|100%| O|  |TAMS 0x0000000081900000, 0x0000000081800000| Untracked 
|  25|0x0000000081900000, 0x0000000081a00000, 0x0000000081a00000|100%| O|  |TAMS 0x0000000081a00000, 0x0000000081900000| Untracked 
|  26|0x0000000081a00000, 0x0000000081b00000, 0x0000000081b00000|100%| O|  |TAMS 0x0000000081b00000, 0x0000000081a00000| Untracked 
|  27|0x0000000081b00000, 0x0000000081c00000, 0x0000000081c00000|100%| O|  |TAMS 0x0000000081c00000, 0x0000000081b00000| Untracked 
|  28|0x0000000081c00000, 0x0000000081d00000, 0x0000000081d00000|100%| O|  |TAMS 0x0000000081d00000, 0x0000000081c00000| Untracked 
|  29|0x0000000081d00000, 0x0000000081e00000, 0x0000000081e00000|100%| O|  |TAMS 0x0000000081e00000, 0x0000000081d00000| Untracked 
|  30|0x0000000081e00000, 0x0000000081f00000, 0x0000000081f00000|100%| O|  |TAMS 0x0000000081f00000, 0x0000000081e00000| Untracked 
|  31|0x0000000081f00000, 0x0000000082000000, 0x0000000082000000|100%|HS|  |TAMS 0x0000000082000000, 0x0000000081f00000| Complete 
|  32|0x0000000082000000, 0x0000000082100000, 0x0000000082100000|100%|HS|  |TAMS 0x0000000082100000, 0x0000000082000000| Complete 
|  33|0x0000000082100000, 0x0000000082200000, 0x0000000082200000|100%|HS|  |TAMS 0x0000000082200000, 0x0000000082100000| Complete 
|  34|0x0000000082200000, 0x0000000082300000, 0x0000000082300000|100%|HC|  |TAMS 0x0000000082300000, 0x0000000082200000| Complete 
|  35|0x0000000082300000, 0x0000000082400000, 0x0000000082400000|100%| O|  |TAMS 0x0000000082400000, 0x0000000082300000| Untracked 
|  36|0x0000000082400000, 0x0000000082500000, 0x0000000082500000|100%| O|  |TAMS 0x0000000082500000, 0x0000000082400000| Untracked 
|  37|0x0000000082500000, 0x0000000082600000, 0x0000000082600000|100%| O|  |TAMS 0x0000000082600000, 0x0000000082500000| Untracked 
|  38|0x0000000082600000, 0x0000000082700000, 0x0000000082700000|100%| O|  |TAMS 0x0000000082700000, 0x0000000082600000| Untracked 
|  39|0x0000000082700000, 0x0000000082800000, 0x0000000082800000|100%| O|  |TAMS 0x0000000082800000, 0x0000000082700000| Untracked 
|  40|0x0000000082800000, 0x0000000082900000, 0x0000000082900000|100%| O|  |TAMS 0x0000000082900000, 0x0000000082800000| Untracked 
|  41|0x0000000082900000, 0x0000000082a00000, 0x0000000082a00000|100%| O|  |TAMS 0x0000000082a00000, 0x0000000082900000| Untracked 
|  42|0x0000000082a00000, 0x0000000082b00000, 0x0000000082b00000|100%|HS|  |TAMS 0x0000000082b00000, 0x0000000082a00000| Complete 
|  43|0x0000000082b00000, 0x0000000082c00000, 0x0000000082c00000|100%|HS|  |TAMS 0x0000000082c00000, 0x0000000082b00000| Complete 
|  44|0x0000000082c00000, 0x0000000082d00000, 0x0000000082d00000|100%|HC|  |TAMS 0x0000000082d00000, 0x0000000082c00000| Complete 
|  45|0x0000000082d00000, 0x0000000082e00000, 0x0000000082e00000|100%|HC|  |TAMS 0x0000000082e00000, 0x0000000082d00000| Complete 
|  46|0x0000000082e00000, 0x0000000082f00000, 0x0000000082f00000|100%|HC|  |TAMS 0x0000000082f00000, 0x0000000082e00000| Complete 
|  47|0x0000000082f00000, 0x0000000083000000, 0x0000000083000000|100%| O|  |TAMS 0x0000000083000000, 0x0000000082f00000| Untracked 
|  48|0x0000000083000000, 0x0000000083100000, 0x0000000083100000|100%| O|  |TAMS 0x0000000083100000, 0x0000000083000000| Untracked 
|  49|0x0000000083100000, 0x0000000083200000, 0x0000000083200000|100%| O|  |TAMS 0x0000000083200000, 0x0000000083100000| Untracked 
|  50|0x0000000083200000, 0x0000000083300000, 0x0000000083300000|100%| O|  |TAMS 0x0000000083300000, 0x0000000083200000| Untracked 
|  51|0x0000000083300000, 0x0000000083400000, 0x0000000083400000|100%| O|  |TAMS 0x0000000083400000, 0x0000000083300000| Untracked 
|  52|0x0000000083400000, 0x0000000083500000, 0x0000000083500000|100%| O|  |TAMS 0x0000000083500000, 0x0000000083400000| Untracked 
|  53|0x0000000083500000, 0x0000000083600000, 0x0000000083600000|100%| O|  |TAMS 0x0000000083600000, 0x0000000083500000| Untracked 
|  54|0x0000000083600000, 0x0000000083700000, 0x0000000083700000|100%| O|  |TAMS 0x0000000083700000, 0x0000000083600000| Untracked 
|  55|0x0000000083700000, 0x0000000083800000, 0x0000000083800000|100%| O|  |TAMS 0x0000000083800000, 0x0000000083700000| Untracked 
|  56|0x0000000083800000, 0x0000000083900000, 0x0000000083900000|100%| O|  |TAMS 0x0000000083900000, 0x0000000083800000| Untracked 
|  57|0x0000000083900000, 0x0000000083a00000, 0x0000000083a00000|100%| O|  |TAMS 0x0000000083a00000, 0x0000000083900000| Untracked 
|  58|0x0000000083a00000, 0x0000000083b00000, 0x0000000083b00000|100%| O|  |TAMS 0x0000000083b00000, 0x0000000083a00000| Untracked 
|  59|0x0000000083b00000, 0x0000000083c00000, 0x0000000083c00000|100%| O|  |TAMS 0x0000000083c00000, 0x0000000083b00000| Untracked 
|  60|0x0000000083c00000, 0x0000000083d00000, 0x0000000083d00000|100%| O|  |TAMS 0x0000000083d00000, 0x0000000083c00000| Untracked 
|  61|0x0000000083d00000, 0x0000000083e00000, 0x0000000083e00000|100%| O|  |TAMS 0x0000000083e00000, 0x0000000083d00000| Untracked 
|  62|0x0000000083e00000, 0x0000000083f00000, 0x0000000083f00000|100%| O|  |TAMS 0x0000000083f00000, 0x0000000083e00000| Untracked 
|  63|0x0000000083f00000, 0x0000000084000000, 0x0000000084000000|100%| O|  |TAMS 0x0000000084000000, 0x0000000083f00000| Untracked 
|  64|0x0000000084000000, 0x0000000084100000, 0x0000000084100000|100%| O|  |TAMS 0x0000000084100000, 0x0000000084000000| Untracked 
|  65|0x0000000084100000, 0x0000000084200000, 0x0000000084200000|100%| O|  |TAMS 0x0000000084200000, 0x0000000084100000| Untracked 
|  66|0x0000000084200000, 0x0000000084300000, 0x0000000084300000|100%| O|  |TAMS 0x0000000084300000, 0x0000000084200000| Untracked 
|  67|0x0000000084300000, 0x0000000084400000, 0x0000000084400000|100%| O|  |TAMS 0x0000000084400000, 0x0000000084300000| Untracked 
|  68|0x0000000084400000, 0x0000000084500000, 0x0000000084500000|100%| O|  |TAMS 0x0000000084500000, 0x0000000084400000| Untracked 
|  69|0x0000000084500000, 0x0000000084600000, 0x0000000084600000|100%| O|  |TAMS 0x0000000084600000, 0x0000000084500000| Untracked 
|  70|0x0000000084600000, 0x0000000084700000, 0x0000000084700000|100%| O|  |TAMS 0x0000000084700000, 0x0000000084600000| Complete 
|  71|0x0000000084700000, 0x0000000084800000, 0x0000000084800000|100%| O|  |TAMS 0x0000000084800000, 0x0000000084700000| Untracked 
|  72|0x0000000084800000, 0x0000000084900000, 0x0000000084900000|100%| O|  |TAMS 0x0000000084900000, 0x0000000084800000| Untracked 
|  73|0x0000000084900000, 0x0000000084a00000, 0x0000000084a00000|100%| O|  |TAMS 0x0000000084a00000, 0x0000000084900000| Complete 
|  74|0x0000000084a00000, 0x0000000084b00000, 0x0000000084b00000|100%| O|  |TAMS 0x0000000084b00000, 0x0000000084a00000| Untracked 
|  75|0x0000000084b00000, 0x0000000084c00000, 0x0000000084c00000|100%| O|  |TAMS 0x0000000084c00000, 0x0000000084b00000| Untracked 
|  76|0x0000000084c00000, 0x0000000084d00000, 0x0000000084d00000|100%| O|  |TAMS 0x0000000084d00000, 0x0000000084c00000| Untracked 
|  77|0x0000000084d00000, 0x0000000084e00000, 0x0000000084e00000|100%| O|  |TAMS 0x0000000084e00000, 0x0000000084d00000| Untracked 
|  78|0x0000000084e00000, 0x0000000084f00000, 0x0000000084f00000|100%| O|  |TAMS 0x0000000084f00000, 0x0000000084e00000| Untracked 
|  79|0x0000000084f00000, 0x0000000085000000, 0x0000000085000000|100%| O|  |TAMS 0x0000000085000000, 0x0000000084f00000| Untracked 
|  80|0x0000000085000000, 0x0000000085100000, 0x0000000085100000|100%| O|  |TAMS 0x0000000085100000, 0x0000000085000000| Untracked 
|  81|0x0000000085100000, 0x0000000085200000, 0x0000000085200000|100%| O|  |TAMS 0x0000000085200000, 0x0000000085100000| Untracked 
|  82|0x0000000085200000, 0x0000000085300000, 0x0000000085300000|100%| O|  |TAMS 0x0000000085300000, 0x0000000085200000| Untracked 
|  83|0x0000000085300000, 0x0000000085400000, 0x0000000085400000|100%| O|  |TAMS 0x0000000085400000, 0x0000000085300000| Untracked 
|  84|0x0000000085400000, 0x0000000085500000, 0x0000000085500000|100%| O|  |TAMS 0x0000000085500000, 0x0000000085400000| Untracked 
|  85|0x0000000085500000, 0x0000000085600000, 0x0000000085600000|100%| O|  |TAMS 0x0000000085600000, 0x0000000085500000| Untracked 
|  86|0x0000000085600000, 0x0000000085700000, 0x0000000085700000|100%| O|  |TAMS 0x0000000085700000, 0x0000000085600000| Complete 
|  87|0x0000000085700000, 0x0000000085800000, 0x0000000085800000|100%| O|  |TAMS 0x0000000085800000, 0x0000000085700000| Untracked 
|  88|0x0000000085800000, 0x0000000085900000, 0x0000000085900000|100%| O|  |TAMS 0x0000000085900000, 0x0000000085800000| Untracked 
|  89|0x0000000085900000, 0x0000000085a00000, 0x0000000085a00000|100%| O|  |TAMS 0x0000000085a00000, 0x0000000085900000| Untracked 
|  90|0x0000000085a00000, 0x0000000085b00000, 0x0000000085b00000|100%| O|  |TAMS 0x0000000085b00000, 0x0000000085a00000| Untracked 
|  91|0x0000000085b00000, 0x0000000085c00000, 0x0000000085c00000|100%| O|  |TAMS 0x0000000085c00000, 0x0000000085b00000| Untracked 
|  92|0x0000000085c00000, 0x0000000085d00000, 0x0000000085d00000|100%| O|  |TAMS 0x0000000085d00000, 0x0000000085c00000| Untracked 
|  93|0x0000000085d00000, 0x0000000085e00000, 0x0000000085e00000|100%| O|  |TAMS 0x0000000085e00000, 0x0000000085d00000| Untracked 
|  94|0x0000000085e00000, 0x0000000085f00000, 0x0000000085f00000|100%| O|  |TAMS 0x0000000085f00000, 0x0000000085e00000| Untracked 
|  95|0x0000000085f00000, 0x0000000086000000, 0x0000000086000000|100%| O|  |TAMS 0x0000000086000000, 0x0000000085f00000| Untracked 
|  96|0x0000000086000000, 0x0000000086100000, 0x0000000086100000|100%| O|  |TAMS 0x0000000086100000, 0x0000000086000000| Untracked 
|  97|0x0000000086100000, 0x0000000086200000, 0x0000000086200000|100%| O|  |TAMS 0x0000000086200000, 0x0000000086100000| Untracked 
|  98|0x0000000086200000, 0x0000000086300000, 0x0000000086300000|100%| O|  |TAMS 0x0000000086300000, 0x0000000086200000| Untracked 
|  99|0x0000000086300000, 0x0000000086400000, 0x0000000086400000|100%| O|  |TAMS 0x0000000086400000, 0x0000000086300000| Untracked 
| 100|0x0000000086400000, 0x0000000086500000, 0x0000000086500000|100%| O|  |TAMS 0x0000000086500000, 0x0000000086400000| Untracked 
| 101|0x0000000086500000, 0x0000000086600000, 0x0000000086600000|100%| O|  |TAMS 0x0000000086600000, 0x0000000086500000| Untracked 
| 102|0x0000000086600000, 0x0000000086700000, 0x0000000086700000|100%| O|  |TAMS 0x0000000086700000, 0x0000000086600000| Untracked 
| 103|0x0000000086700000, 0x0000000086800000, 0x0000000086800000|100%| O|  |TAMS 0x0000000086800000, 0x0000000086700000| Untracked 
| 104|0x0000000086800000, 0x0000000086900000, 0x0000000086900000|100%| O|  |TAMS 0x0000000086900000, 0x0000000086800000| Untracked 
| 105|0x0000000086900000, 0x0000000086a00000, 0x0000000086a00000|100%| O|  |TAMS 0x0000000086900000, 0x0000000086900000| Untracked 
| 106|0x0000000086a00000, 0x0000000086b00000, 0x0000000086b00000|100%| O|  |TAMS 0x0000000086b00000, 0x0000000086a00000| Untracked 
| 107|0x0000000086b00000, 0x0000000086c00000, 0x0000000086c00000|100%| O|  |TAMS 0x0000000086c00000, 0x0000000086b00000| Untracked 
| 108|0x0000000086c00000, 0x0000000086d00000, 0x0000000086d00000|100%| O|  |TAMS 0x0000000086d00000, 0x0000000086c00000| Untracked 
| 109|0x0000000086d00000, 0x0000000086e00000, 0x0000000086e00000|100%| O|  |TAMS 0x0000000086e00000, 0x0000000086d00000| Untracked 
| 110|0x0000000086e00000, 0x0000000086f00000, 0x0000000086f00000|100%| O|  |TAMS 0x0000000086f00000, 0x0000000086e00000| Untracked 
| 111|0x0000000086f00000, 0x0000000087000000, 0x0000000087000000|100%| O|  |TAMS 0x0000000087000000, 0x0000000086f00000| Untracked 
| 112|0x0000000087000000, 0x0000000087100000, 0x0000000087100000|100%| O|  |TAMS 0x0000000087100000, 0x0000000087000000| Untracked 
| 113|0x0000000087100000, 0x0000000087200000, 0x0000000087200000|100%| O|  |TAMS 0x0000000087200000, 0x0000000087100000| Untracked 
| 114|0x0000000087200000, 0x0000000087300000, 0x0000000087300000|100%| O|  |TAMS 0x0000000087300000, 0x0000000087200000| Untracked 
| 115|0x0000000087300000, 0x0000000087400000, 0x0000000087400000|100%| O|  |TAMS 0x0000000087400000, 0x0000000087300000| Untracked 
| 116|0x0000000087400000, 0x0000000087500000, 0x0000000087500000|100%| O|  |TAMS 0x0000000087500000, 0x0000000087400000| Untracked 
| 117|0x0000000087500000, 0x0000000087600000, 0x0000000087600000|100%| O|  |TAMS 0x0000000087600000, 0x0000000087500000| Untracked 
| 118|0x0000000087600000, 0x0000000087700000, 0x0000000087700000|100%| O|  |TAMS 0x0000000087700000, 0x0000000087600000| Untracked 
| 119|0x0000000087700000, 0x0000000087800000, 0x0000000087800000|100%| O|  |TAMS 0x0000000087800000, 0x0000000087700000| Untracked 
| 120|0x0000000087800000, 0x0000000087900000, 0x0000000087900000|100%| O|  |TAMS 0x0000000087900000, 0x0000000087800000| Untracked 
| 121|0x0000000087900000, 0x0000000087a00000, 0x0000000087a00000|100%| O|  |TAMS 0x0000000087a00000, 0x0000000087900000| Untracked 
| 122|0x0000000087a00000, 0x0000000087b00000, 0x0000000087b00000|100%| O|  |TAMS 0x0000000087b00000, 0x0000000087a00000| Untracked 
| 123|0x0000000087b00000, 0x0000000087c00000, 0x0000000087c00000|100%| O|  |TAMS 0x0000000087c00000, 0x0000000087b00000| Untracked 
| 124|0x0000000087c00000, 0x0000000087d00000, 0x0000000087d00000|100%| O|  |TAMS 0x0000000087d00000, 0x0000000087c00000| Untracked 
| 125|0x0000000087d00000, 0x0000000087e00000, 0x0000000087e00000|100%| O|  |TAMS 0x0000000087e00000, 0x0000000087d00000| Untracked 
| 126|0x0000000087e00000, 0x0000000087f00000, 0x0000000087f00000|100%| O|  |TAMS 0x0000000087f00000, 0x0000000087e00000| Untracked 
| 127|0x0000000087f00000, 0x0000000088000000, 0x0000000088000000|100%| O|  |TAMS 0x0000000088000000, 0x0000000087f00000| Untracked 
| 128|0x0000000088000000, 0x0000000088100000, 0x0000000088100000|100%| O|  |TAMS 0x0000000088100000, 0x0000000088000000| Untracked 
| 129|0x0000000088100000, 0x0000000088200000, 0x0000000088200000|100%| O|  |TAMS 0x0000000088200000, 0x0000000088100000| Untracked 
| 130|0x0000000088200000, 0x0000000088300000, 0x0000000088300000|100%| O|  |TAMS 0x0000000088300000, 0x0000000088200000| Untracked 
| 131|0x0000000088300000, 0x0000000088400000, 0x0000000088400000|100%| O|  |TAMS 0x0000000088400000, 0x0000000088300000| Untracked 
| 132|0x0000000088400000, 0x0000000088500000, 0x0000000088500000|100%| O|  |TAMS 0x0000000088500000, 0x0000000088400000| Untracked 
| 133|0x0000000088500000, 0x0000000088600000, 0x0000000088600000|100%| O|  |TAMS 0x0000000088600000, 0x0000000088500000| Untracked 
| 134|0x0000000088600000, 0x0000000088700000, 0x0000000088700000|100%| O|  |TAMS 0x0000000088700000, 0x0000000088600000| Complete 
| 135|0x0000000088700000, 0x0000000088800000, 0x0000000088800000|100%| O|  |TAMS 0x0000000088800000, 0x0000000088700000| Untracked 
| 136|0x0000000088800000, 0x0000000088900000, 0x0000000088900000|100%| O|  |TAMS 0x0000000088900000, 0x0000000088800000| Untracked 
| 137|0x0000000088900000, 0x0000000088a00000, 0x0000000088a00000|100%| O|  |TAMS 0x0000000088a00000, 0x0000000088900000| Untracked 
| 138|0x0000000088a00000, 0x0000000088b00000, 0x0000000088b00000|100%| O|  |TAMS 0x0000000088b00000, 0x0000000088a00000| Untracked 
| 139|0x0000000088b00000, 0x0000000088c00000, 0x0000000088c00000|100%| O|  |TAMS 0x0000000088c00000, 0x0000000088b00000| Untracked 
| 140|0x0000000088c00000, 0x0000000088d00000, 0x0000000088d00000|100%| O|  |TAMS 0x0000000088d00000, 0x0000000088c00000| Untracked 
| 141|0x0000000088d00000, 0x0000000088e00000, 0x0000000088e00000|100%| O|  |TAMS 0x0000000088db9200, 0x0000000088d00000| Complete 
| 142|0x0000000088e00000, 0x0000000088f00000, 0x0000000088f00000|100%| O|  |TAMS 0x0000000088e00000, 0x0000000088e00000| Untracked 
| 143|0x0000000088f00000, 0x0000000088f00000, 0x0000000089000000|  0%| F|  |TAMS 0x0000000088f00000, 0x0000000088f00000| Untracked 
| 144|0x0000000089000000, 0x0000000089000000, 0x0000000089100000|  0%| F|  |TAMS 0x0000000089000000, 0x0000000089000000| Untracked 
| 145|0x0000000089100000, 0x0000000089100000, 0x0000000089200000|  0%| F|  |TAMS 0x0000000089100000, 0x0000000089100000| Untracked 
| 146|0x0000000089200000, 0x0000000089200000, 0x0000000089300000|  0%| F|  |TAMS 0x0000000089200000, 0x0000000089200000| Untracked 
| 147|0x0000000089300000, 0x0000000089300000, 0x0000000089400000|  0%| F|  |TAMS 0x0000000089300000, 0x0000000089300000| Untracked 
| 148|0x0000000089400000, 0x0000000089400000, 0x0000000089500000|  0%| F|  |TAMS 0x0000000089400000, 0x0000000089400000| Untracked 
| 149|0x0000000089500000, 0x0000000089500000, 0x0000000089600000|  0%| F|  |TAMS 0x0000000089500000, 0x0000000089500000| Untracked 
| 150|0x0000000089600000, 0x0000000089600000, 0x0000000089700000|  0%| F|  |TAMS 0x0000000089600000, 0x0000000089600000| Untracked 
| 151|0x0000000089700000, 0x0000000089700000, 0x0000000089800000|  0%| F|  |TAMS 0x0000000089700000, 0x0000000089700000| Untracked 
| 152|0x0000000089800000, 0x0000000089800000, 0x0000000089900000|  0%| F|  |TAMS 0x0000000089800000, 0x0000000089800000| Untracked 
| 153|0x0000000089900000, 0x0000000089900000, 0x0000000089a00000|  0%| F|  |TAMS 0x0000000089900000, 0x0000000089900000| Untracked 
| 154|0x0000000089a00000, 0x0000000089a00000, 0x0000000089b00000|  0%| F|  |TAMS 0x0000000089a00000, 0x0000000089a00000| Untracked 
| 155|0x0000000089b00000, 0x0000000089b00000, 0x0000000089c00000|  0%| F|  |TAMS 0x0000000089b00000, 0x0000000089b00000| Untracked 
| 156|0x0000000089c00000, 0x0000000089c00000, 0x0000000089d00000|  0%| F|  |TAMS 0x0000000089c00000, 0x0000000089c00000| Untracked 
| 157|0x0000000089d00000, 0x0000000089d00000, 0x0000000089e00000|  0%| F|  |TAMS 0x0000000089d00000, 0x0000000089d00000| Untracked 
| 158|0x0000000089e00000, 0x0000000089e00000, 0x0000000089f00000|  0%| F|  |TAMS 0x0000000089e00000, 0x0000000089e00000| Untracked 
| 159|0x0000000089f00000, 0x0000000089f00000, 0x000000008a000000|  0%| F|  |TAMS 0x0000000089f00000, 0x0000000089f00000| Untracked 
| 160|0x000000008a000000, 0x000000008a000000, 0x000000008a100000|  0%| F|  |TAMS 0x000000008a000000, 0x000000008a000000| Untracked 
| 161|0x000000008a100000, 0x000000008a100000, 0x000000008a200000|  0%| F|  |TAMS 0x000000008a100000, 0x000000008a100000| Untracked 
| 162|0x000000008a200000, 0x000000008a200000, 0x000000008a300000|  0%| F|  |TAMS 0x000000008a200000, 0x000000008a200000| Untracked 
| 163|0x000000008a300000, 0x000000008a300000, 0x000000008a400000|  0%| F|  |TAMS 0x000000008a300000, 0x000000008a300000| Untracked 
| 164|0x000000008a400000, 0x000000008a400000, 0x000000008a500000|  0%| F|  |TAMS 0x000000008a400000, 0x000000008a400000| Untracked 
| 165|0x000000008a500000, 0x000000008a500000, 0x000000008a600000|  0%| F|  |TAMS 0x000000008a500000, 0x000000008a500000| Untracked 
| 166|0x000000008a600000, 0x000000008a600000, 0x000000008a700000|  0%| F|  |TAMS 0x000000008a600000, 0x000000008a600000| Untracked 
| 167|0x000000008a700000, 0x000000008a700000, 0x000000008a800000|  0%| F|  |TAMS 0x000000008a700000, 0x000000008a700000| Untracked 
| 168|0x000000008a800000, 0x000000008a800000, 0x000000008a900000|  0%| F|  |TAMS 0x000000008a800000, 0x000000008a800000| Untracked 
| 169|0x000000008a900000, 0x000000008a900000, 0x000000008aa00000|  0%| F|  |TAMS 0x000000008a900000, 0x000000008a900000| Untracked 
| 170|0x000000008aa00000, 0x000000008aa00000, 0x000000008ab00000|  0%| F|  |TAMS 0x000000008aa00000, 0x000000008aa00000| Untracked 
| 171|0x000000008ab00000, 0x000000008ac00000, 0x000000008ac00000|100%| O|  |TAMS 0x000000008ab00000, 0x000000008ab00000| Untracked 
| 172|0x000000008ac00000, 0x000000008ac5ba00, 0x000000008ad00000| 35%| O|  |TAMS 0x000000008ac00000, 0x000000008ac00000| Untracked 
| 173|0x000000008ad00000, 0x000000008ad00000, 0x000000008ae00000|  0%| F|  |TAMS 0x000000008ad00000, 0x000000008ad00000| Untracked 
| 174|0x000000008ae00000, 0x000000008ae00000, 0x000000008af00000|  0%| F|  |TAMS 0x000000008ae00000, 0x000000008ae00000| Untracked 
| 175|0x000000008af00000, 0x000000008af00000, 0x000000008b000000|  0%| F|  |TAMS 0x000000008af00000, 0x000000008af00000| Untracked 
| 176|0x000000008b000000, 0x000000008b000000, 0x000000008b100000|  0%| F|  |TAMS 0x000000008b000000, 0x000000008b000000| Untracked 
| 177|0x000000008b100000, 0x000000008b100000, 0x000000008b200000|  0%| F|  |TAMS 0x000000008b100000, 0x000000008b100000| Untracked 
| 178|0x000000008b200000, 0x000000008b200000, 0x000000008b300000|  0%| F|  |TAMS 0x000000008b200000, 0x000000008b200000| Untracked 
| 179|0x000000008b300000, 0x000000008b300000, 0x000000008b400000|  0%| F|  |TAMS 0x000000008b300000, 0x000000008b300000| Untracked 
| 180|0x000000008b400000, 0x000000008b400000, 0x000000008b500000|  0%| F|  |TAMS 0x000000008b400000, 0x000000008b400000| Untracked 
| 181|0x000000008b500000, 0x000000008b500000, 0x000000008b600000|  0%| F|  |TAMS 0x000000008b500000, 0x000000008b500000| Untracked 
| 182|0x000000008b600000, 0x000000008b600000, 0x000000008b700000|  0%| F|  |TAMS 0x000000008b600000, 0x000000008b600000| Untracked 
| 183|0x000000008b700000, 0x000000008b700000, 0x000000008b800000|  0%| F|  |TAMS 0x000000008b700000, 0x000000008b700000| Untracked 
| 184|0x000000008b800000, 0x000000008b800000, 0x000000008b900000|  0%| F|  |TAMS 0x000000008b800000, 0x000000008b800000| Untracked 
| 185|0x000000008b900000, 0x000000008b900000, 0x000000008ba00000|  0%| F|  |TAMS 0x000000008b900000, 0x000000008b900000| Untracked 
| 186|0x000000008ba00000, 0x000000008ba00000, 0x000000008bb00000|  0%| F|  |TAMS 0x000000008ba00000, 0x000000008ba00000| Untracked 
| 187|0x000000008bb00000, 0x000000008bb00000, 0x000000008bc00000|  0%| F|  |TAMS 0x000000008bb00000, 0x000000008bb00000| Untracked 
| 188|0x000000008bc00000, 0x000000008bc00000, 0x000000008bd00000|  0%| F|  |TAMS 0x000000008bc00000, 0x000000008bc00000| Untracked 
| 189|0x000000008bd00000, 0x000000008bd00000, 0x000000008be00000|  0%| F|  |TAMS 0x000000008bd00000, 0x000000008bd00000| Untracked 
| 190|0x000000008be00000, 0x000000008be00000, 0x000000008bf00000|  0%| F|  |TAMS 0x000000008be00000, 0x000000008be00000| Untracked 
| 191|0x000000008bf00000, 0x000000008bf00000, 0x000000008c000000|  0%| F|  |TAMS 0x000000008bf00000, 0x000000008bf00000| Untracked 
| 192|0x000000008c000000, 0x000000008c000000, 0x000000008c100000|  0%| F|  |TAMS 0x000000008c000000, 0x000000008c000000| Untracked 
| 193|0x000000008c100000, 0x000000008c100000, 0x000000008c200000|  0%| F|  |TAMS 0x000000008c100000, 0x000000008c100000| Untracked 
| 194|0x000000008c200000, 0x000000008c200000, 0x000000008c300000|  0%| F|  |TAMS 0x000000008c200000, 0x000000008c200000| Untracked 
| 195|0x000000008c300000, 0x000000008c300000, 0x000000008c400000|  0%| F|  |TAMS 0x000000008c300000, 0x000000008c300000| Untracked 
| 196|0x000000008c400000, 0x000000008c400000, 0x000000008c500000|  0%| F|  |TAMS 0x000000008c400000, 0x000000008c400000| Untracked 
| 197|0x000000008c500000, 0x000000008c500000, 0x000000008c600000|  0%| F|  |TAMS 0x000000008c500000, 0x000000008c500000| Untracked 
| 198|0x000000008c600000, 0x000000008c600000, 0x000000008c700000|  0%| F|  |TAMS 0x000000008c600000, 0x000000008c600000| Untracked 
| 199|0x000000008c700000, 0x000000008c700000, 0x000000008c800000|  0%| F|  |TAMS 0x000000008c700000, 0x000000008c700000| Untracked 
| 200|0x000000008c800000, 0x000000008c800000, 0x000000008c900000|  0%| F|  |TAMS 0x000000008c800000, 0x000000008c800000| Untracked 
| 201|0x000000008c900000, 0x000000008c900000, 0x000000008ca00000|  0%| F|  |TAMS 0x000000008c900000, 0x000000008c900000| Untracked 
| 202|0x000000008ca00000, 0x000000008ca00000, 0x000000008cb00000|  0%| F|  |TAMS 0x000000008ca00000, 0x000000008ca00000| Untracked 
| 203|0x000000008cb00000, 0x000000008cb00000, 0x000000008cc00000|  0%| F|  |TAMS 0x000000008cb00000, 0x000000008cb00000| Untracked 
| 204|0x000000008cc00000, 0x000000008cc00000, 0x000000008cd00000|  0%| F|  |TAMS 0x000000008cc00000, 0x000000008cc00000| Untracked 
| 205|0x000000008cd00000, 0x000000008cd00000, 0x000000008ce00000|  0%| F|  |TAMS 0x000000008cd00000, 0x000000008cd00000| Untracked 
| 206|0x000000008ce00000, 0x000000008ce00000, 0x000000008cf00000|  0%| F|  |TAMS 0x000000008ce00000, 0x000000008ce00000| Untracked 
| 207|0x000000008cf00000, 0x000000008cf00000, 0x000000008d000000|  0%| F|  |TAMS 0x000000008cf00000, 0x000000008cf00000| Untracked 
| 208|0x000000008d000000, 0x000000008d000000, 0x000000008d100000|  0%| F|  |TAMS 0x000000008d000000, 0x000000008d000000| Untracked 
| 209|0x000000008d100000, 0x000000008d100000, 0x000000008d200000|  0%| F|  |TAMS 0x000000008d100000, 0x000000008d100000| Untracked 
| 210|0x000000008d200000, 0x000000008d200000, 0x000000008d300000|  0%| F|  |TAMS 0x000000008d200000, 0x000000008d200000| Untracked 
| 211|0x000000008d300000, 0x000000008d300000, 0x000000008d400000|  0%| F|  |TAMS 0x000000008d300000, 0x000000008d300000| Untracked 
| 212|0x000000008d400000, 0x000000008d400000, 0x000000008d500000|  0%| F|  |TAMS 0x000000008d400000, 0x000000008d400000| Untracked 
| 213|0x000000008d500000, 0x000000008d500000, 0x000000008d600000|  0%| F|  |TAMS 0x000000008d500000, 0x000000008d500000| Untracked 
| 214|0x000000008d600000, 0x000000008d600000, 0x000000008d700000|  0%| F|  |TAMS 0x000000008d600000, 0x000000008d600000| Untracked 
| 215|0x000000008d700000, 0x000000008d700000, 0x000000008d800000|  0%| F|  |TAMS 0x000000008d700000, 0x000000008d700000| Untracked 
| 216|0x000000008d800000, 0x000000008d800000, 0x000000008d900000|  0%| F|  |TAMS 0x000000008d800000, 0x000000008d800000| Untracked 
| 217|0x000000008d900000, 0x000000008d900000, 0x000000008da00000|  0%| F|  |TAMS 0x000000008d900000, 0x000000008d900000| Untracked 
| 218|0x000000008da00000, 0x000000008da00000, 0x000000008db00000|  0%| F|  |TAMS 0x000000008da00000, 0x000000008da00000| Untracked 
| 219|0x000000008db00000, 0x000000008db00000, 0x000000008dc00000|  0%| F|  |TAMS 0x000000008db00000, 0x000000008db00000| Untracked 
| 220|0x000000008dc00000, 0x000000008dc00000, 0x000000008dd00000|  0%| F|  |TAMS 0x000000008dc00000, 0x000000008dc00000| Untracked 
| 221|0x000000008dd00000, 0x000000008dd00000, 0x000000008de00000|  0%| F|  |TAMS 0x000000008dd00000, 0x000000008dd00000| Untracked 
| 222|0x000000008de00000, 0x000000008de00000, 0x000000008df00000|  0%| F|  |TAMS 0x000000008de00000, 0x000000008de00000| Untracked 
| 223|0x000000008df00000, 0x000000008df00000, 0x000000008e000000|  0%| F|  |TAMS 0x000000008df00000, 0x000000008df00000| Untracked 
| 224|0x000000008e000000, 0x000000008e000000, 0x000000008e100000|  0%| F|  |TAMS 0x000000008e000000, 0x000000008e000000| Untracked 
| 225|0x000000008e100000, 0x000000008e100000, 0x000000008e200000|  0%| F|  |TAMS 0x000000008e100000, 0x000000008e100000| Untracked 
| 226|0x000000008e200000, 0x000000008e200000, 0x000000008e300000|  0%| F|  |TAMS 0x000000008e200000, 0x000000008e200000| Untracked 
| 227|0x000000008e300000, 0x000000008e300000, 0x000000008e400000|  0%| F|  |TAMS 0x000000008e300000, 0x000000008e300000| Untracked 
| 228|0x000000008e400000, 0x000000008e400000, 0x000000008e500000|  0%| F|  |TAMS 0x000000008e400000, 0x000000008e400000| Untracked 
| 229|0x000000008e500000, 0x000000008e500000, 0x000000008e600000|  0%| F|  |TAMS 0x000000008e500000, 0x000000008e500000| Untracked 
| 230|0x000000008e600000, 0x000000008e600000, 0x000000008e700000|  0%| F|  |TAMS 0x000000008e600000, 0x000000008e600000| Untracked 
| 231|0x000000008e700000, 0x000000008e700000, 0x000000008e800000|  0%| F|  |TAMS 0x000000008e700000, 0x000000008e700000| Untracked 
| 232|0x000000008e800000, 0x000000008e800000, 0x000000008e900000|  0%| F|  |TAMS 0x000000008e800000, 0x000000008e800000| Untracked 
| 233|0x000000008e900000, 0x000000008e900000, 0x000000008ea00000|  0%| F|  |TAMS 0x000000008e900000, 0x000000008e900000| Untracked 
| 234|0x000000008ea00000, 0x000000008ea00000, 0x000000008eb00000|  0%| F|  |TAMS 0x000000008ea00000, 0x000000008ea00000| Untracked 
| 235|0x000000008eb00000, 0x000000008eb00000, 0x000000008ec00000|  0%| F|  |TAMS 0x000000008eb00000, 0x000000008eb00000| Untracked 
| 236|0x000000008ec00000, 0x000000008ec00000, 0x000000008ed00000|  0%| F|  |TAMS 0x000000008ec00000, 0x000000008ec00000| Untracked 
| 237|0x000000008ed00000, 0x000000008ed00000, 0x000000008ee00000|  0%| F|  |TAMS 0x000000008ed00000, 0x000000008ed00000| Untracked 
| 238|0x000000008ee00000, 0x000000008ee00000, 0x000000008ef00000|  0%| F|  |TAMS 0x000000008ee00000, 0x000000008ee00000| Untracked 
| 239|0x000000008ef00000, 0x000000008ef00000, 0x000000008f000000|  0%| F|  |TAMS 0x000000008ef00000, 0x000000008ef00000| Untracked 
| 240|0x000000008f000000, 0x000000008f000000, 0x000000008f100000|  0%| F|  |TAMS 0x000000008f000000, 0x000000008f000000| Untracked 
| 241|0x000000008f100000, 0x000000008f100000, 0x000000008f200000|  0%| F|  |TAMS 0x000000008f100000, 0x000000008f100000| Untracked 
| 242|0x000000008f200000, 0x000000008f200000, 0x000000008f300000|  0%| F|  |TAMS 0x000000008f200000, 0x000000008f200000| Untracked 
| 243|0x000000008f300000, 0x000000008f300000, 0x000000008f400000|  0%| F|  |TAMS 0x000000008f300000, 0x000000008f300000| Untracked 
| 244|0x000000008f400000, 0x000000008f400000, 0x000000008f500000|  0%| F|  |TAMS 0x000000008f400000, 0x000000008f400000| Untracked 
| 245|0x000000008f500000, 0x000000008f500000, 0x000000008f600000|  0%| F|  |TAMS 0x000000008f500000, 0x000000008f500000| Untracked 
| 246|0x000000008f600000, 0x000000008f600000, 0x000000008f700000|  0%| F|  |TAMS 0x000000008f600000, 0x000000008f600000| Untracked 
| 247|0x000000008f700000, 0x000000008f700000, 0x000000008f800000|  0%| F|  |TAMS 0x000000008f700000, 0x000000008f700000| Untracked 
| 248|0x000000008f800000, 0x000000008f800000, 0x000000008f900000|  0%| F|  |TAMS 0x000000008f800000, 0x000000008f800000| Untracked 
| 249|0x000000008f900000, 0x000000008f900000, 0x000000008fa00000|  0%| F|  |TAMS 0x000000008f900000, 0x000000008f900000| Untracked 
| 250|0x000000008fa00000, 0x000000008fa00000, 0x000000008fb00000|  0%| F|  |TAMS 0x000000008fa00000, 0x000000008fa00000| Untracked 
| 251|0x000000008fb00000, 0x000000008fb00000, 0x000000008fc00000|  0%| F|  |TAMS 0x000000008fb00000, 0x000000008fb00000| Untracked 
| 252|0x000000008fc00000, 0x000000008fc00000, 0x000000008fd00000|  0%| F|  |TAMS 0x000000008fc00000, 0x000000008fc00000| Untracked 
| 253|0x000000008fd00000, 0x000000008fd00000, 0x000000008fe00000|  0%| F|  |TAMS 0x000000008fd00000, 0x000000008fd00000| Untracked 
| 254|0x000000008fe00000, 0x000000008fe00000, 0x000000008ff00000|  0%| F|  |TAMS 0x000000008fe00000, 0x000000008fe00000| Untracked 
| 255|0x000000008ff00000, 0x000000008ff00000, 0x0000000090000000|  0%| F|  |TAMS 0x000000008ff00000, 0x000000008ff00000| Untracked 
| 256|0x0000000090000000, 0x0000000090000000, 0x0000000090100000|  0%| F|  |TAMS 0x0000000090000000, 0x0000000090000000| Untracked 
| 257|0x0000000090100000, 0x0000000090100000, 0x0000000090200000|  0%| F|  |TAMS 0x0000000090100000, 0x0000000090100000| Untracked 
| 258|0x0000000090200000, 0x0000000090200000, 0x0000000090300000|  0%| F|  |TAMS 0x0000000090200000, 0x0000000090200000| Untracked 
| 259|0x0000000090300000, 0x0000000090300000, 0x0000000090400000|  0%| F|  |TAMS 0x0000000090300000, 0x0000000090300000| Untracked 
| 260|0x0000000090400000, 0x0000000090400000, 0x0000000090500000|  0%| F|  |TAMS 0x0000000090400000, 0x0000000090400000| Untracked 
| 261|0x0000000090500000, 0x0000000090500000, 0x0000000090600000|  0%| F|  |TAMS 0x0000000090500000, 0x0000000090500000| Untracked 
| 262|0x0000000090600000, 0x0000000090600000, 0x0000000090700000|  0%| F|  |TAMS 0x0000000090600000, 0x0000000090600000| Untracked 
| 263|0x0000000090700000, 0x0000000090788fc0, 0x0000000090800000| 53%| S|CS|TAMS 0x0000000090700000, 0x0000000090700000| Complete 
| 264|0x0000000090800000, 0x0000000090900000, 0x0000000090900000|100%| S|CS|TAMS 0x0000000090800000, 0x0000000090800000| Complete 
| 265|0x0000000090900000, 0x0000000090a00000, 0x0000000090a00000|100%| S|CS|TAMS 0x0000000090900000, 0x0000000090900000| Complete 
| 266|0x0000000090a00000, 0x0000000090b00000, 0x0000000090b00000|100%| S|CS|TAMS 0x0000000090a00000, 0x0000000090a00000| Complete 
| 267|0x0000000090b00000, 0x0000000090c00000, 0x0000000090c00000|100%| S|CS|TAMS 0x0000000090b00000, 0x0000000090b00000| Complete 
| 268|0x0000000090c00000, 0x0000000090c00000, 0x0000000090d00000|  0%| F|  |TAMS 0x0000000090c00000, 0x0000000090c00000| Untracked 
| 269|0x0000000090d00000, 0x0000000090d00000, 0x0000000090e00000|  0%| F|  |TAMS 0x0000000090d00000, 0x0000000090d00000| Untracked 
| 270|0x0000000090e00000, 0x0000000090e00000, 0x0000000090f00000|  0%| F|  |TAMS 0x0000000090e00000, 0x0000000090e00000| Untracked 
| 271|0x0000000090f00000, 0x0000000090f00000, 0x0000000091000000|  0%| F|  |TAMS 0x0000000090f00000, 0x0000000090f00000| Untracked 
| 272|0x0000000091000000, 0x0000000091000000, 0x0000000091100000|  0%| F|  |TAMS 0x0000000091000000, 0x0000000091000000| Untracked 
| 273|0x0000000091100000, 0x0000000091100000, 0x0000000091200000|  0%| F|  |TAMS 0x0000000091100000, 0x0000000091100000| Untracked 
| 274|0x0000000091200000, 0x0000000091200000, 0x0000000091300000|  0%| F|  |TAMS 0x0000000091200000, 0x0000000091200000| Untracked 
| 275|0x0000000091300000, 0x0000000091300000, 0x0000000091400000|  0%| F|  |TAMS 0x0000000091300000, 0x0000000091300000| Untracked 
| 276|0x0000000091400000, 0x0000000091400000, 0x0000000091500000|  0%| F|  |TAMS 0x0000000091400000, 0x0000000091400000| Untracked 
| 277|0x0000000091500000, 0x0000000091500000, 0x0000000091600000|  0%| F|  |TAMS 0x0000000091500000, 0x0000000091500000| Untracked 
| 278|0x0000000091600000, 0x0000000091600000, 0x0000000091700000|  0%| F|  |TAMS 0x0000000091600000, 0x0000000091600000| Untracked 
| 279|0x0000000091700000, 0x0000000091700000, 0x0000000091800000|  0%| F|  |TAMS 0x0000000091700000, 0x0000000091700000| Untracked 
| 280|0x0000000091800000, 0x0000000091800000, 0x0000000091900000|  0%| F|  |TAMS 0x0000000091800000, 0x0000000091800000| Untracked 
| 281|0x0000000091900000, 0x0000000091900000, 0x0000000091a00000|  0%| F|  |TAMS 0x0000000091900000, 0x0000000091900000| Untracked 
| 282|0x0000000091a00000, 0x0000000091a00000, 0x0000000091b00000|  0%| F|  |TAMS 0x0000000091a00000, 0x0000000091a00000| Untracked 
| 283|0x0000000091b00000, 0x0000000091b00000, 0x0000000091c00000|  0%| F|  |TAMS 0x0000000091b00000, 0x0000000091b00000| Untracked 
| 284|0x0000000091c00000, 0x0000000091c00000, 0x0000000091d00000|  0%| F|  |TAMS 0x0000000091c00000, 0x0000000091c00000| Untracked 
| 285|0x0000000091d00000, 0x0000000091d00000, 0x0000000091e00000|  0%| F|  |TAMS 0x0000000091d00000, 0x0000000091d00000| Untracked 
| 286|0x0000000091e00000, 0x0000000091e00000, 0x0000000091f00000|  0%| F|  |TAMS 0x0000000091e00000, 0x0000000091e00000| Untracked 
| 287|0x0000000091f00000, 0x0000000091f00000, 0x0000000092000000|  0%| F|  |TAMS 0x0000000091f00000, 0x0000000091f00000| Untracked 
| 288|0x0000000092000000, 0x0000000092000000, 0x0000000092100000|  0%| F|  |TAMS 0x0000000092000000, 0x0000000092000000| Untracked 
| 289|0x0000000092100000, 0x0000000092100000, 0x0000000092200000|  0%| F|  |TAMS 0x0000000092100000, 0x0000000092100000| Untracked 
| 290|0x0000000092200000, 0x0000000092200000, 0x0000000092300000|  0%| F|  |TAMS 0x0000000092200000, 0x0000000092200000| Untracked 
| 291|0x0000000092300000, 0x0000000092300000, 0x0000000092400000|  0%| F|  |TAMS 0x0000000092300000, 0x0000000092300000| Untracked 
| 292|0x0000000092400000, 0x0000000092459878, 0x0000000092500000| 34%| E|  |TAMS 0x0000000092400000, 0x0000000092400000| Complete 
| 293|0x0000000092500000, 0x0000000092600000, 0x0000000092600000|100%| E|CS|TAMS 0x0000000092500000, 0x0000000092500000| Complete 
| 294|0x0000000092600000, 0x0000000092700000, 0x0000000092700000|100%| E|  |TAMS 0x0000000092600000, 0x0000000092600000| Complete 
| 295|0x0000000092700000, 0x0000000092800000, 0x0000000092800000|100%| E|CS|TAMS 0x0000000092700000, 0x0000000092700000| Complete 
| 296|0x0000000092800000, 0x0000000092900000, 0x0000000092900000|100%| E|CS|TAMS 0x0000000092800000, 0x0000000092800000| Complete 

Card table byte_map: [0x000001a47d520000,0x000001a47d920000] _byte_map_base: 0x000001a47d120000

Marking Bits (Prev, Next): (CMBitMap*) 0x000001a4688411c0, (CMBitMap*) 0x000001a468841200
 Prev Bits: [0x000001a47dd20000, 0x000001a47fd20000)
 Next Bits: [0x000001a400000000, 0x000001a402000000)

Polling page: 0x000001a4688a0000

Metaspace:

Usage:
  Non-class:    105.68 MB used.
      Class:     16.80 MB used.
       Both:    122.48 MB used.

Virtual space:
  Non-class space:      112.00 MB reserved,     106.12 MB ( 95%) committed,  14 nodes.
      Class space:        1.00 GB reserved,      17.19 MB (  2%) committed,  1 nodes.
             Both:        1.11 GB reserved,     123.31 MB ( 11%) committed. 

Chunk freelists:
   Non-Class:  1002.00 KB
       Class:  2.81 MB
        Both:  3.79 MB

MaxMetaspaceSize: unlimited
CompressedClassSpaceSize: 1.00 GB
Initial GC threshold: 21.00 MB
Current GC threshold: 200.94 MB
CDS: off
MetaspaceReclaimPolicy: balanced
 - commit_granule_bytes: 65536.
 - commit_granule_words: 8192.
 - virtual_space_node_default_size: 1048576.
 - enlarge_chunks_in_place: 1.
 - new_chunks_are_fully_committed: 0.
 - uncommit_free_chunks: 1.
 - use_allocation_guard: 0.
 - handle_deallocations: 1.


Internal statistics:

num_allocs_failed_limit: 6.
num_arena_births: 1504.
num_arena_deaths: 32.
num_vsnodes_births: 15.
num_vsnodes_deaths: 0.
num_space_committed: 1972.
num_space_uncommitted: 0.
num_chunks_returned_to_freelist: 52.
num_chunks_taken_from_freelist: 6370.
num_chunk_merges: 26.
num_chunk_splits: 4184.
num_chunks_enlarged: 2799.
num_purges: 4.
num_inconsistent_stats: 0.

CodeHeap 'non-profiled nmethods': size=120000Kb used=9365Kb max_used=9695Kb free=110634Kb
 bounds [0x000001a474f70000, 0x000001a475900000, 0x000001a47c4a0000]
CodeHeap 'profiled nmethods': size=120000Kb used=26016Kb max_used=27436Kb free=93983Kb
 bounds [0x000001a46d4a0000, 0x000001a46ef70000, 0x000001a4749d0000]
CodeHeap 'non-nmethods': size=5760Kb used=2471Kb max_used=2539Kb free=3288Kb
 bounds [0x000001a4749d0000, 0x000001a474c50000, 0x000001a474f70000]
 total_blobs=14600 nmethods=13582 adapters=930
 compilation: enabled
              stopped_count=0, restarted_count=0
 full_count=0

Compilation events (20 events):
Event: 1885.974 Thread 0x000001a404b6eae0 nmethod 16715 0x000001a46e517a10 code [0x000001a46e517be0, 0x000001a46e517e88]
Event: 1885.976 Thread 0x000001a40f23bda0 nmethod 16708 0x000001a475502290 code [0x000001a475502460, 0x000001a475502970]
Event: 1885.976 Thread 0x000001a40f23bda0 16685   !   4       org.gradle.internal.serialize.kryo.StringDeduplicatingKryoBackedDecoder::readSmallLong (16 bytes)
Event: 1885.976 Thread 0x000001a404b6e1e0 nmethod 16709 0x000001a47550cd90 code [0x000001a47550cf60, 0x000001a47550d470]
Event: 1885.976 Thread 0x000001a404b6e1e0 16686       4       org.gradle.api.internal.artifacts.ivyservice.resolveengine.result.ResolvedVariantResultSerializer::read (132 bytes)
Event: 1885.977 Thread 0x000001a40f23bda0 nmethod 16685 0x000001a4753d2210 code [0x000001a4753d23a0, 0x000001a4753d2498]
Event: 1885.977 Thread 0x000001a40f23bda0 16713       4       java.io.ObjectStreamField::isPrimitive (23 bytes)
Event: 1885.977 Thread 0x000001a40f23bda0 nmethod 16713 0x000001a475501c10 code [0x000001a475501da0, 0x000001a475501eb8]
Event: 1885.978 Thread 0x000001a40f23bda0 16716       4       org.objectweb.asm.MethodWriter::visitTypeInsn (116 bytes)
Event: 1885.982 Thread 0x000001a40f23bda0 nmethod 16716 0x000001a475494c10 code [0x000001a475494dc0, 0x000001a4754950c8]
Event: 1885.992 Thread 0x000001a404b6eae0 16717       3       org.gradle.api.services.internal.RegisteredBuildServiceProvider::calculateOwnValue (8 bytes)
Event: 1885.993 Thread 0x000001a404b6eae0 nmethod 16717 0x000001a46d782c90 code [0x000001a46d782e60, 0x000001a46d7832b8]
Event: 1885.993 Thread 0x000001a404b6eae0 16718   !   3       org.gradle.api.services.internal.RegisteredBuildServiceProvider::getInstance (50 bytes)
Event: 1885.993 Thread 0x000001a404b6eae0 nmethod 16718 0x000001a46dd9f010 code [0x000001a46dd9f200, 0x000001a46dd9f798]
Event: 1885.994 Thread 0x000001a404b6eae0 16719       3       java.lang.reflect.Field::getRoot (5 bytes)
Event: 1885.994 Thread 0x000001a404b6eae0 nmethod 16719 0x000001a46e657490 code [0x000001a46e657620, 0x000001a46e657738]
Event: 1885.994 Thread 0x000001a404b6eae0 16720       3       jdk.internal.reflect.UnsafeFieldAccessorFactory::newFieldAccessor (638 bytes)
Event: 1885.997 Thread 0x000001a404b6eae0 nmethod 16720 0x000001a46de43690 code [0x000001a46de43e80, 0x000001a46de47358]
Event: 1886.047 Thread 0x000001a40f23bda0 16721       4       com.google.common.collect.AbstractIndexedListIterator::hasNext (17 bytes)
Event: 1886.047 Thread 0x000001a40f23bda0 nmethod 16721 0x000001a47550ca90 code [0x000001a47550cc00, 0x000001a47550cc98]

GC Heap History (20 events):
Event: 41.887 GC heap before
{Heap before GC invocations=58 (full 0):
 garbage-first heap   total 204800K, used 112669K [0x0000000080000000, 0x0000000100000000)
  region size 1024K, 10 young (10240K), 4 survivors (4096K)
 Metaspace       used 104570K, committed 105344K, reserved 1146880K
  class space    used 14298K, committed 14720K, reserved 1048576K
}
Event: 41.900 GC heap after
{Heap after GC invocations=59 (full 0):
 garbage-first heap   total 204800K, used 107876K [0x0000000080000000, 0x0000000100000000)
  region size 1024K, 1 young (1024K), 1 survivors (1024K)
 Metaspace       used 104570K, committed 105344K, reserved 1146880K
  class space    used 14298K, committed 14720K, reserved 1048576K
}
Event: 45.373 GC heap before
{Heap before GC invocations=59 (full 0):
 garbage-first heap   total 204800K, used 168292K [0x0000000080000000, 0x0000000100000000)
  region size 1024K, 61 young (62464K), 1 survivors (1024K)
 Metaspace       used 117151K, committed 117952K, reserved 1155072K
  class space    used 16309K, committed 16704K, reserved 1048576K
}
Event: 45.386 GC heap after
{Heap after GC invocations=60 (full 0):
 garbage-first heap   total 204800K, used 111701K [0x0000000080000000, 0x0000000100000000)
  region size 1024K, 5 young (5120K), 5 survivors (5120K)
 Metaspace       used 117151K, committed 117952K, reserved 1155072K
  class space    used 16309K, committed 16704K, reserved 1048576K
}
Event: 1881.682 GC heap before
{Heap before GC invocations=61 (full 0):
 garbage-first heap   total 204800K, used 189525K [0x0000000080000000, 0x0000000100000000)
  region size 1024K, 62 young (63488K), 5 survivors (5120K)
 Metaspace       used 118865K, committed 119744K, reserved 1155072K
  class space    used 16532K, committed 16960K, reserved 1048576K
}
Event: 1881.712 GC heap after
{Heap after GC invocations=62 (full 0):
 garbage-first heap   total 204800K, used 112572K [0x0000000080000000, 0x0000000100000000)
  region size 1024K, 1 young (1024K), 1 survivors (1024K)
 Metaspace       used 118865K, committed 119744K, reserved 1155072K
  class space    used 16532K, committed 16960K, reserved 1048576K
}
Event: 1881.843 GC heap before
{Heap before GC invocations=62 (full 0):
 garbage-first heap   total 204800K, used 121788K [0x0000000080000000, 0x0000000100000000)
  region size 1024K, 10 young (10240K), 1 survivors (1024K)
 Metaspace       used 118878K, committed 119744K, reserved 1155072K
  class space    used 16533K, committed 16960K, reserved 1048576K
}
Event: 1881.852 GC heap after
{Heap after GC invocations=63 (full 0):
 garbage-first heap   total 204800K, used 112595K [0x0000000080000000, 0x0000000100000000)
  region size 1024K, 1 young (1024K), 1 survivors (1024K)
 Metaspace       used 118878K, committed 119744K, reserved 1155072K
  class space    used 16533K, committed 16960K, reserved 1048576K
}
Event: 1884.004 GC heap before
{Heap before GC invocations=63 (full 0):
 garbage-first heap   total 204800K, used 171987K [0x0000000080000000, 0x0000000100000000)
  region size 1024K, 60 young (61440K), 1 survivors (1024K)
 Metaspace       used 119588K, committed 120448K, reserved 1155072K
  class space    used 16551K, committed 16960K, reserved 1048576K
}
Event: 1884.014 GC heap after
{Heap after GC invocations=64 (full 0):
 garbage-first heap   total 204800K, used 120185K [0x0000000080000000, 0x0000000100000000)
  region size 1024K, 8 young (8192K), 8 survivors (8192K)
 Metaspace       used 119588K, committed 120448K, reserved 1155072K
  class space    used 16551K, committed 16960K, reserved 1048576K
}
Event: 1884.188 GC heap before
{Heap before GC invocations=64 (full 0):
 garbage-first heap   total 204800K, used 124281K [0x0000000080000000, 0x0000000100000000)
  region size 1024K, 14 young (14336K), 8 survivors (8192K)
 Metaspace       used 119870K, committed 120768K, reserved 1155072K
  class space    used 16583K, committed 17024K, reserved 1048576K
}
Event: 1884.196 GC heap after
{Heap after GC invocations=65 (full 0):
 garbage-first heap   total 204800K, used 121598K [0x0000000080000000, 0x0000000100000000)
  region size 1024K, 2 young (2048K), 2 survivors (2048K)
 Metaspace       used 119870K, committed 120768K, reserved 1155072K
  class space    used 16583K, committed 17024K, reserved 1048576K
}
Event: 1885.252 GC heap before
{Heap before GC invocations=66 (full 0):
 garbage-first heap   total 214016K, used 173822K [0x0000000080000000, 0x0000000100000000)
  region size 1024K, 51 young (52224K), 2 survivors (2048K)
 Metaspace       used 122505K, committed 123456K, reserved 1155072K
  class space    used 16901K, committed 17344K, reserved 1048576K
}
Event: 1885.266 GC heap after
{Heap after GC invocations=67 (full 0):
 garbage-first heap   total 214016K, used 142336K [0x0000000080000000, 0x0000000100000000)
  region size 1024K, 7 young (7168K), 7 survivors (7168K)
 Metaspace       used 122505K, committed 123456K, reserved 1155072K
  class space    used 16901K, committed 17344K, reserved 1048576K
}
Event: 1885.295 GC heap before
{Heap before GC invocations=67 (full 0):
 garbage-first heap   total 214016K, used 145408K [0x0000000080000000, 0x0000000100000000)
  region size 1024K, 10 young (10240K), 7 survivors (7168K)
 Metaspace       used 122506K, committed 123456K, reserved 1155072K
  class space    used 16901K, committed 17344K, reserved 1048576K
}
Event: 1885.302 GC heap after
{Heap after GC invocations=68 (full 0):
 garbage-first heap   total 214016K, used 146148K [0x0000000080000000, 0x0000000100000000)
  region size 1024K, 2 young (2048K), 2 survivors (2048K)
 Metaspace       used 122506K, committed 123456K, reserved 1155072K
  class space    used 16901K, committed 17344K, reserved 1048576K
}
Event: 1885.334 GC heap before
{Heap before GC invocations=68 (full 0):
 garbage-first heap   total 214016K, used 148196K [0x0000000080000000, 0x0000000100000000)
  region size 1024K, 6 young (6144K), 2 survivors (2048K)
 Metaspace       used 122529K, committed 123456K, reserved 1155072K
  class space    used 16902K, committed 17344K, reserved 1048576K
}
Event: 1885.338 GC heap after
{Heap after GC invocations=69 (full 0):
 garbage-first heap   total 257024K, used 150080K [0x0000000080000000, 0x0000000100000000)
  region size 1024K, 4 young (4096K), 4 survivors (4096K)
 Metaspace       used 122529K, committed 123456K, reserved 1155072K
  class space    used 16902K, committed 17344K, reserved 1048576K
}
Event: 1885.946 GC heap before
{Heap before GC invocations=70 (full 0):
 garbage-first heap   total 304128K, used 210496K [0x0000000080000000, 0x0000000100000000)
  region size 1024K, 36 young (36864K), 4 survivors (4096K)
 Metaspace       used 124950K, committed 125824K, reserved 1163264K
  class space    used 17142K, committed 17600K, reserved 1048576K
}
Event: 1885.951 GC heap after
{Heap after GC invocations=71 (full 0):
 garbage-first heap   total 304128K, used 152466K [0x0000000080000000, 0x0000000100000000)
  region size 1024K, 5 young (5120K), 5 survivors (5120K)
 Metaspace       used 124950K, committed 125824K, reserved 1163264K
  class space    used 17142K, committed 17600K, reserved 1048576K
}

Dll operation events (2 events):
Event: 0.012 Loaded shared library C:\Program Files\Android\Android Studio\jbr\bin\java.dll
Event: 0.452 Loaded shared library C:\Program Files\Android\Android Studio\jbr\bin\verify.dll

Deoptimization events (20 events):
Event: 1885.869 Thread 0x000001a40f91ce20 Uncommon trap: trap_request=0xffffff45 fr.pc=0x000001a4755ef610 relative=0x00000000000011d0
Event: 1885.869 Thread 0x000001a40f91ce20 Uncommon trap: reason=unstable_if action=reinterpret pc=0x000001a4755ef610 method=java.util.concurrent.ConcurrentHashMap.computeIfAbsent(Ljava/lang/Object;Ljava/util/function/Function;)Ljava/lang/Object; @ 244 c2
Event: 1885.869 Thread 0x000001a40f91ce20 DEOPT PACKING pc=0x000001a4755ef610 sp=0x0000003b64efa280
Event: 1885.869 Thread 0x000001a40f91ce20 DEOPT UNPACKING pc=0x000001a474a269a3 sp=0x0000003b64efa208 mode 2
Event: 1885.953 Thread 0x000001a40f91ce20 Uncommon trap: trap_request=0xffffffc6 fr.pc=0x000001a47562f4ec relative=0x00000000000026ac
Event: 1885.953 Thread 0x000001a40f91ce20 Uncommon trap: reason=bimorphic_or_optimized_type_check action=maybe_recompile pc=0x000001a47562f4ec method=org.gradle.internal.snapshot.AbstractListChildMap.store(Lorg/gradle/internal/snapshot/VfsRelativePath;Lorg/gradle/internal/snapshot/CaseSensitivity
Event: 1885.953 Thread 0x000001a40f91ce20 DEOPT PACKING pc=0x000001a47562f4ec sp=0x0000003b64efbf30
Event: 1885.953 Thread 0x000001a40f91ce20 DEOPT UNPACKING pc=0x000001a474a269a3 sp=0x0000003b64efbf20 mode 2
Event: 1885.953 Thread 0x000001a40f91ce20 Uncommon trap: trap_request=0xffffffc6 fr.pc=0x000001a47562f4ec relative=0x00000000000026ac
Event: 1885.953 Thread 0x000001a40f91ce20 Uncommon trap: reason=bimorphic_or_optimized_type_check action=maybe_recompile pc=0x000001a47562f4ec method=org.gradle.internal.snapshot.AbstractListChildMap.store(Lorg/gradle/internal/snapshot/VfsRelativePath;Lorg/gradle/internal/snapshot/CaseSensitivity
Event: 1885.953 Thread 0x000001a40f91ce20 DEOPT PACKING pc=0x000001a47562f4ec sp=0x0000003b64efbf30
Event: 1885.953 Thread 0x000001a40f91ce20 DEOPT UNPACKING pc=0x000001a474a269a3 sp=0x0000003b64efbf20 mode 2
Event: 1885.953 Thread 0x000001a40f91ce20 Uncommon trap: trap_request=0xffffffc6 fr.pc=0x000001a47562f4ec relative=0x00000000000026ac
Event: 1885.953 Thread 0x000001a40f91ce20 Uncommon trap: reason=bimorphic_or_optimized_type_check action=maybe_recompile pc=0x000001a47562f4ec method=org.gradle.internal.snapshot.AbstractListChildMap.store(Lorg/gradle/internal/snapshot/VfsRelativePath;Lorg/gradle/internal/snapshot/CaseSensitivity
Event: 1885.953 Thread 0x000001a40f91ce20 DEOPT PACKING pc=0x000001a47562f4ec sp=0x0000003b64efbf30
Event: 1885.953 Thread 0x000001a40f91ce20 DEOPT UNPACKING pc=0x000001a474a269a3 sp=0x0000003b64efbf20 mode 2
Event: 1885.953 Thread 0x000001a40f91ce20 Uncommon trap: trap_request=0xffffffc6 fr.pc=0x000001a47562f4ec relative=0x00000000000026ac
Event: 1885.953 Thread 0x000001a40f91ce20 Uncommon trap: reason=bimorphic_or_optimized_type_check action=maybe_recompile pc=0x000001a47562f4ec method=org.gradle.internal.snapshot.AbstractListChildMap.store(Lorg/gradle/internal/snapshot/VfsRelativePath;Lorg/gradle/internal/snapshot/CaseSensitivity
Event: 1885.953 Thread 0x000001a40f91ce20 DEOPT PACKING pc=0x000001a47562f4ec sp=0x0000003b64efbf30
Event: 1885.953 Thread 0x000001a40f91ce20 DEOPT UNPACKING pc=0x000001a474a269a3 sp=0x0000003b64efbf20 mode 2

Classes unloaded (16 events):
Event: 28.066 Thread 0x000001a40472e020 Unloading class 0x0000000100d06c00 'java/lang/invoke/LambdaForm$DMH+0x0000000100d06c00'
Event: 28.066 Thread 0x000001a40472e020 Unloading class 0x0000000100d06800 'java/lang/invoke/LambdaForm$DMH+0x0000000100d06800'
Event: 28.066 Thread 0x000001a40472e020 Unloading class 0x0000000100d06000 'java/lang/invoke/LambdaForm$DMH+0x0000000100d06000'
Event: 28.066 Thread 0x000001a40472e020 Unloading class 0x0000000100d05c00 'java/lang/invoke/LambdaForm$DMH+0x0000000100d05c00'
Event: 28.066 Thread 0x000001a40472e020 Unloading class 0x0000000100d06400 'java/lang/invoke/LambdaForm$DMH+0x0000000100d06400'
Event: 28.066 Thread 0x000001a40472e020 Unloading class 0x0000000100d05400 'java/lang/invoke/LambdaForm$DMH+0x0000000100d05400'
Event: 28.066 Thread 0x000001a40472e020 Unloading class 0x0000000100d05800 'java/lang/invoke/LambdaForm$DMH+0x0000000100d05800'
Event: 28.066 Thread 0x000001a40472e020 Unloading class 0x0000000100d04c00 'java/lang/invoke/LambdaForm$DMH+0x0000000100d04c00'
Event: 28.066 Thread 0x000001a40472e020 Unloading class 0x0000000100d05000 'java/lang/invoke/LambdaForm$DMH+0x0000000100d05000'
Event: 28.066 Thread 0x000001a40472e020 Unloading class 0x0000000100d04000 'java/lang/invoke/LambdaForm$DMH+0x0000000100d04000'
Event: 28.066 Thread 0x000001a40472e020 Unloading class 0x0000000100d04400 'java/lang/invoke/LambdaForm$DMH+0x0000000100d04400'
Event: 45.577 Thread 0x000001a40472e020 Unloading class 0x0000000100e20c00 'jdk/internal/reflect/GeneratedSerializationConstructorAccessor124'
Event: 45.577 Thread 0x000001a40472e020 Unloading class 0x0000000100e21400 'jdk/internal/reflect/GeneratedSerializationConstructorAccessor123'
Event: 45.577 Thread 0x000001a40472e020 Unloading class 0x0000000100e21000 'jdk/internal/reflect/GeneratedSerializationConstructorAccessor127'
Event: 45.577 Thread 0x000001a40472e020 Unloading class 0x0000000100e20800 'jdk/internal/reflect/GeneratedSerializationConstructorAccessor125'
Event: 45.577 Thread 0x000001a40472e020 Unloading class 0x0000000100e20400 'jdk/internal/reflect/GeneratedSerializationConstructorAccessor128'

Classes redefined (0 events):
No events

Internal exceptions (20 events):
Event: 1883.297 Thread 0x000001a405e08870 Exception <a 'sun/nio/fs/WindowsException'{0x0000000089c07e20}> (0x0000000089c07e20) 
thrown [s\src\hotspot\share\prims\jni.cpp, line 517]
Event: 1883.298 Thread 0x000001a405e08870 Exception <a 'sun/nio/fs/WindowsException'{0x0000000089c091f8}> (0x0000000089c091f8) 
thrown [s\src\hotspot\share\prims\jni.cpp, line 517]
Event: 1883.298 Thread 0x000001a405e08870 Exception <a 'sun/nio/fs/WindowsException'{0x0000000089c0a620}> (0x0000000089c0a620) 
thrown [s\src\hotspot\share\prims\jni.cpp, line 517]
Event: 1883.298 Thread 0x000001a405e08870 Exception <a 'sun/nio/fs/WindowsException'{0x0000000089c0ba48}> (0x0000000089c0ba48) 
thrown [s\src\hotspot\share\prims\jni.cpp, line 517]
Event: 1883.457 Thread 0x000001a4104d3cd0 Exception <a 'sun/nio/fs/WindowsException'{0x000000008973a200}> (0x000000008973a200) 
thrown [s\src\hotspot\share\prims\jni.cpp, line 517]
Event: 1884.067 Thread 0x000001a40ab14ee0 Exception <a 'sun/nio/fs/WindowsException'{0x000000008cdd7648}> (0x000000008cdd7648) 
thrown [s\src\hotspot\share\prims\jni.cpp, line 517]
Event: 1884.067 Thread 0x000001a40ab14ee0 Exception <a 'sun/nio/fs/WindowsException'{0x000000008cdd7b20}> (0x000000008cdd7b20) 
thrown [s\src\hotspot\share\prims\jni.cpp, line 517]
Event: 1885.220 Thread 0x000001a40f91ce20 Implicit null exception at 0x000001a47589b641 to 0x000001a47589c0e0
Event: 1885.220 Thread 0x000001a40f91ce20 Implicit null exception at 0x000001a4758919f6 to 0x000001a475891ac8
Event: 1885.510 Thread 0x000001a40f91ce20 Exception <a 'java/lang/NoSuchMethodError'{0x000000008f8b8908}: static Lcom/android/ide/common/resources/CompileResourceRequest;.<clinit>()V> (0x000000008f8b8908) 
thrown [s\src\hotspot\share\prims\jni.cpp, line 1108]
Event: 1885.550 Thread 0x000001a4104d3800 Implicit null exception at 0x000001a4758c64d3 to 0x000001a4758c710c
Event: 1885.673 Thread 0x000001a4104d3cd0 Exception <a 'sun/nio/fs/WindowsException'{0x0000000091f131c8}> (0x0000000091f131c8) 
thrown [s\src\hotspot\share\prims\jni.cpp, line 517]
Event: 1885.764 Thread 0x000001a40ab14ee0 Exception <a 'sun/nio/fs/WindowsException'{0x0000000091752fc0}> (0x0000000091752fc0) 
thrown [s\src\hotspot\share\prims\jni.cpp, line 517]
Event: 1885.779 Thread 0x000001a40ab14ee0 Exception <a 'sun/nio/fs/WindowsException'{0x00000000916e00c8}> (0x00000000916e00c8) 
thrown [s\src\hotspot\share\prims\jni.cpp, line 517]
Event: 1885.971 Thread 0x000001a40f91ce20 Exception <a 'java/lang/NoSuchMethodError'{0x000000009275b918}: static Lcom/android/builder/internal/aapt/AaptOptions;.<clinit>()V> (0x000000009275b918) 
thrown [s\src\hotspot\share\prims\jni.cpp, line 1108]
Event: 1885.972 Thread 0x000001a40f91ce20 Exception <a 'java/lang/NoSuchMethodError'{0x000000009276fc08}: static Ljava/lang/Object;.<clinit>()V> (0x000000009276fc08) 
thrown [s\src\hotspot\share\prims\jni.cpp, line 1108]
Event: 1885.986 Thread 0x000001a40d4ab6e0 Exception <a 'sun/nio/fs/WindowsException'{0x0000000092686460}> (0x0000000092686460) 
thrown [s\src\hotspot\share\prims\jni.cpp, line 517]
Event: 1885.986 Thread 0x000001a40d4ab6e0 Exception <a 'sun/nio/fs/WindowsException'{0x0000000092686960}> (0x0000000092686960) 
thrown [s\src\hotspot\share\prims\jni.cpp, line 517]
Event: 1885.989 Thread 0x000001a40d4ab6e0 Exception <a 'sun/nio/fs/WindowsException'{0x0000000092687a38}> (0x0000000092687a38) 
thrown [s\src\hotspot\share\prims\jni.cpp, line 517]
Event: 1885.989 Thread 0x000001a40d4ab6e0 Exception <a 'sun/nio/fs/WindowsException'{0x0000000092687f30}> (0x0000000092687f30) 
thrown [s\src\hotspot\share\prims\jni.cpp, line 517]

VM Operations (20 events):
Event: 1885.334 Executing VM operation: G1TryInitiateConcMark
Event: 1885.338 Executing VM operation: G1TryInitiateConcMark done
Event: 1885.414 Executing VM operation: G1Concurrent
Event: 1885.423 Executing VM operation: G1Concurrent done
Event: 1885.466 Executing VM operation: G1Concurrent
Event: 1885.466 Executing VM operation: G1Concurrent done
Event: 1885.487 Executing VM operation: HandshakeAllThreads
Event: 1885.487 Executing VM operation: HandshakeAllThreads done
Event: 1885.540 Executing VM operation: HandshakeAllThreads
Event: 1885.541 Executing VM operation: HandshakeAllThreads done
Event: 1885.558 Executing VM operation: HandshakeAllThreads
Event: 1885.558 Executing VM operation: HandshakeAllThreads done
Event: 1885.797 Executing VM operation: HandshakeAllThreads
Event: 1885.797 Executing VM operation: HandshakeAllThreads done
Event: 1885.821 Executing VM operation: HandshakeAllThreads
Event: 1885.822 Executing VM operation: HandshakeAllThreads done
Event: 1885.899 Executing VM operation: ICBufferFull
Event: 1885.900 Executing VM operation: ICBufferFull done
Event: 1885.946 Executing VM operation: G1CollectForAllocation
Event: 1885.951 Executing VM operation: G1CollectForAllocation done

Events (20 events):
Event: 1885.571 Thread 0x000001a404b6f3e0 flushing nmethod 0x000001a46ef09410
Event: 1885.571 Thread 0x000001a404b6f3e0 flushing nmethod 0x000001a46ef09d90
Event: 1885.571 Thread 0x000001a404b6f3e0 flushing nmethod 0x000001a46ef0a510
Event: 1885.571 Thread 0x000001a404b6f3e0 flushing nmethod 0x000001a46ef21510
Event: 1885.607 loading class com/sun/xml/internal/stream/events/CharacterEvent
Event: 1885.608 loading class javax/xml/stream/events/Characters
Event: 1885.608 loading class javax/xml/stream/events/Characters done
Event: 1885.608 loading class com/sun/xml/internal/stream/events/CharacterEvent done
Event: 1885.615 Thread 0x000001a4080f3530 Thread added: 0x000001a4080f3530
Event: 1885.634 loading class com/sun/xml/internal/stream/events/EndElementEvent
Event: 1885.634 loading class javax/xml/stream/events/EndElement
Event: 1885.634 loading class javax/xml/stream/events/EndElement done
Event: 1885.634 loading class com/sun/xml/internal/stream/events/EndElementEvent done
Event: 1885.654 loading class java/nio/file/FileChannelLinesSpliterator
Event: 1885.654 loading class java/nio/file/FileChannelLinesSpliterator done
Event: 1885.656 loading class java/util/stream/Streams$1
Event: 1885.656 loading class java/util/stream/Streams$1 done
Event: 1885.672 loading class java/nio/file/FileChannelLinesSpliterator$1
Event: 1885.672 loading class java/nio/file/FileChannelLinesSpliterator$1 done
Event: 1885.973 Thread 0x000001a4108df8c0 Thread added: 0x000001a4108df8c0


Dynamic libraries:
0x00007ff7d87f0000 - 0x00007ff7d87fa000 	C:\Program Files\Android\Android Studio\jbr\bin\java.exe
0x00007ff96f020000 - 0x00007ff96f287000 	C:\WINDOWS\SYSTEM32\ntdll.dll
0x00007ff96d5f0000 - 0x00007ff96d6b9000 	C:\WINDOWS\System32\KERNEL32.DLL
0x00007ff96bb10000 - 0x00007ff96bf04000 	C:\WINDOWS\System32\KERNELBASE.dll
0x00007ff96bfa0000 - 0x00007ff96c0eb000 	C:\WINDOWS\System32\ucrtbase.dll
0x00007ff94bcf0000 - 0x00007ff94bd07000 	C:\Program Files\Android\Android Studio\jbr\bin\jli.dll
0x00007ff9364a0000 - 0x00007ff9364bb000 	C:\Program Files\Android\Android Studio\jbr\bin\VCRUNTIME140.dll
0x00007ff96ebe0000 - 0x00007ff96eda5000 	C:\WINDOWS\System32\USER32.dll
0x00007ff96cd80000 - 0x00007ff96cda7000 	C:\WINDOWS\System32\win32u.dll
0x00007ff96de30000 - 0x00007ff96de5b000 	C:\WINDOWS\System32\GDI32.dll
0x00007ff94dc60000 - 0x00007ff94def3000 	C:\WINDOWS\WinSxS\amd64_microsoft.windows.common-controls_6595b64144ccf1df_6.0.26100.8115_none_3e075c82e3354f9c\COMCTL32.dll
0x00007ff96c1a0000 - 0x00007ff96c2cb000 	C:\WINDOWS\System32\gdi32full.dll
0x00007ff96ce20000 - 0x00007ff96cec9000 	C:\WINDOWS\System32\msvcrt.dll
0x00007ff96ba60000 - 0x00007ff96bb03000 	C:\WINDOWS\System32\msvcp_win.dll
0x00007ff96ced0000 - 0x00007ff96cf02000 	C:\WINDOWS\System32\IMM32.DLL
0x00007ff93f9c0000 - 0x00007ff93f9cc000 	C:\Program Files\Android\Android Studio\jbr\bin\vcruntime140_1.dll
0x00007ff90db70000 - 0x00007ff90dbfd000 	C:\Program Files\Android\Android Studio\jbr\bin\msvcp140.dll
0x00007ff8c7220000 - 0x00007ff8c7e8e000 	C:\Program Files\Android\Android Studio\jbr\bin\server\jvm.dll
0x00007ff96d530000 - 0x00007ff96d5e6000 	C:\WINDOWS\System32\ADVAPI32.dll
0x00007ff96d260000 - 0x00007ff96d307000 	C:\WINDOWS\System32\sechost.dll
0x00007ff96e410000 - 0x00007ff96e528000 	C:\WINDOWS\System32\RPCRT4.dll
0x00007ff9423c0000 - 0x00007ff9423ca000 	C:\WINDOWS\SYSTEM32\WSOCK32.dll
0x00007ff96edb0000 - 0x00007ff96ee30000 	C:\WINDOWS\System32\WS2_32.dll
0x00007ff969860000 - 0x00007ff969896000 	C:\WINDOWS\SYSTEM32\WINMM.dll
0x00007ff958430000 - 0x00007ff95843b000 	C:\WINDOWS\SYSTEM32\VERSION.dll
0x00007ff96a620000 - 0x00007ff96a63b000 	C:\WINDOWS\SYSTEM32\kernel.appcore.dll
0x00007ff957fe0000 - 0x00007ff957fea000 	C:\Program Files\Android\Android Studio\jbr\bin\jimage.dll
0x00007ff969570000 - 0x00007ff9697b2000 	C:\WINDOWS\SYSTEM32\DBGHELP.DLL
0x00007ff96e570000 - 0x00007ff96e8f2000 	C:\WINDOWS\System32\combase.dll
0x00007ff96e330000 - 0x00007ff96e408000 	C:\WINDOWS\System32\OLEAUT32.dll
0x00007ff969820000 - 0x00007ff96985b000 	C:\WINDOWS\SYSTEM32\dbgcore.DLL
0x00007ff96c0f0000 - 0x00007ff96c195000 	C:\WINDOWS\System32\bcryptPrimitives.dll
0x00007ff94e910000 - 0x00007ff94e935000 	C:\Program Files\Android\Android Studio\jbr\bin\java.dll
0x00007ff957fc0000 - 0x00007ff957fd8000 	C:\Program Files\Android\Android Studio\jbr\bin\zip.dll
0x00007ff96d6c0000 - 0x00007ff96de27000 	C:\WINDOWS\System32\SHELL32.dll
0x00007ff96b8f0000 - 0x00007ff96ba5a000 	C:\WINDOWS\System32\wintypes.dll
0x00007ff96c510000 - 0x00007ff96cd78000 	C:\WINDOWS\System32\windows.storage.dll
0x00007ff96cf20000 - 0x00007ff96d018000 	C:\WINDOWS\System32\SHCORE.dll
0x00007ff96cdb0000 - 0x00007ff96ce16000 	C:\WINDOWS\System32\shlwapi.dll
0x00007ff96b810000 - 0x00007ff96b839000 	C:\WINDOWS\SYSTEM32\profapi.dll
0x00007ff94be00000 - 0x00007ff94be19000 	C:\Program Files\Android\Android Studio\jbr\bin\net.dll
0x00007ff964870000 - 0x00007ff96499d000 	C:\WINDOWS\SYSTEM32\WINHTTP.dll
0x00007ff96abf0000 - 0x00007ff96ac5c000 	C:\WINDOWS\system32\mswsock.dll
0x00007ff94bde0000 - 0x00007ff94bdf6000 	C:\Program Files\Android\Android Studio\jbr\bin\nio.dll
0x00007ff956da0000 - 0x00007ff956db0000 	C:\Program Files\Android\Android Studio\jbr\bin\verify.dll
0x00007ff94f180000 - 0x00007ff94f1a7000 	C:\Users\Ashley (etu-arakoto)\.gradle\native\68d5fa5c4cc2d200863cafc0d521ce42e7d3e7ee720ec0a83991735586a16f82\windows-amd64\native-platform.dll
0x00007ff900280000 - 0x00007ff9003c4000 	C:\Users\Ashley (etu-arakoto)\.gradle\native\e376f236ea51e6404a007f0833ffe2c6e607c4080706a723a18a27aeea778392\windows-amd64\native-platform-file-events.dll
0x00007ff9544b0000 - 0x00007ff9544b9000 	C:\Program Files\Android\Android Studio\jbr\bin\management.dll
0x00007ff9542f0000 - 0x00007ff9542fb000 	C:\Program Files\Android\Android Studio\jbr\bin\management_ext.dll
0x00007ff96e300000 - 0x00007ff96e308000 	C:\WINDOWS\System32\PSAPI.DLL
0x00007ff96aed0000 - 0x00007ff96aeeb000 	C:\WINDOWS\SYSTEM32\CRYPTSP.dll
0x00007ff96a5e0000 - 0x00007ff96a619000 	C:\WINDOWS\system32\rsaenh.dll
0x00007ff96aca0000 - 0x00007ff96acd3000 	C:\WINDOWS\SYSTEM32\USERENV.dll
0x00007ff96b7e0000 - 0x00007ff96b80a000 	C:\WINDOWS\SYSTEM32\bcrypt.dll
0x00007ff96aef0000 - 0x00007ff96aefc000 	C:\WINDOWS\SYSTEM32\CRYPTBASE.dll
0x00007ff96a030000 - 0x00007ff96a062000 	C:\WINDOWS\SYSTEM32\IPHLPAPI.DLL
0x00007ff96e2f0000 - 0x00007ff96e2fa000 	C:\WINDOWS\System32\NSI.dll
0x00007ff965180000 - 0x00007ff96519d000 	C:\WINDOWS\SYSTEM32\dhcpcsvc6.DLL
0x00007ff965150000 - 0x00007ff965175000 	C:\WINDOWS\SYSTEM32\dhcpcsvc.DLL
0x00007ff96a0c0000 - 0x00007ff96a1f2000 	C:\WINDOWS\SYSTEM32\DNSAPI.dll
0x00007ff92ec40000 - 0x00007ff92ec48000 	C:\WINDOWS\system32\wshunix.dll
0x00007ff9431b0000 - 0x00007ff9431c8000 	C:\WINDOWS\system32\napinsp.dll
0x00007ff943010000 - 0x00007ff943023000 	C:\WINDOWS\System32\winrnr.dll
0x00007ff942fe0000 - 0x00007ff943002000 	C:\WINDOWS\system32\nlansp_c.dll
0x00007ff942fc0000 - 0x00007ff942fd6000 	C:\WINDOWS\system32\wshbth.dll
0x00007ff964ba0000 - 0x00007ff964bab000 	C:\Windows\System32\rasadhlp.dll
0x00007ff965be0000 - 0x00007ff965c66000 	C:\WINDOWS\System32\fwpuclnt.dll
0x00007ff957ff0000 - 0x00007ff957ff7000 	C:\Program Files\Android\Android Studio\jbr\bin\rmi.dll
0x00007ff96a7a0000 - 0x00007ff96a7d6000 	C:\WINDOWS\SYSTEM32\ntmarta.dll

dbghelp: loaded successfully - version: 4.0.5 - missing functions: none
symbol engine: initialized successfully - sym options: 0x614 - pdb path: .;C:\Program Files\Android\Android Studio\jbr\bin;C:\WINDOWS\SYSTEM32;C:\WINDOWS\WinSxS\amd64_microsoft.windows.common-controls_6595b64144ccf1df_6.0.26100.8115_none_3e075c82e3354f9c;C:\Program Files\Android\Android Studio\jbr\bin\server;C:\Users\Ashley (etu-arakoto)\.gradle\native\68d5fa5c4cc2d200863cafc0d521ce42e7d3e7ee720ec0a83991735586a16f82\windows-amd64;C:\Users\Ashley (etu-arakoto)\.gradle\native\e376f236ea51e6404a007f0833ffe2c6e607c4080706a723a18a27aeea778392\windows-amd64

VM Arguments:
jvm_args: --add-opens=java.base/java.util=ALL-UNNAMED --add-opens=java.base/java.lang=ALL-UNNAMED --add-opens=java.base/java.lang.invoke=ALL-UNNAMED --add-opens=java.prefs/java.util.prefs=ALL-UNNAMED --add-opens=java.base/java.nio.charset=ALL-UNNAMED --add-opens=java.base/java.net=ALL-UNNAMED --add-opens=java.base/java.util.concurrent.atomic=ALL-UNNAMED -Xmx2048m -Dfile.encoding=UTF-8 -Duser.country=FR -Duser.language=fr -Duser.variant 
java_command: org.gradle.launcher.daemon.bootstrap.GradleDaemon 8.0
java_class_path (initial): C:\Users\Ashley (etu-arakoto)\.gradle\wrapper\dists\gradle-8.0-bin\ca5e32bp14vu59qr306oxotwh\gradle-8.0\lib\gradle-launcher-8.0.jar
Launcher Type: SUN_STANDARD

[Global flags]
     intx CICompilerCount                          = 4                                         {product} {ergonomic}
     uint ConcGCThreads                            = 3                                         {product} {ergonomic}
     uint G1ConcRefinementThreads                  = 10                                        {product} {ergonomic}
   size_t G1HeapRegionSize                         = 1048576                                   {product} {ergonomic}
    uintx GCDrainStackTargetSize                   = 64                                        {product} {ergonomic}
   size_t InitialHeapSize                          = 264241152                                 {product} {ergonomic}
   size_t MarkStackSize                            = 4194304                                   {product} {ergonomic}
   size_t MaxHeapSize                              = 2147483648                                {product} {command line}
   size_t MaxNewSize                               = 1287651328                                {product} {ergonomic}
   size_t MinHeapDeltaBytes                        = 1048576                                   {product} {ergonomic}
   size_t MinHeapSize                              = 8388608                                   {product} {ergonomic}
    uintx NonNMethodCodeHeapSize                   = 5839372                                {pd product} {ergonomic}
    uintx NonProfiledCodeHeapSize                  = 122909434                              {pd product} {ergonomic}
    uintx ProfiledCodeHeapSize                     = 122909434                              {pd product} {ergonomic}
    uintx ReservedCodeCacheSize                    = 251658240                              {pd product} {ergonomic}
     bool SegmentedCodeCache                       = true                                      {product} {ergonomic}
   size_t SoftMaxHeapSize                          = 2147483648                             {manageable} {ergonomic}
     bool UseCompressedClassPointers               = true                           {product lp64_product} {ergonomic}
     bool UseCompressedOops                        = true                           {product lp64_product} {ergonomic}
     bool UseG1GC                                  = true                                      {product} {ergonomic}
     bool UseLargePagesIndividualAllocation        = false                                  {pd product} {ergonomic}

Logging:
Log output configuration:
 #0: stdout all=warning uptime,level,tags
 #1: stderr all=off uptime,level,tags

Environment Variables:
PATH=C:\Program Files\Eclipse Adoptium\jdk-21.0.3.9-hotspot\bin;C:\Python312\Scripts\;C:\Python312\;C:\Program Files (x86)\Common Files\Oracle\Java\javapath;C:\WINDOWS\system32;C:\WINDOWS;C:\WINDOWS\System32\Wbem;C:\WINDOWS\System32\WindowsPowerShell\v1.0\;C:\WINDOWS\System32\OpenSSH\;C:\Program Files\dotnet\;C:\Program Files\Microsoft SQL Server\150\Tools\Binn\;C:\Program Files\Microsoft SQL Server\Client SDK\ODBC\170\Tools\Binn\;C:\Program Files\MongoDB\mongosh-2.0.1-win32-x64\bin;C:\ProgramData\chocolatey\bin;C:\Program Files\k6\;C:\Program Files\Git\cmd;C:\Program Files\PuTTY\;C:\composer;C:\xampp\mysql\bin\mysql.exe;C:\Program Files\Go\bin;C:\Program Files\Docker\Docker\resources\bin;C:\Users\Ashley (etu-arakoto)\AppData\Local\nvm;C:\nvm4w\nodejs;C:\Program Files (x86)\Microsoft SQL Server\160\Tools\Binn\;C:\Program Files\Microsoft SQL Server\160\Tools\Binn\;C:\Program Files\Microsoft SQL Server\160\DTS\Binn\;C:\Ruby33-x64\bin;C:\Users\Ashley (etu-arakoto)\.cargo\bin;C:\Users\Ashley (etu-arakoto)\AppData\Local\Microsoft\WindowsApps;C:\Users\Ashley (etu-arakoto)\AppData\Local\Programs\Microsoft VS Code\bin;C:\Users\Ashley (etu-arakoto)\.dotnet\tools;C:\Program Files\MongoDB\Server\7.0\bin;C:\Users\Ashley (etu-arakoto)\AppData\Roaming\npm;C:\dartsdk-windows-x64-release\dart-sdk\bin;C:\PHP;C:\Users\Ashley (etu-arakoto)\AppData\Roaming\Composer\vendor\bin;C:\composer;C:\xampp\mysql\bin;C:\Program Files (x86)\Java\jre-1.8\bin;C:\Users\Ashley (etu-arakoto)\AppData\Roaming\Programs\Zero Install;C:\Users\Ashley (etu-arakoto)\go\bin;C:\Program Files\Go\bin;C:\apache-maven-3.9.9-bin\apache-maven-3.9.9\bin;C:\spring-3.3.5\bin;C:\kotlinc\bin;C:\gradle-8.12\bin;C:\Program Files\PostgreSQL\16\bin;C:\Users\Ashley (etu-arakoto)\AppData\Local\Microsoft\WindowsApps;C:\Python312\Scripts;C:\sqlite3;C:\stripe_1.29.0_windows_x86_64;C:\flutter_windows_3.13.6-stable\flutter\bin;C:\Users\Ashley (etu-arakoto)\AppData\Local\nvm;C:\nvm4w\nodejs
USERNAME=Ashley (etu-arakoto)
OS=Windows_NT
PROCESSOR_IDENTIFIER=Intel64 Family 6 Model 186 Stepping 3, GenuineIntel
TMP=C:\Users\ASHLEY~1\AppData\Local\Temp
TEMP=C:\Users\ASHLEY~1\AppData\Local\Temp


JNI global refs:
JNI global refs: 27, weak refs: 0

JNI global refs memory usage: 843, weak refs: 841


---------------  S Y S T E M  ---------------

OS:
 Windows 11 , 64 bit Build 26100 (10.0.26100.8246)
OS uptime: 7 days 19:20 hours
Hyper-V role detected

CPU: total 12 (initial active 12) (6 cores per cpu, 2 threads per core) family 6 model 186 stepping 3 microcode 0x6134, cx8, cmov, fxsr, ht, mmx, 3dnowpref, sse, sse2, sse3, ssse3, sse4.1, sse4.2, popcnt, lzcnt, tsc, tscinvbit, avx, avx2, aes, erms, clmul, bmi1, bmi2, adx, sha, fma, vzeroupper, clflush, clflushopt, clwb, hv

Memory: 4k page, system-wide physical 16068M (1222M free)
TotalPageFile size 65220M (AvailPageFile size 27M)
current process WorkingSet (physical memory assigned to process): 492M, peak: 528M
current process commit charge ("private bytes"): 672M, peak: 676M

vm_info: OpenJDK 64-Bit Server VM (17.0.6+0-b2043.56-10027231) for windows-amd64 JRE (17.0.6+0-b2043.56-10027231), built on Apr 28 2023 00:43:19 by "androidbuild" with MS VC++ 16.10 / 16.11 (VS2019)

END.
