#
# There is insufficient memory for the Java Runtime Environment to continue.
# Native memory allocation (mmap) failed to map 594542592 bytes for G1 virtual space
# Possible reasons:
#   The system is out of physical RAM or swap space
#   The process is running with CompressedOops enabled, and the Java Heap may be blocking the growth of the native heap
# Possible solutions:
#   Reduce memory load on the system
#   Increase physical memory or swap space
#   Check if swap backing store is full
#   Decrease Java heap size (-Xmx/-Xms)
#   Decrease number of Java threads
#   Decrease Java thread stack sizes (-Xss)
#   Set larger code cache with -XX:ReservedCodeCacheSize=
#   JVM is running with Unscaled Compressed Oops mode in which the Java heap is
#     placed in the first 4GB address space. The Java Heap base address is the
#     maximum limit for the native heap growth. Please use -XX:HeapBaseMinAddress
#     to set the Java Heap base and to place the Java Heap above 4GB virtual address.
# This output file may be truncated or incomplete.
#
#  Out of Memory Error (os_windows.cpp:3769), pid=34724, tid=28608
#
# JRE version: OpenJDK Runtime Environment (17.0.6) (build 17.0.6+0-b2043.56-10027231)
# Java VM: OpenJDK 64-Bit Server VM (17.0.6+0-b2043.56-10027231, mixed mode, tiered, compressed oops, compressed class ptrs, g1 gc, windows-amd64)
# No core dump will be written. Minidumps are not enabled by default on client versions of Windows
#

---------------  S U M M A R Y ------------

Command Line: --add-opens=java.base/java.util=ALL-UNNAMED --add-opens=java.base/java.lang=ALL-UNNAMED --add-opens=java.base/java.lang.invoke=ALL-UNNAMED --add-opens=java.prefs/java.util.prefs=ALL-UNNAMED --add-opens=java.base/java.nio.charset=ALL-UNNAMED --add-opens=java.base/java.net=ALL-UNNAMED --add-opens=java.base/java.util.concurrent.atomic=ALL-UNNAMED -Xmx2048m -Dfile.encoding=UTF-8 -Duser.country=FR -Duser.language=fr -Duser.variant org.gradle.launcher.daemon.bootstrap.GradleDaemon 8.0

Host: 13th Gen Intel(R) Core(TM) i7-1355U, 12 cores, 15G,  Windows 11 , 64 bit Build 26100 (10.0.26100.8246)
Time: Fri May  8 14:34:05 2026 Paris, Madrid (heure duild 26100 (10.0.26100.8246) elapsed time: 1681.173363 seconds (0d 0h 28m 1s)

---------------  T H R E A D  ---------------

Current thread (0x000001ec29857db0):  VMThread "VM Thread" [stack: 0x0000003a7d000000,0x0000003a7d100000] [id=28608]

Stack: [0x0000003a7d000000,0x0000003a7d100000]
Native frames: (J=compiled Java code, j=interpreted, Vv=VM code, C=native code)
V  [jvm.dll+0x683c9a]
V  [jvm.dll+0x8427a4]
V  [jvm.dll+0x843f9e]
V  [jvm.dll+0x844603]
V  [jvm.dll+0x249b75]
V  [jvm.dll+0x680b69]
V  [jvm.dll+0x67505a]
V  [jvm.dll+0x309acb]
V  [jvm.dll+0x310f86]
V  [jvm.dll+0x3608ee]
V  [jvm.dll+0x360b1f]
V  [jvm.dll+0x2dfbf8]
V  [jvm.dll+0x2ddec4]
V  [jvm.dll+0x2dd4cc]
V  [jvm.dll+0x321f3b]
V  [jvm.dll+0x848ccb]
V  [jvm.dll+0x849a04]
V  [jvm.dll+0x849f1d]
V  [jvm.dll+0x84a2f4]
V  [jvm.dll+0x84a3c0]
V  [jvm.dll+0x7f274a]
V  [jvm.dll+0x682ad5]
C  [ucrtbase.dll+0x37b0]
C  [KERNEL32.DLL+0x2e8d7]
C  [ntdll.dll+0x8c3fc]

VM_Operation (0x0000003a09dfcdb0): G1CollectForAllocation, mode: safepoint, requested by thread 0x000001ec2dc29440


---------------  P R O C E S S  ---------------

Threads class SMR info:
_java_thread_list=0x000001ec2efdaec0, length=194, elements={
0x000001ec0c7ccbb0, 0x000001ec2985a770, 0x000001ec2985b230, 0x000001ec298a54d0,
0x000001ec298a5d90, 0x000001ec298a6650, 0x000001ec298a6f10, 0x000001ec298a7b00,
0x000001ec298ae420, 0x000001ec298af130, 0x000001ec29a4c350, 0x000001ec29a4f1e0,
0x000001ec2c6fd010, 0x000001ec2b19c210, 0x000001ec2c252260, 0x000001ec2adfe200,
0x000001ec2adfcec0, 0x000001ec2adfc050, 0x000001ec2adfd390, 0x000001ec2adfb6b0,
0x000001ec2c068e10, 0x000001ec2c0692e0, 0x000001ec2c0697b0, 0x000001ec2c067fa0,
0x000001ec2c066c60, 0x000001ec2c067130, 0x000001ec2c06d640, 0x000001ec2c06db10,
0x000001ec30e3ce20, 0x000001ec30e3fe40, 0x000001ec30e3e160, 0x000001ec30e40310,
0x000001ec30e407e0, 0x000001ec30e40cb0, 0x000001ec30e3efd0, 0x000001ec30e3e630,
0x000001ec2dc28f70, 0x000001ec2dc28aa0, 0x000001ec2dc25f50, 0x000001ec2dc25a80,
0x000001ec2dc26420, 0x000001ec2dc2bf90, 0x000001ec2dc2ce00, 0x000001ec2f220ce0,
0x000001ec2f222020, 0x000001ec2f21f4d0, 0x000001ec2dc26dc0, 0x000001ec2eebbbc0,
0x000001ec2eebff20, 0x000001ec2eebc560, 0x000001ec2eec03f0, 0x000001ec2eebd8a0,
0x000001ec2eebe240, 0x000001ec2eebebe0, 0x000001ec2eebf580, 0x000001ec2eebf0b0,
0x000001ec2eebdd70, 0x000001ec2eebca30, 0x000001ec2eebfa50, 0x000001ec2eebcf00,
0x000001ec2eec20d0, 0x000001ec2eec1730, 0x000001ec2eec0d90, 0x000001ec2eebe710,
0x000001ec2eec2f40, 0x000001ec2eec3410, 0x000001ec2eec08c0, 0x000001ec2eec1260,
0x000001ec2f21fe70, 0x000001ec2f21f000, 0x000001ec2f2229c0, 0x000001ec2f222e90,
0x000001ec2f2224f0, 0x000001ec2f223360, 0x000001ec2f220810, 0x000001ec2f21f9a0,
0x000001ec2f223830, 0x000001ec2f223d00, 0x000001ec2f221b50, 0x000001ec2f2211b0,
0x000001ec2f220340, 0x000001ec2f228060, 0x000001ec2f2271f0, 0x000001ec2f226850,
0x000001ec2f2276c0, 0x000001ec2f2259e0, 0x000001ec2f225eb0, 0x000001ec2f2246a0,
0x000001ec2f226380, 0x000001ec2f226d20, 0x000001ec2f227b90, 0x000001ec2f228530,
0x000001ec2f224b70, 0x000001ec2f228a00, 0x000001ec2f225040, 0x000001ec2f228ed0,
0x000001ec2f225510, 0x000001ec2f22bef0, 0x000001ec2f22b080, 0x000001ec2f22c3c0,
0x000001ec2f22b550, 0x000001ec2f22c890, 0x000001ec2f22abb0, 0x000001ec2f22ba20,
0x000001ec2f22a6e0, 0x000001ec2f22a210, 0x000001ec2f22cd60, 0x000001ec2f2293a0,
0x000001ec2f22d230, 0x000001ec2f229870, 0x000001ec2f22d700, 0x000001ec2f229d40,
0x000001ec2f22dbd0, 0x000001ec2f22e0a0, 0x000001ec2f22e570, 0x000001ec2f22ea40,
0x000001ec2bedb7b0, 0x000001ec2bedeca0, 0x000001ec2bedde30, 0x000001ec2bedbc80,
0x000001ec2bedc150, 0x000001ec2bedcaf0, 0x000001ec2bedcfc0, 0x000001ec2bedd490,
0x000001ec2bedb2e0, 0x000001ec2bee1320, 0x000001ec2bedd960, 0x000001ec2bee0e50,
0x000001ec2bee17f0, 0x000001ec2bee1cc0, 0x000001ec2bede300, 0x000001ec2bedfb10,
0x000001ec2bee04b0, 0x000001ec2bee2190, 0x000001ec2bedf640, 0x000001ec2bedffe0,
0x000001ec2bee0980, 0x000001ec2bede7d0, 0x000001ec2bee2660, 0x000001ec2bee2b30,
0x000001ec2f642310, 0x000001ec2f6427e0, 0x000001ec2f644e60, 0x000001ec2f643650,
0x000001ec2f644990, 0x000001ec2f645330, 0x000001ec2f643b20, 0x000001ec2f643180,
0x000001ec2f645cd0, 0x000001ec2f643ff0, 0x000001ec2f6461a0, 0x000001ec2f641e40,
0x000001ec2f646670, 0x000001ec2f642cb0, 0x000001ec2f647010, 0x000001ec2f646b40,
0x000001ec2f6474e0, 0x000001ec2f6479b0, 0x000001ec2f647e80, 0x000001ec2f6444c0,
0x000001ec2f649690, 0x000001ec2f648350, 0x000001ec2f648820, 0x000001ec2f648cf0,
0x000001ec2aa06f90, 0x000001ec2aa07460, 0x000001ec2aa0a480, 0x000001ec2aa09ae0,
0x000001ec2aa0ae20, 0x000001ec2aa09140, 0x000001ec2aa09610, 0x000001ec2aa09fb0,
0x000001ec2aa07930, 0x000001ec2aa0a950, 0x000001ec2aa0b2f0, 0x000001ec2aa07e00,
0x000001ec2aa0bc90, 0x000001ec2aa082d0, 0x000001ec2aa087a0, 0x000001ec2aa0c630,
0x000001ec2aa08c70, 0x000001ec2aa0cfd0, 0x000001ec2aa0e310, 0x000001ec2aa0de40,
0x000001ec2aa0d4a0, 0x000001ec2aa0d970, 0x000001ec2dc255b0, 0x000001ec2dc29440,
0x000001ec2dc28100, 0x000001ec2dc27290, 0x000001ec2dc2a2b0, 0x000001ec2dc29910,
0x000001ec2dc29de0, 0x000001ec2dc268f0
}

Java Threads: ( => current thread )
  0x000001ec0c7ccbb0 JavaThread "main" [_thread_blocked, id=38264, stack(0x0000003a7ca00000,0x0000003a7cb00000)]
  0x000001ec2985a770 JavaThread "Reference Handler" daemon [_thread_blocked, id=38764, stack(0x0000003a7d100000,0x0000003a7d200000)]
  0x000001ec2985b230 JavaThread "Finalizer" daemon [_thread_blocked, id=41580, stack(0x0000003a7d200000,0x0000003a7d300000)]
  0x000001ec298a54d0 JavaThread "Signal Dispatcher" daemon [_thread_blocked, id=37096, stack(0x0000003a7d300000,0x0000003a7d400000)]
  0x000001ec298a5d90 JavaThread "Attach Listener" daemon [_thread_blocked, id=23456, stack(0x0000003a7d400000,0x0000003a7d500000)]
  0x000001ec298a6650 JavaThread "Service Thread" daemon [_thread_blocked, id=30192, stack(0x0000003a7d500000,0x0000003a7d600000)]
  0x000001ec298a6f10 JavaThread "Monitor Deflation Thread" daemon [_thread_blocked, id=32148, stack(0x0000003a7d600000,0x0000003a7d700000)]
  0x000001ec298a7b00 JavaThread "C2 CompilerThread0" daemon [_thread_blocked, id=38840, stack(0x0000003a7d700000,0x0000003a7d800000)]
  0x000001ec298ae420 JavaThread "C1 CompilerThread0" daemon [_thread_blocked, id=32636, stack(0x0000003a7d800000,0x0000003a7d900000)]
  0x000001ec298af130 JavaThread "Sweeper thread" daemon [_thread_blocked, id=20360, stack(0x0000003a7d900000,0x0000003a7da00000)]
  0x000001ec29a4c350 JavaThread "Common-Cleaner" daemon [_thread_blocked, id=6692, stack(0x0000003a7da00000,0x0000003a7db00000)]
  0x000001ec29a4f1e0 JavaThread "Notification Thread" daemon [_thread_blocked, id=2072, stack(0x0000003a7db00000,0x0000003a7dc00000)]
  0x000001ec2c6fd010 JavaThread "Daemon health stats" [_thread_blocked, id=5664, stack(0x0000003a7e400000,0x0000003a7e500000)]
  0x000001ec2b19c210 JavaThread "Incoming local TCP Connector on port 61372" [_thread_in_native, id=13572, stack(0x0000003a7e500000,0x0000003a7e600000)]
  0x000001ec2c252260 JavaThread "Daemon periodic checks" [_thread_blocked, id=7732, stack(0x0000003a7e600000,0x0000003a7e700000)]
  0x000001ec2adfe200 JavaThread "Cache worker for journal cache (C:\Users\Ashley (etu-arakoto)\.gradle\caches\journal-1)" [_thread_blocked, id=37140, stack(0x0000003a7f400000,0x0000003a7f500000)]
  0x000001ec2adfcec0 JavaThread "File lock request listener" [_thread_in_native, id=37452, stack(0x0000003a7f500000,0x0000003a7f600000)]
  0x000001ec2adfc050 JavaThread "Cache worker for file hash cache (C:\Users\Ashley (etu-arakoto)\.gradle\caches\8.0\fileHashes)" [_thread_blocked, id=23400, stack(0x0000003a7f600000,0x0000003a7f700000)]
  0x000001ec2adfd390 JavaThread "File watcher server" daemon [_thread_blocked, id=26380, stack(0x0000003a7dd00000,0x0000003a7de00000)]
  0x000001ec2adfb6b0 JavaThread "File watcher consumer" daemon [_thread_blocked, id=13288, stack(0x0000003a7de00000,0x0000003a7df00000)]
  0x000001ec2c068e10 JavaThread "Cache worker for file content cache (C:\Users\Ashley (etu-arakoto)\.gradle\caches\8.0\fileContent)" [_thread_blocked, id=25132, stack(0x0000003a7f900000,0x0000003a7fa00000)]
  0x000001ec2c0692e0 JavaThread "Cache worker for execution history cache (C:\Users\Ashley (etu-arakoto)\.gradle\caches\8.0\executionHistory)" [_thread_blocked, id=4836, stack(0x0000003a7fc00000,0x0000003a7fd00000)]
  0x000001ec2c0697b0 JavaThread "jar transforms" [_thread_blocked, id=32520, stack(0x0000003a7fd00000,0x0000003a7fe00000)]
  0x000001ec2c067fa0 JavaThread "jar transforms Thread 2" [_thread_blocked, id=25644, stack(0x0000003a00000000,0x0000003a00100000)]
  0x000001ec2c066c60 JavaThread "Cache worker for kotlin-dsl (C:\Users\Ashley (etu-arakoto)\.gradle\caches\8.0\kotlin-dsl)" [_thread_blocked, id=21440, stack(0x0000003a00200000,0x0000003a00300000)]
  0x000001ec2c067130 JavaThread "jar transforms Thread 3" [_thread_blocked, id=6924, stack(0x0000003a00300000,0x0000003a00400000)]
  0x000001ec2c06d640 JavaThread "jar transforms Thread 4" [_thread_blocked, id=8752, stack(0x0000003a00400000,0x0000003a00500000)]
  0x000001ec2c06db10 JavaThread "jar transforms Thread 5" [_thread_blocked, id=41660, stack(0x0000003a00700000,0x0000003a00800000)]
  0x000001ec30e3ce20 JavaThread "jar transforms Thread 6" [_thread_blocked, id=35360, stack(0x0000003a08000000,0x0000003a08100000)]
  0x000001ec30e3fe40 JavaThread "jar transforms Thread 7" [_thread_blocked, id=6324, stack(0x0000003a08100000,0x0000003a08200000)]
  0x000001ec30e3e160 JavaThread "jar transforms Thread 8" [_thread_blocked, id=33128, stack(0x0000003a08200000,0x0000003a08300000)]
  0x000001ec30e40310 JavaThread "jar transforms Thread 9" [_thread_blocked, id=4436, stack(0x0000003a08300000,0x0000003a08400000)]
  0x000001ec30e407e0 JavaThread "jar transforms Thread 10" [_thread_blocked, id=30408, stack(0x0000003a08400000,0x0000003a08500000)]
  0x000001ec30e40cb0 JavaThread "jar transforms Thread 11" [_thread_blocked, id=19528, stack(0x0000003a08500000,0x0000003a08600000)]
  0x000001ec30e3efd0 JavaThread "jar transforms Thread 12" [_thread_blocked, id=37380, stack(0x0000003a08600000,0x0000003a08700000)]
  0x000001ec30e3e630 JavaThread "Memory manager" [_thread_blocked, id=20596, stack(0x0000003a08900000,0x0000003a08a00000)]
  0x000001ec2dc28f70 JavaThread "RMI Scheduler(0)" daemon [_thread_blocked, id=18020, stack(0x0000003a0a400000,0x0000003a0a500000)]
  0x000001ec2dc28aa0 JavaThread "RMI GC Daemon" daemon [_thread_blocked, id=20432, stack(0x0000003a0a600000,0x0000003a0a700000)]
  0x000001ec2dc25f50 JavaThread "RMI TCP Accept-0" daemon [_thread_in_native, id=19696, stack(0x0000003a0a700000,0x0000003a0a800000)]
  0x000001ec2dc25a80 JavaThread "RMI Reaper" [_thread_blocked, id=8760, stack(0x0000003a0a800000,0x0000003a0a900000)]
  0x000001ec2dc26420 JavaThread "ForkJoinPool.commonPool-worker-13" daemon [_thread_blocked, id=27536, stack(0x0000003a0b600000,0x0000003a0b700000)]
  0x000001ec2dc2bf90 JavaThread "ForkJoinPool.commonPool-worker-16" daemon [_thread_blocked, id=38716, stack(0x0000003a0b900000,0x0000003a0ba00000)]
  0x000001ec2dc2ce00 JavaThread "ForkJoinPool.commonPool-worker-19" daemon [_thread_blocked, id=8352, stack(0x0000003a0bc00000,0x0000003a0bd00000)]
  0x000001ec2f220ce0 JavaThread "ForkJoinPool.commonPool-worker-21" daemon [_thread_blocked, id=39932, stack(0x0000003a0be00000,0x0000003a0bf00000)]
  0x000001ec2f222020 JavaThread "ForkJoinPool.commonPool-worker-22" daemon [_thread_blocked, id=18168, stack(0x0000003a0bf00000,0x0000003a0c000000)]
  0x000001ec2f21f4d0 JavaThread "ForkJoinPool.commonPool-worker-23" daemon [_thread_blocked, id=11596, stack(0x0000003a0c000000,0x0000003a0c100000)]
  0x000001ec2dc26dc0 JavaThread "ForkJoinPool.commonPool-worker-24" daemon [_thread_blocked, id=20108, stack(0x0000003a0b000000,0x0000003a0b100000)]
  0x000001ec2eebbbc0 JavaThread "Daemon Thread 10" [_thread_blocked, id=2496, stack(0x0000003a00500000,0x0000003a00600000)]
  0x000001ec2eebff20 JavaThread "Handler for socket connection from /127.0.0.1:61372 to /127.0.0.1:62925" [_thread_in_native, id=16116, stack(0x0000003a00600000,0x0000003a00700000)]
  0x000001ec2eebc560 JavaThread "Cancel handler" [_thread_blocked, id=34372, stack(0x0000003a00800000,0x0000003a00900000)]
  0x000001ec2eec03f0 JavaThread "Daemon worker Thread 10" [_thread_blocked, id=37512, stack(0x0000003a00900000,0x0000003a00a00000)]
  0x000001ec2eebd8a0 JavaThread "Asynchronous log dispatcher for DefaultDaemonConnection: socket connection from /127.0.0.1:61372 to /127.0.0.1:62925" [_thread_blocked, id=32944, stack(0x0000003a00a00000,0x0000003a00b00000)]
  0x000001ec2eebe240 JavaThread "Stdin handler" [_thread_blocked, id=10324, stack(0x0000003a00b00000,0x0000003a00c00000)]
  0x000001ec2eebebe0 JavaThread "Daemon client event forwarder" [_thread_blocked, id=4904, stack(0x0000003a00c00000,0x0000003a00d00000)]
  0x000001ec2eebf580 JavaThread "Cache worker for checksums cache (C:\Users\Ashley (etu-arakoto)\Documents\Informatique\suivi_candidatures\candidatures_android\.gradle\8.0\checksums)" [_thread_blocked, id=34784, stack(0x0000003a00e00000,0x0000003a00f00000)]
  0x000001ec2eebf0b0 JavaThread "Cache worker for cache directory md-rule (C:\Users\Ashley (etu-arakoto)\.gradle\caches\8.0\md-rule)" [_thread_blocked, id=29636, stack(0x0000003a00f00000,0x0000003a01000000)]
  0x000001ec2eebdd70 JavaThread "Cache worker for file hash cache (C:\Users\Ashley (etu-arakoto)\Documents\Informatique\suivi_candidatures\candidatures_android\.gradle\8.0\fileHashes)" [_thread_blocked, id=21196, stack(0x0000003a01000000,0x0000003a01100000)]
  0x000001ec2eebca30 JavaThread "Cache worker for cache directory md-supplier (C:\Users\Ashley (etu-arakoto)\.gradle\caches\8.0\md-supplier)" [_thread_blocked, id=31192, stack(0x0000003a01100000,0x0000003a01200000)]
  0x000001ec2eebfa50 JavaThread "Cache worker for dependencies-accessors (C:\Users\Ashley (etu-arakoto)\Documents\Informatique\suivi_candidatures\candidatures_android\.gradle\8.0\dependencies-accessors)" [_thread_blocked, id=16528, stack(0x0000003a01200000,0x0000003a01300000)]
  0x000001ec2eebcf00 JavaThread "Cache worker for Build Output Cleanup Cache (C:\Users\Ashley (etu-arakoto)\Documents\Informatique\suivi_candidatures\candidatures_android\.gradle\buildOutputCleanup)" [_thread_blocked, id=23612, stack(0x0000003a01300000,0x0000003a01400000)]
  0x000001ec2eec20d0 JavaThread "Unconstrained build operations" [_thread_blocked, id=41492, stack(0x0000003a01400000,0x0000003a01500000)]
  0x000001ec2eec1730 JavaThread "Unconstrained build operations Thread 2" [_thread_blocked, id=39252, stack(0x0000003a01500000,0x0000003a01600000)]
  0x000001ec2eec0d90 JavaThread "Unconstrained build operations Thread 3" [_thread_blocked, id=41812, stack(0x0000003a01600000,0x0000003a01700000)]
  0x000001ec2eebe710 JavaThread "Unconstrained build operations Thread 4" [_thread_blocked, id=32292, stack(0x0000003a01700000,0x0000003a01800000)]
  0x000001ec2eec2f40 JavaThread "Unconstrained build operations Thread 5" [_thread_blocked, id=23396, stack(0x0000003a01800000,0x0000003a01900000)]
  0x000001ec2eec3410 JavaThread "Unconstrained build operations Thread 6" [_thread_blocked, id=20712, stack(0x0000003a01900000,0x0000003a01a00000)]
  0x000001ec2eec08c0 JavaThread "Unconstrained build operations Thread 7" [_thread_blocked, id=38248, stack(0x0000003a01a00000,0x0000003a01b00000)]
  0x000001ec2eec1260 JavaThread "Unconstrained build operations Thread 8" [_thread_blocked, id=30860, stack(0x0000003a01b00000,0x0000003a01c00000)]
  0x000001ec2f21fe70 JavaThread "Unconstrained build operations Thread 9" [_thread_blocked, id=15324, stack(0x0000003a01c00000,0x0000003a01d00000)]
  0x000001ec2f21f000 JavaThread "Unconstrained build operations Thread 10" [_thread_blocked, id=34788, stack(0x0000003a01d00000,0x0000003a01e00000)]
  0x000001ec2f2229c0 JavaThread "Unconstrained build operations Thread 11" [_thread_blocked, id=11872, stack(0x0000003a01e00000,0x0000003a01f00000)]
  0x000001ec2f222e90 JavaThread "Unconstrained build operations Thread 12" [_thread_blocked, id=27496, stack(0x0000003a01f00000,0x0000003a02000000)]
  0x000001ec2f2224f0 JavaThread "Unconstrained build operations Thread 13" [_thread_blocked, id=33880, stack(0x0000003a02000000,0x0000003a02100000)]
  0x000001ec2f223360 JavaThread "Unconstrained build operations Thread 14" [_thread_blocked, id=4944, stack(0x0000003a02100000,0x0000003a02200000)]
  0x000001ec2f220810 JavaThread "Unconstrained build operations Thread 15" [_thread_blocked, id=24084, stack(0x0000003a02200000,0x0000003a02300000)]
  0x000001ec2f21f9a0 JavaThread "Unconstrained build operations Thread 16" [_thread_blocked, id=9632, stack(0x0000003a02300000,0x0000003a02400000)]
  0x000001ec2f223830 JavaThread "Unconstrained build operations Thread 17" [_thread_blocked, id=41856, stack(0x0000003a02400000,0x0000003a02500000)]
  0x000001ec2f223d00 JavaThread "Unconstrained build operations Thread 18" [_thread_blocked, id=27620, stack(0x0000003a02500000,0x0000003a02600000)]
  0x000001ec2f221b50 JavaThread "Unconstrained build operations Thread 19" [_thread_blocked, id=23840, stack(0x0000003a02600000,0x0000003a02700000)]
  0x000001ec2f2211b0 JavaThread "Unconstrained build operations Thread 20" [_thread_blocked, id=17772, stack(0x0000003a02700000,0x0000003a02800000)]
  0x000001ec2f220340 JavaThread "Unconstrained build operations Thread 21" [_thread_blocked, id=41976, stack(0x0000003a02800000,0x0000003a02900000)]
  0x000001ec2f228060 JavaThread "Unconstrained build operations Thread 22" [_thread_blocked, id=27920, stack(0x0000003a02900000,0x0000003a02a00000)]
  0x000001ec2f2271f0 JavaThread "Unconstrained build operations Thread 23" [_thread_blocked, id=1688, stack(0x0000003a02a00000,0x0000003a02b00000)]
  0x000001ec2f226850 JavaThread "Unconstrained build operations Thread 24" [_thread_blocked, id=1448, stack(0x0000003a02b00000,0x0000003a02c00000)]
  0x000001ec2f2276c0 JavaThread "Unconstrained build operations Thread 25" [_thread_blocked, id=37664, stack(0x0000003a02c00000,0x0000003a02d00000)]
  0x000001ec2f2259e0 JavaThread "Unconstrained build operations Thread 26" [_thread_blocked, id=40724, stack(0x0000003a02d00000,0x0000003a02e00000)]
  0x000001ec2f225eb0 JavaThread "Unconstrained build operations Thread 27" [_thread_blocked, id=19356, stack(0x0000003a02e00000,0x0000003a02f00000)]
  0x000001ec2f2246a0 JavaThread "Unconstrained build operations Thread 28" [_thread_blocked, id=12880, stack(0x0000003a02f00000,0x0000003a03000000)]
  0x000001ec2f226380 JavaThread "Unconstrained build operations Thread 29" [_thread_blocked, id=17576, stack(0x0000003a03000000,0x0000003a03100000)]
  0x000001ec2f226d20 JavaThread "Unconstrained build operations Thread 30" [_thread_blocked, id=41884, stack(0x0000003a03100000,0x0000003a03200000)]
  0x000001ec2f227b90 JavaThread "Unconstrained build operations Thread 31" [_thread_blocked, id=32872, stack(0x0000003a03200000,0x0000003a03300000)]
  0x000001ec2f228530 JavaThread "Unconstrained build operations Thread 32" [_thread_blocked, id=26000, stack(0x0000003a03300000,0x0000003a03400000)]
  0x000001ec2f224b70 JavaThread "Unconstrained build operations Thread 33" [_thread_blocked, id=5904, stack(0x0000003a03400000,0x0000003a03500000)]
  0x000001ec2f228a00 JavaThread "Unconstrained build operations Thread 34" [_thread_blocked, id=4064, stack(0x0000003a03500000,0x0000003a03600000)]
  0x000001ec2f225040 JavaThread "Unconstrained build operations Thread 35" [_thread_blocked, id=7076, stack(0x0000003a03600000,0x0000003a03700000)]
  0x000001ec2f228ed0 JavaThread "Unconstrained build operations Thread 36" [_thread_blocked, id=31936, stack(0x0000003a03700000,0x0000003a03800000)]
  0x000001ec2f225510 JavaThread "Unconstrained build operations Thread 37" [_thread_blocked, id=35752, stack(0x0000003a03800000,0x0000003a03900000)]
  0x000001ec2f22bef0 JavaThread "Unconstrained build operations Thread 38" [_thread_blocked, id=39968, stack(0x0000003a03900000,0x0000003a03a00000)]
  0x000001ec2f22b080 JavaThread "Unconstrained build operations Thread 39" [_thread_blocked, id=4160, stack(0x0000003a03a00000,0x0000003a03b00000)]
  0x000001ec2f22c3c0 JavaThread "Unconstrained build operations Thread 40" [_thread_blocked, id=26412, stack(0x0000003a03b00000,0x0000003a03c00000)]
  0x000001ec2f22b550 JavaThread "Unconstrained build operations Thread 41" [_thread_blocked, id=10116, stack(0x0000003a03c00000,0x0000003a03d00000)]
  0x000001ec2f22c890 JavaThread "Unconstrained build operations Thread 42" [_thread_blocked, id=27736, stack(0x0000003a03d00000,0x0000003a03e00000)]
  0x000001ec2f22abb0 JavaThread "Unconstrained build operations Thread 43" [_thread_blocked, id=23816, stack(0x0000003a03e00000,0x0000003a03f00000)]
  0x000001ec2f22ba20 JavaThread "Unconstrained build operations Thread 44" [_thread_blocked, id=18352, stack(0x0000003a03f00000,0x0000003a04000000)]
  0x000001ec2f22a6e0 JavaThread "Unconstrained build operations Thread 45" [_thread_blocked, id=19400, stack(0x0000003a04000000,0x0000003a04100000)]
  0x000001ec2f22a210 JavaThread "Unconstrained build operations Thread 46" [_thread_blocked, id=20656, stack(0x0000003a04100000,0x0000003a04200000)]
  0x000001ec2f22cd60 JavaThread "Unconstrained build operations Thread 47" [_thread_blocked, id=14436, stack(0x0000003a04200000,0x0000003a04300000)]
  0x000001ec2f2293a0 JavaThread "Unconstrained build operations Thread 48" [_thread_blocked, id=2920, stack(0x0000003a04300000,0x0000003a04400000)]
  0x000001ec2f22d230 JavaThread "Unconstrained build operations Thread 49" [_thread_blocked, id=37656, stack(0x0000003a04400000,0x0000003a04500000)]
  0x000001ec2f229870 JavaThread "Unconstrained build operations Thread 50" [_thread_blocked, id=39272, stack(0x0000003a04500000,0x0000003a04600000)]
  0x000001ec2f22d700 JavaThread "Unconstrained build operations Thread 51" [_thread_blocked, id=29184, stack(0x0000003a04600000,0x0000003a04700000)]
  0x000001ec2f229d40 JavaThread "Unconstrained build operations Thread 52" [_thread_blocked, id=24332, stack(0x0000003a04700000,0x0000003a04800000)]
  0x000001ec2f22dbd0 JavaThread "Unconstrained build operations Thread 53" [_thread_blocked, id=15556, stack(0x0000003a04800000,0x0000003a04900000)]
  0x000001ec2f22e0a0 JavaThread "Unconstrained build operations Thread 54" [_thread_blocked, id=17460, stack(0x0000003a04900000,0x0000003a04a00000)]
  0x000001ec2f22e570 JavaThread "Unconstrained build operations Thread 55" [_thread_blocked, id=14464, stack(0x0000003a04a00000,0x0000003a04b00000)]
  0x000001ec2f22ea40 JavaThread "Unconstrained build operations Thread 56" [_thread_blocked, id=13052, stack(0x0000003a04b00000,0x0000003a04c00000)]
  0x000001ec2bedb7b0 JavaThread "Unconstrained build operations Thread 57" [_thread_blocked, id=24940, stack(0x0000003a04c00000,0x0000003a04d00000)]
  0x000001ec2bedeca0 JavaThread "Unconstrained build operations Thread 58" [_thread_blocked, id=5428, stack(0x0000003a04d00000,0x0000003a04e00000)]
  0x000001ec2bedde30 JavaThread "Unconstrained build operations Thread 59" [_thread_blocked, id=25748, stack(0x0000003a04e00000,0x0000003a04f00000)]
  0x000001ec2bedbc80 JavaThread "Unconstrained build operations Thread 60" [_thread_blocked, id=37416, stack(0x0000003a04f00000,0x0000003a05000000)]
  0x000001ec2bedc150 JavaThread "Unconstrained build operations Thread 61" [_thread_blocked, id=15728, stack(0x0000003a05000000,0x0000003a05100000)]
  0x000001ec2bedcaf0 JavaThread "Unconstrained build operations Thread 62" [_thread_blocked, id=30272, stack(0x0000003a05100000,0x0000003a05200000)]
  0x000001ec2bedcfc0 JavaThread "Unconstrained build operations Thread 63" [_thread_blocked, id=15156, stack(0x0000003a05200000,0x0000003a05300000)]
  0x000001ec2bedd490 JavaThread "Unconstrained build operations Thread 64" [_thread_blocked, id=13192, stack(0x0000003a05300000,0x0000003a05400000)]
  0x000001ec2bedb2e0 JavaThread "Unconstrained build operations Thread 65" [_thread_blocked, id=27608, stack(0x0000003a05400000,0x0000003a05500000)]
  0x000001ec2bee1320 JavaThread "Unconstrained build operations Thread 66" [_thread_blocked, id=31924, stack(0x0000003a05500000,0x0000003a05600000)]
  0x000001ec2bedd960 JavaThread "Unconstrained build operations Thread 67" [_thread_blocked, id=16324, stack(0x0000003a05600000,0x0000003a05700000)]
  0x000001ec2bee0e50 JavaThread "Unconstrained build operations Thread 68" [_thread_blocked, id=28136, stack(0x0000003a05700000,0x0000003a05800000)]
  0x000001ec2bee17f0 JavaThread "Unconstrained build operations Thread 69" [_thread_blocked, id=24572, stack(0x0000003a05800000,0x0000003a05900000)]
  0x000001ec2bee1cc0 JavaThread "Unconstrained build operations Thread 70" [_thread_blocked, id=40108, stack(0x0000003a05900000,0x0000003a05a00000)]
  0x000001ec2bede300 JavaThread "Unconstrained build operations Thread 71" [_thread_blocked, id=2872, stack(0x0000003a05a00000,0x0000003a05b00000)]
  0x000001ec2bedfb10 JavaThread "Unconstrained build operations Thread 72" [_thread_blocked, id=10712, stack(0x0000003a05b00000,0x0000003a05c00000)]
  0x000001ec2bee04b0 JavaThread "Unconstrained build operations Thread 73" [_thread_blocked, id=7760, stack(0x0000003a05c00000,0x0000003a05d00000)]
  0x000001ec2bee2190 JavaThread "Unconstrained build operations Thread 74" [_thread_blocked, id=40344, stack(0x0000003a05d00000,0x0000003a05e00000)]
  0x000001ec2bedf640 JavaThread "Unconstrained build operations Thread 75" [_thread_blocked, id=23868, stack(0x0000003a05e00000,0x0000003a05f00000)]
  0x000001ec2bedffe0 JavaThread "Unconstrained build operations Thread 76" [_thread_blocked, id=40764, stack(0x0000003a05f00000,0x0000003a06000000)]
  0x000001ec2bee0980 JavaThread "Unconstrained build operations Thread 77" [_thread_blocked, id=12384, stack(0x0000003a06000000,0x0000003a06100000)]
  0x000001ec2bede7d0 JavaThread "Unconstrained build operations Thread 78" [_thread_blocked, id=36896, stack(0x0000003a06100000,0x0000003a06200000)]
  0x000001ec2bee2660 JavaThread "Unconstrained build operations Thread 79" [_thread_blocked, id=12940, stack(0x0000003a06200000,0x0000003a06300000)]
  0x000001ec2bee2b30 JavaThread "Unconstrained build operations Thread 80" [_thread_blocked, id=16288, stack(0x0000003a06300000,0x0000003a06400000)]
  0x000001ec2f642310 JavaThread "Unconstrained build operations Thread 81" [_thread_blocked, id=35496, stack(0x0000003a06400000,0x0000003a06500000)]
  0x000001ec2f6427e0 JavaThread "Unconstrained build operations Thread 82" [_thread_blocked, id=37272, stack(0x0000003a06500000,0x0000003a06600000)]
  0x000001ec2f644e60 JavaThread "Unconstrained build operations Thread 83" [_thread_blocked, id=19376, stack(0x0000003a06600000,0x0000003a06700000)]
  0x000001ec2f643650 JavaThread "Unconstrained build operations Thread 84" [_thread_blocked, id=28040, stack(0x0000003a06700000,0x0000003a06800000)]
  0x000001ec2f644990 JavaThread "Unconstrained build operations Thread 85" [_thread_blocked, id=2032, stack(0x0000003a06800000,0x0000003a06900000)]
  0x000001ec2f645330 JavaThread "Unconstrained build operations Thread 86" [_thread_blocked, id=22340, stack(0x0000003a06900000,0x0000003a06a00000)]
  0x000001ec2f643b20 JavaThread "Unconstrained build operations Thread 87" [_thread_blocked, id=25588, stack(0x0000003a06a00000,0x0000003a06b00000)]
  0x000001ec2f643180 JavaThread "Unconstrained build operations Thread 88" [_thread_blocked, id=8144, stack(0x0000003a06b00000,0x0000003a06c00000)]
  0x000001ec2f645cd0 JavaThread "Unconstrained build operations Thread 89" [_thread_blocked, id=40684, stack(0x0000003a06c00000,0x0000003a06d00000)]
  0x000001ec2f643ff0 JavaThread "Unconstrained build operations Thread 90" [_thread_blocked, id=40668, stack(0x0000003a06d00000,0x0000003a06e00000)]
  0x000001ec2f6461a0 JavaThread "Unconstrained build operations Thread 91" [_thread_blocked, id=2680, stack(0x0000003a06e00000,0x0000003a06f00000)]
  0x000001ec2f641e40 JavaThread "Unconstrained build operations Thread 92" [_thread_blocked, id=6892, stack(0x0000003a06f00000,0x0000003a07000000)]
  0x000001ec2f646670 JavaThread "Unconstrained build operations Thread 93" [_thread_blocked, id=13880, stack(0x0000003a07000000,0x0000003a07100000)]
  0x000001ec2f642cb0 JavaThread "Unconstrained build operations Thread 94" [_thread_blocked, id=30996, stack(0x0000003a07100000,0x0000003a07200000)]
  0x000001ec2f647010 JavaThread "Unconstrained build operations Thread 95" [_thread_blocked, id=6812, stack(0x0000003a07200000,0x0000003a07300000)]
  0x000001ec2f646b40 JavaThread "Unconstrained build operations Thread 96" [_thread_blocked, id=37056, stack(0x0000003a07300000,0x0000003a07400000)]
  0x000001ec2f6474e0 JavaThread "Unconstrained build operations Thread 97" [_thread_blocked, id=33072, stack(0x0000003a07400000,0x0000003a07500000)]
  0x000001ec2f6479b0 JavaThread "Unconstrained build operations Thread 98" [_thread_blocked, id=27488, stack(0x0000003a07500000,0x0000003a07600000)]
  0x000001ec2f647e80 JavaThread "Unconstrained build operations Thread 99" [_thread_blocked, id=31628, stack(0x0000003a07600000,0x0000003a07700000)]
  0x000001ec2f6444c0 JavaThread "Unconstrained build operations Thread 100" [_thread_blocked, id=28288, stack(0x0000003a07700000,0x0000003a07800000)]
  0x000001ec2f649690 JavaThread "Unconstrained build operations Thread 101" [_thread_blocked, id=12928, stack(0x0000003a07800000,0x0000003a07900000)]
  0x000001ec2f648350 JavaThread "Unconstrained build operations Thread 102" [_thread_blocked, id=10784, stack(0x0000003a07900000,0x0000003a07a00000)]
  0x000001ec2f648820 JavaThread "Unconstrained build operations Thread 103" [_thread_blocked, id=32256, stack(0x0000003a07a00000,0x0000003a07b00000)]
  0x000001ec2f648cf0 JavaThread "Unconstrained build operations Thread 104" [_thread_blocked, id=23216, stack(0x0000003a07b00000,0x0000003a07c00000)]
  0x000001ec2aa06f90 JavaThread "Unconstrained build operations Thread 105" [_thread_blocked, id=30548, stack(0x0000003a07c00000,0x0000003a07d00000)]
  0x000001ec2aa07460 JavaThread "Unconstrained build operations Thread 106" [_thread_blocked, id=23664, stack(0x0000003a07d00000,0x0000003a07e00000)]
  0x000001ec2aa0a480 JavaThread "Unconstrained build operations Thread 107" [_thread_blocked, id=7084, stack(0x0000003a07e00000,0x0000003a07f00000)]
  0x000001ec2aa09ae0 JavaThread "Unconstrained build operations Thread 108" [_thread_blocked, id=21968, stack(0x0000003a07f00000,0x0000003a08000000)]
  0x000001ec2aa0ae20 JavaThread "Unconstrained build operations Thread 109" [_thread_blocked, id=12348, stack(0x0000003a08700000,0x0000003a08800000)]
  0x000001ec2aa09140 JavaThread "Unconstrained build operations Thread 110" [_thread_blocked, id=28496, stack(0x0000003a08800000,0x0000003a08900000)]
  0x000001ec2aa09610 JavaThread "Unconstrained build operations Thread 111" [_thread_blocked, id=22304, stack(0x0000003a08a00000,0x0000003a08b00000)]
  0x000001ec2aa09fb0 JavaThread "Unconstrained build operations Thread 112" [_thread_blocked, id=25368, stack(0x0000003a08b00000,0x0000003a08c00000)]
  0x000001ec2aa07930 JavaThread "Unconstrained build operations Thread 113" [_thread_blocked, id=13524, stack(0x0000003a08c00000,0x0000003a08d00000)]
  0x000001ec2aa0a950 JavaThread "Unconstrained build operations Thread 114" [_thread_blocked, id=19704, stack(0x0000003a08d00000,0x0000003a08e00000)]
  0x000001ec2aa0b2f0 JavaThread "Unconstrained build operations Thread 115" [_thread_blocked, id=36564, stack(0x0000003a08e00000,0x0000003a08f00000)]
  0x000001ec2aa07e00 JavaThread "Unconstrained build operations Thread 116" [_thread_blocked, id=21916, stack(0x0000003a08f00000,0x0000003a09000000)]
  0x000001ec2aa0bc90 JavaThread "Unconstrained build operations Thread 117" [_thread_blocked, id=16552, stack(0x0000003a09000000,0x0000003a09100000)]
  0x000001ec2aa082d0 JavaThread "Unconstrained build operations Thread 118" [_thread_blocked, id=14244, stack(0x0000003a09100000,0x0000003a09200000)]
  0x000001ec2aa087a0 JavaThread "Unconstrained build operations Thread 119" [_thread_blocked, id=7276, stack(0x0000003a09200000,0x0000003a09300000)]
  0x000001ec2aa0c630 JavaThread "Unconstrained build operations Thread 120" [_thread_blocked, id=27688, stack(0x0000003a09300000,0x0000003a09400000)]
  0x000001ec2aa08c70 JavaThread "build event listener" [_thread_blocked, id=27464, stack(0x0000003a09400000,0x0000003a09500000)]
  0x000001ec2aa0cfd0 JavaThread "included builds" [_thread_blocked, id=7632, stack(0x0000003a09500000,0x0000003a09600000)]
  0x000001ec2aa0e310 JavaThread "Execution worker" [_thread_blocked, id=33192, stack(0x0000003a09600000,0x0000003a09700000)]
  0x000001ec2aa0de40 JavaThread "Execution worker Thread 2" [_thread_blocked, id=36308, stack(0x0000003a09700000,0x0000003a09800000)]
  0x000001ec2aa0d4a0 JavaThread "Execution worker Thread 3" [_thread_blocked, id=17476, stack(0x0000003a09a00000,0x0000003a09b00000)]
  0x000001ec2aa0d970 JavaThread "Execution worker Thread 4" [_thread_blocked, id=39428, stack(0x0000003a09b00000,0x0000003a09c00000)]
  0x000001ec2dc255b0 JavaThread "Execution worker Thread 5" [_thread_blocked, id=41616, stack(0x0000003a09c00000,0x0000003a09d00000)]
  0x000001ec2dc29440 JavaThread "Execution worker Thread 6" [_thread_blocked, id=31552, stack(0x0000003a09d00000,0x0000003a09e00000)]
  0x000001ec2dc28100 JavaThread "Execution worker Thread 7" [_thread_blocked, id=35352, stack(0x0000003a09e00000,0x0000003a09f00000)]
  0x000001ec2dc27290 JavaThread "Execution worker Thread 8" [_thread_blocked, id=27792, stack(0x0000003a09f00000,0x0000003a0a000000)]
  0x000001ec2dc2a2b0 JavaThread "Execution worker Thread 9" [_thread_blocked, id=7032, stack(0x0000003a0a000000,0x0000003a0a100000)]
  0x000001ec2dc29910 JavaThread "Execution worker Thread 10" [_thread_blocked, id=27296, stack(0x0000003a0a100000,0x0000003a0a200000)]
  0x000001ec2dc29de0 JavaThread "Execution worker Thread 11" [_thread_blocked, id=36248, stack(0x0000003a0a200000,0x0000003a0a300000)]
  0x000001ec2dc268f0 JavaThread "Cache worker for execution history cache (C:\Users\Ashley (etu-arakoto)\Documents\Informatique\suivi_candidatures\candidatures_android\.gradle\8.0\executionHistory)" [_thread_blocked, id=20896, stack(0x0000003a0a300000,0x0000003a0a400000)]

Other Threads:
=>0x000001ec29857db0 VMThread "VM Thread" [stack: 0x0000003a7d000000,0x0000003a7d100000] [id=28608]
  0x000001ec0ca096c0 WatcherThread [stack: 0x0000003a7dc00000,0x0000003a7dd00000] [id=19980]
  0x000001ec0c9e16c0 GCTaskThread "GC Thread#0" [stack: 0x0000003a7cb00000,0x0000003a7cc00000] [id=10364]
  0x000001ec2a98e600 GCTaskThread "GC Thread#1" [stack: 0x0000003a7df00000,0x0000003a7e000000] [id=26032]
  0x000001ec2a88f320 GCTaskThread "GC Thread#2" [stack: 0x0000003a7e000000,0x0000003a7e100000] [id=20536]
  0x000001ec2aa1e960 GCTaskThread "GC Thread#3" [stack: 0x0000003a7e100000,0x0000003a7e200000] [id=34396]
  0x000001ec2aa1ec10 GCTaskThread "GC Thread#4" [stack: 0x0000003a7e200000,0x0000003a7e300000] [id=11168]
  0x000001ec2aa1eec0 GCTaskThread "GC Thread#5" [stack: 0x0000003a7e300000,0x0000003a7e400000] [id=5224]
  0x000001ec2c253b80 GCTaskThread "GC Thread#6" [stack: 0x0000003a7ee00000,0x0000003a7ef00000] [id=9592]
  0x000001ec2bd42500 GCTaskThread "GC Thread#7" [stack: 0x0000003a7ef00000,0x0000003a7f000000] [id=22772]
  0x000001ec2b3a8bd0 GCTaskThread "GC Thread#8" [stack: 0x0000003a7f000000,0x0000003a7f100000] [id=37724]
  0x000001ec2c188d90 GCTaskThread "GC Thread#9" [stack: 0x0000003a7f100000,0x0000003a7f200000] [id=10144]
  0x000001ec0c9f2510 ConcurrentGCThread "G1 Main Marker" [stack: 0x0000003a7cc00000,0x0000003a7cd00000] [id=38232]
  0x000001ec0c9f3b00 ConcurrentGCThread "G1 Conc#0" [stack: 0x0000003a7cd00000,0x0000003a7ce00000] [id=34444]
  0x000001ec2c9da9f0 ConcurrentGCThread "G1 Conc#1" [stack: 0x0000003a7f200000,0x0000003a7f300000] [id=29580]
  0x000001ec2ca6ca30 ConcurrentGCThread "G1 Conc#2" [stack: 0x0000003a7f300000,0x0000003a7f400000] [id=20512]
  0x000001ec0ca3e0f0 ConcurrentGCThread "G1 Refine#0" [stack: 0x0000003a7ce00000,0x0000003a7cf00000] [id=30000]
  0x000001ec2e0201f0 ConcurrentGCThread "G1 Refine#1" [stack: 0x0000003a00100000,0x0000003a00200000] [id=35372]
  0x000001ec2c26b420 ConcurrentGCThread "G1 Refine#2" [stack: 0x0000003a09800000,0x0000003a09900000] [id=33756]
  0x000001ec2c26b9e0 ConcurrentGCThread "G1 Refine#3" [stack: 0x0000003a09900000,0x0000003a09a00000] [id=34716]
  0x000001ec0ca3e8c0 ConcurrentGCThread "G1 Service" [stack: 0x0000003a7cf00000,0x0000003a7d000000] [id=3420]

Threads with active compile tasks:
C2 CompilerThread0  1681253 21518   !   4       com.google.common.cache.LocalCache$Segment::put (439 bytes)

VM state: at safepoint (normal execution)

VM Mutex/Monitor currently owned by a thread:  ([mutex/lock_event])
[0x000001ec0c981d00] Threads_lock - owner thread: 0x000001ec29857db0
[0x000001ec0c981520] Heap_lock - owner thread: 0x000001ec2dc29440

Heap address: 0x0000000080000000, size: 2048 MB, Compressed Oops mode: 32-bit

CDS archive(s) not mapped
Compressed class space mapped at: 0x0000000100000000-0x0000000140000000, reserved size: 1073741824
Narrow klass base: 0x0000000000000000, Narrow klass shift: 3, Narrow klass range: 0x140000000

GC Precious Log:
 CPUs: 12 total, 12 available
 Memory: 16068M
 Large Page Support: Disabled
 NUMA Support: Disabled
 Compressed Oops: Enabled (32-bit)
 Heap Region Size: 1M
 Heap Min Capacity: 8M
 Heap Initial Capacity: 252M
 Heap Max Capacity: 2G
 Pre-touch: Disabled
 Parallel Workers: 10
 Concurrent Workers: 3
 Concurrent Refinement Workers: 10
 Periodic GC: Disabled

Heap:
 garbage-first heap   total 336896K, used 147250K [0x0000000080000000, 0x0000000100000000)
  region size 1024K, 11 young (11264K), 11 survivors (11264K)
 Metaspace       used 129266K, committed 130752K, reserved 1163264K
  class space    used 17598K, committed 18304K, reserved 1048576K

Heap Regions: E=young(eden), S=young(survivor), O=old, HS=humongous(starts), HC=humongous(continues), CS=collection set, F=free, OA=open archive, CA=closed archive, TAMS=top-at-mark-start (previous, next)
|   0|0x0000000080000000, 0x0000000080100000, 0x0000000080100000|100%|HS|  |TAMS 0x0000000080100000, 0x0000000080100000| Complete 
|   1|0x0000000080100000, 0x0000000080200000, 0x0000000080200000|100%|HC|  |TAMS 0x0000000080200000, 0x0000000080200000| Complete 
|   2|0x0000000080200000, 0x0000000080300000, 0x0000000080300000|100%|HC|  |TAMS 0x0000000080300000, 0x0000000080300000| Complete 
|   3|0x0000000080300000, 0x0000000080400000, 0x0000000080400000|100%|HC|  |TAMS 0x0000000080400000, 0x0000000080400000| Complete 
|   4|0x0000000080400000, 0x0000000080500000, 0x0000000080500000|100%| O|  |TAMS 0x0000000080500000, 0x0000000080500000| Untracked 
|   5|0x0000000080500000, 0x0000000080600000, 0x0000000080600000|100%| O|  |TAMS 0x0000000080600000, 0x0000000080600000| Untracked 
|   6|0x0000000080600000, 0x0000000080700000, 0x0000000080700000|100%| O|  |TAMS 0x0000000080700000, 0x0000000080700000| Untracked 
|   7|0x0000000080700000, 0x0000000080800000, 0x0000000080800000|100%| O|  |TAMS 0x0000000080800000, 0x0000000080800000| Untracked 
|   8|0x0000000080800000, 0x0000000080900000, 0x0000000080900000|100%| O|  |TAMS 0x0000000080900000, 0x0000000080900000| Untracked 
|   9|0x0000000080900000, 0x0000000080a00000, 0x0000000080a00000|100%| O|  |TAMS 0x0000000080a00000, 0x0000000080a00000| Untracked 
|  10|0x0000000080a00000, 0x0000000080b00000, 0x0000000080b00000|100%| O|  |TAMS 0x0000000080b00000, 0x0000000080b00000| Untracked 
|  11|0x0000000080b00000, 0x0000000080c00000, 0x0000000080c00000|100%| O|  |TAMS 0x0000000080c00000, 0x0000000080c00000| Untracked 
|  12|0x0000000080c00000, 0x0000000080d00000, 0x0000000080d00000|100%| O|  |TAMS 0x0000000080d00000, 0x0000000080d00000| Untracked 
|  13|0x0000000080d00000, 0x0000000080e00000, 0x0000000080e00000|100%| O|  |TAMS 0x0000000080e00000, 0x0000000080e00000| Untracked 
|  14|0x0000000080e00000, 0x0000000080f00000, 0x0000000080f00000|100%| O|  |TAMS 0x0000000080f00000, 0x0000000080f00000| Untracked 
|  15|0x0000000080f00000, 0x0000000081000000, 0x0000000081000000|100%| O|  |TAMS 0x0000000081000000, 0x0000000081000000| Untracked 
|  16|0x0000000081000000, 0x0000000081100000, 0x0000000081100000|100%| O|  |TAMS 0x0000000081100000, 0x0000000081100000| Untracked 
|  17|0x0000000081100000, 0x0000000081200000, 0x0000000081200000|100%| O|  |TAMS 0x0000000081200000, 0x0000000081200000| Untracked 
|  18|0x0000000081200000, 0x0000000081300000, 0x0000000081300000|100%| O|  |TAMS 0x0000000081300000, 0x0000000081300000| Untracked 
|  19|0x0000000081300000, 0x0000000081400000, 0x0000000081400000|100%| O|  |TAMS 0x0000000081400000, 0x0000000081400000| Untracked 
|  20|0x0000000081400000, 0x0000000081500000, 0x0000000081500000|100%| O|  |TAMS 0x0000000081500000, 0x0000000081500000| Untracked 
|  21|0x0000000081500000, 0x0000000081600000, 0x0000000081600000|100%| O|  |TAMS 0x0000000081600000, 0x0000000081600000| Untracked 
|  22|0x0000000081600000, 0x0000000081700000, 0x0000000081700000|100%| O|  |TAMS 0x0000000081700000, 0x0000000081700000| Untracked 
|  23|0x0000000081700000, 0x0000000081800000, 0x0000000081800000|100%| O|  |TAMS 0x0000000081800000, 0x0000000081800000| Untracked 
|  24|0x0000000081800000, 0x0000000081900000, 0x0000000081900000|100%| O|  |TAMS 0x0000000081900000, 0x0000000081900000| Untracked 
|  25|0x0000000081900000, 0x0000000081a00000, 0x0000000081a00000|100%| O|  |TAMS 0x0000000081a00000, 0x0000000081a00000| Untracked 
|  26|0x0000000081a00000, 0x0000000081b00000, 0x0000000081b00000|100%| O|  |TAMS 0x0000000081b00000, 0x0000000081b00000| Untracked 
|  27|0x0000000081b00000, 0x0000000081c00000, 0x0000000081c00000|100%| O|  |TAMS 0x0000000081c00000, 0x0000000081c00000| Untracked 
|  28|0x0000000081c00000, 0x0000000081d00000, 0x0000000081d00000|100%| O|  |TAMS 0x0000000081d00000, 0x0000000081d00000| Untracked 
|  29|0x0000000081d00000, 0x0000000081e00000, 0x0000000081e00000|100%| O|  |TAMS 0x0000000081e00000, 0x0000000081e00000| Untracked 
|  30|0x0000000081e00000, 0x0000000081f00000, 0x0000000081f00000|100%| O|  |TAMS 0x0000000081f00000, 0x0000000081f00000| Untracked 
|  31|0x0000000081f00000, 0x0000000082000000, 0x0000000082000000|100%| O|  |TAMS 0x0000000082000000, 0x0000000082000000| Untracked 
|  32|0x0000000082000000, 0x0000000082100000, 0x0000000082100000|100%|HS|  |TAMS 0x0000000082100000, 0x0000000082100000| Complete 
|  33|0x0000000082100000, 0x0000000082200000, 0x0000000082200000|100%|HS|  |TAMS 0x0000000082200000, 0x0000000082200000| Complete 
|  34|0x0000000082200000, 0x0000000082300000, 0x0000000082300000|100%|HS|  |TAMS 0x0000000082300000, 0x0000000082300000| Complete 
|  35|0x0000000082300000, 0x0000000082400000, 0x0000000082400000|100%|HC|  |TAMS 0x0000000082400000, 0x0000000082400000| Complete 
|  36|0x0000000082400000, 0x0000000082500000, 0x0000000082500000|100%|HS|  |TAMS 0x0000000082500000, 0x0000000082500000| Complete 
|  37|0x0000000082500000, 0x0000000082600000, 0x0000000082600000|100%|HS|  |TAMS 0x0000000082600000, 0x0000000082600000| Complete 
|  38|0x0000000082600000, 0x0000000082700000, 0x0000000082700000|100%|HC|  |TAMS 0x0000000082700000, 0x0000000082700000| Complete 
|  39|0x0000000082700000, 0x0000000082800000, 0x0000000082800000|100%|HC|  |TAMS 0x0000000082800000, 0x0000000082800000| Complete 
|  40|0x0000000082800000, 0x0000000082900000, 0x0000000082900000|100%|HC|  |TAMS 0x0000000082900000, 0x0000000082900000| Complete 
|  41|0x0000000082900000, 0x0000000082a00000, 0x0000000082a00000|100%| O|  |TAMS 0x0000000082a00000, 0x0000000082a00000| Untracked 
|  42|0x0000000082a00000, 0x0000000082b00000, 0x0000000082b00000|100%| O|  |TAMS 0x0000000082b00000, 0x0000000082b00000| Untracked 
|  43|0x0000000082b00000, 0x0000000082c00000, 0x0000000082c00000|100%| O|  |TAMS 0x0000000082c00000, 0x0000000082c00000| Untracked 
|  44|0x0000000082c00000, 0x0000000082d00000, 0x0000000082d00000|100%| O|  |TAMS 0x0000000082d00000, 0x0000000082d00000| Untracked 
|  45|0x0000000082d00000, 0x0000000082e00000, 0x0000000082e00000|100%| O|  |TAMS 0x0000000082d00000, 0x0000000082e00000| Untracked 
|  46|0x0000000082e00000, 0x0000000082f00000, 0x0000000082f00000|100%| O|  |TAMS 0x0000000082f00000, 0x0000000082f00000| Untracked 
|  47|0x0000000082f00000, 0x0000000083000000, 0x0000000083000000|100%| O|  |TAMS 0x0000000083000000, 0x0000000083000000| Untracked 
|  48|0x0000000083000000, 0x0000000083100000, 0x0000000083100000|100%| O|  |TAMS 0x0000000083100000, 0x0000000083100000| Untracked 
|  49|0x0000000083100000, 0x0000000083200000, 0x0000000083200000|100%| O|  |TAMS 0x0000000083200000, 0x0000000083200000| Untracked 
|  50|0x0000000083200000, 0x0000000083300000, 0x0000000083300000|100%| O|  |TAMS 0x0000000083200000, 0x0000000083300000| Untracked 
|  51|0x0000000083300000, 0x0000000083400000, 0x0000000083400000|100%| O|  |TAMS 0x0000000083400000, 0x0000000083400000| Untracked 
|  52|0x0000000083400000, 0x0000000083500000, 0x0000000083500000|100%| O|  |TAMS 0x0000000083500000, 0x0000000083500000| Untracked 
|  53|0x0000000083500000, 0x0000000083600000, 0x0000000083600000|100%| O|  |TAMS 0x0000000083600000, 0x0000000083600000| Untracked 
|  54|0x0000000083600000, 0x0000000083700000, 0x0000000083700000|100%| O|  |TAMS 0x0000000083700000, 0x0000000083700000| Untracked 
|  55|0x0000000083700000, 0x0000000083800000, 0x0000000083800000|100%| O|  |TAMS 0x0000000083800000, 0x0000000083800000| Untracked 
|  56|0x0000000083800000, 0x0000000083900000, 0x0000000083900000|100%| O|  |TAMS 0x0000000083900000, 0x0000000083900000| Untracked 
|  57|0x0000000083900000, 0x0000000083a00000, 0x0000000083a00000|100%| O|  |TAMS 0x0000000083a00000, 0x0000000083a00000| Untracked 
|  58|0x0000000083a00000, 0x0000000083b00000, 0x0000000083b00000|100%| O|  |TAMS 0x0000000083b00000, 0x0000000083b00000| Untracked 
|  59|0x0000000083b00000, 0x0000000083c00000, 0x0000000083c00000|100%| O|  |TAMS 0x0000000083c00000, 0x0000000083c00000| Untracked 
|  60|0x0000000083c00000, 0x0000000083d00000, 0x0000000083d00000|100%| O|  |TAMS 0x0000000083d00000, 0x0000000083d00000| Untracked 
|  61|0x0000000083d00000, 0x0000000083e00000, 0x0000000083e00000|100%| O|  |TAMS 0x0000000083e00000, 0x0000000083e00000| Untracked 
|  62|0x0000000083e00000, 0x0000000083f00000, 0x0000000083f00000|100%| O|  |TAMS 0x0000000083f00000, 0x0000000083f00000| Untracked 
|  63|0x0000000083f00000, 0x0000000084000000, 0x0000000084000000|100%| O|  |TAMS 0x0000000084000000, 0x0000000084000000| Untracked 
|  64|0x0000000084000000, 0x0000000084100000, 0x0000000084100000|100%| O|  |TAMS 0x0000000084100000, 0x0000000084100000| Untracked 
|  65|0x0000000084100000, 0x0000000084200000, 0x0000000084200000|100%| O|  |TAMS 0x0000000084200000, 0x0000000084200000| Untracked 
|  66|0x0000000084200000, 0x0000000084300000, 0x0000000084300000|100%| O|  |TAMS 0x0000000084300000, 0x0000000084300000| Untracked 
|  67|0x0000000084300000, 0x0000000084400000, 0x0000000084400000|100%| O|  |TAMS 0x0000000084400000, 0x0000000084400000| Untracked 
|  68|0x0000000084400000, 0x0000000084500000, 0x0000000084500000|100%| O|  |TAMS 0x0000000084500000, 0x0000000084500000| Untracked 
|  69|0x0000000084500000, 0x0000000084600000, 0x0000000084600000|100%| O|  |TAMS 0x0000000084600000, 0x0000000084600000| Untracked 
|  70|0x0000000084600000, 0x0000000084600000, 0x0000000084700000|  0%| F|  |TAMS 0x0000000084600000, 0x0000000084600000| Untracked 
|  71|0x0000000084700000, 0x0000000084800000, 0x0000000084800000|100%| O|  |TAMS 0x0000000084800000, 0x0000000084800000| Untracked 
|  72|0x0000000084800000, 0x0000000084900000, 0x0000000084900000|100%| O|  |TAMS 0x0000000084900000, 0x0000000084900000| Untracked 
|  73|0x0000000084900000, 0x0000000084a00000, 0x0000000084a00000|100%| O|  |TAMS 0x0000000084a00000, 0x0000000084a00000| Untracked 
|  74|0x0000000084a00000, 0x0000000084b00000, 0x0000000084b00000|100%| O|  |TAMS 0x0000000084b00000, 0x0000000084b00000| Untracked 
|  75|0x0000000084b00000, 0x0000000084c00000, 0x0000000084c00000|100%| O|  |TAMS 0x0000000084b00000, 0x0000000084c00000| Untracked 
|  76|0x0000000084c00000, 0x0000000084d00000, 0x0000000084d00000|100%| O|  |TAMS 0x0000000084d00000, 0x0000000084d00000| Untracked 
|  77|0x0000000084d00000, 0x0000000084e00000, 0x0000000084e00000|100%| O|  |TAMS 0x0000000084e00000, 0x0000000084e00000| Untracked 
|  78|0x0000000084e00000, 0x0000000084f00000, 0x0000000084f00000|100%| O|  |TAMS 0x0000000084f00000, 0x0000000084f00000| Untracked 
|  79|0x0000000084f00000, 0x0000000085000000, 0x0000000085000000|100%| O|  |TAMS 0x0000000085000000, 0x0000000085000000| Untracked 
|  80|0x0000000085000000, 0x0000000085100000, 0x0000000085100000|100%| O|  |TAMS 0x0000000085100000, 0x0000000085100000| Untracked 
|  81|0x0000000085100000, 0x0000000085200000, 0x0000000085200000|100%| O|  |TAMS 0x0000000085200000, 0x0000000085200000| Untracked 
|  82|0x0000000085200000, 0x0000000085300000, 0x0000000085300000|100%| O|  |TAMS 0x0000000085300000, 0x0000000085300000| Untracked 
|  83|0x0000000085300000, 0x0000000085400000, 0x0000000085400000|100%| O|  |TAMS 0x0000000085400000, 0x0000000085400000| Untracked 
|  84|0x0000000085400000, 0x0000000085500000, 0x0000000085500000|100%| O|  |TAMS 0x0000000085500000, 0x0000000085500000| Untracked 
|  85|0x0000000085500000, 0x0000000085600000, 0x0000000085600000|100%| O|  |TAMS 0x0000000085600000, 0x0000000085600000| Untracked 
|  86|0x0000000085600000, 0x0000000085700000, 0x0000000085700000|100%| O|  |TAMS 0x0000000085700000, 0x0000000085700000| Untracked 
|  87|0x0000000085700000, 0x0000000085800000, 0x0000000085800000|100%| O|  |TAMS 0x0000000085800000, 0x0000000085800000| Untracked 
|  88|0x0000000085800000, 0x0000000085900000, 0x0000000085900000|100%| O|  |TAMS 0x0000000085900000, 0x0000000085900000| Untracked 
|  89|0x0000000085900000, 0x0000000085a00000, 0x0000000085a00000|100%| O|  |TAMS 0x0000000085a00000, 0x0000000085a00000| Untracked 
|  90|0x0000000085a00000, 0x0000000085b00000, 0x0000000085b00000|100%| O|  |TAMS 0x0000000085b00000, 0x0000000085b00000| Untracked 
|  91|0x0000000085b00000, 0x0000000085c00000, 0x0000000085c00000|100%| O|  |TAMS 0x0000000085c00000, 0x0000000085c00000| Untracked 
|  92|0x0000000085c00000, 0x0000000085c00000, 0x0000000085d00000|  0%| F|  |TAMS 0x0000000085c00000, 0x0000000085c00000| Untracked 
|  93|0x0000000085d00000, 0x0000000085d00000, 0x0000000085e00000|  0%| F|  |TAMS 0x0000000085d00000, 0x0000000085d00000| Untracked 
|  94|0x0000000085e00000, 0x0000000085f00000, 0x0000000085f00000|100%| O|  |TAMS 0x0000000085f00000, 0x0000000085f00000| Untracked 
|  95|0x0000000085f00000, 0x0000000086000000, 0x0000000086000000|100%| O|  |TAMS 0x0000000086000000, 0x0000000086000000| Untracked 
|  96|0x0000000086000000, 0x0000000086000000, 0x0000000086100000|  0%| F|  |TAMS 0x0000000086000000, 0x0000000086000000| Untracked 
|  97|0x0000000086100000, 0x0000000086100000, 0x0000000086200000|  0%| F|  |TAMS 0x0000000086100000, 0x0000000086100000| Untracked 
|  98|0x0000000086200000, 0x0000000086300000, 0x0000000086300000|100%| O|  |TAMS 0x0000000086300000, 0x0000000086300000| Untracked 
|  99|0x0000000086300000, 0x0000000086400000, 0x0000000086400000|100%| O|  |TAMS 0x0000000086400000, 0x0000000086400000| Untracked 
| 100|0x0000000086400000, 0x0000000086500000, 0x0000000086500000|100%| O|  |TAMS 0x0000000086500000, 0x0000000086500000| Untracked 
| 101|0x0000000086500000, 0x0000000086600000, 0x0000000086600000|100%| O|  |TAMS 0x0000000086600000, 0x0000000086600000| Untracked 
| 102|0x0000000086600000, 0x0000000086700000, 0x0000000086700000|100%| O|  |TAMS 0x0000000086700000, 0x0000000086700000| Untracked 
| 103|0x0000000086700000, 0x0000000086800000, 0x0000000086800000|100%| O|  |TAMS 0x0000000086800000, 0x0000000086800000| Untracked 
| 104|0x0000000086800000, 0x0000000086900000, 0x0000000086900000|100%| O|  |TAMS 0x0000000086900000, 0x0000000086900000| Untracked 
| 105|0x0000000086900000, 0x0000000086a00000, 0x0000000086a00000|100%| O|  |TAMS 0x0000000086900000, 0x0000000086a00000| Untracked 
| 106|0x0000000086a00000, 0x0000000086b00000, 0x0000000086b00000|100%| O|  |TAMS 0x0000000086a00000, 0x0000000086b00000| Untracked 
| 107|0x0000000086b00000, 0x0000000086c00000, 0x0000000086c00000|100%| O|  |TAMS 0x0000000086c00000, 0x0000000086c00000| Untracked 
| 108|0x0000000086c00000, 0x0000000086d00000, 0x0000000086d00000|100%| O|  |TAMS 0x0000000086d00000, 0x0000000086d00000| Untracked 
| 109|0x0000000086d00000, 0x0000000086e00000, 0x0000000086e00000|100%| O|  |TAMS 0x0000000086e00000, 0x0000000086e00000| Untracked 
| 110|0x0000000086e00000, 0x0000000086f00000, 0x0000000086f00000|100%| O|  |TAMS 0x0000000086f00000, 0x0000000086f00000| Untracked 
| 111|0x0000000086f00000, 0x0000000087000000, 0x0000000087000000|100%| O|  |TAMS 0x0000000087000000, 0x0000000087000000| Untracked 
| 112|0x0000000087000000, 0x0000000087100000, 0x0000000087100000|100%| O|  |TAMS 0x0000000087100000, 0x0000000087100000| Untracked 
| 113|0x0000000087100000, 0x0000000087200000, 0x0000000087200000|100%| O|  |TAMS 0x0000000087200000, 0x0000000087200000| Untracked 
| 114|0x0000000087200000, 0x0000000087300000, 0x0000000087300000|100%| O|  |TAMS 0x0000000087200000, 0x0000000087300000| Untracked 
| 115|0x0000000087300000, 0x0000000087400000, 0x0000000087400000|100%| O|  |TAMS 0x0000000087300000, 0x0000000087400000| Untracked 
| 116|0x0000000087400000, 0x0000000087500000, 0x0000000087500000|100%| O|  |TAMS 0x0000000087500000, 0x0000000087500000| Untracked 
| 117|0x0000000087500000, 0x0000000087600000, 0x0000000087600000|100%| O|  |TAMS 0x0000000087600000, 0x0000000087600000| Untracked 
| 118|0x0000000087600000, 0x0000000087700000, 0x0000000087700000|100%| O|  |TAMS 0x0000000087700000, 0x0000000087700000| Untracked 
| 119|0x0000000087700000, 0x0000000087800000, 0x0000000087800000|100%| O|  |TAMS 0x0000000087800000, 0x0000000087800000| Untracked 
| 120|0x0000000087800000, 0x0000000087900000, 0x0000000087900000|100%| O|  |TAMS 0x0000000087800000, 0x0000000087900000| Untracked 
| 121|0x0000000087900000, 0x0000000087a00000, 0x0000000087a00000|100%| O|  |TAMS 0x0000000087900000, 0x0000000087a00000| Untracked 
| 122|0x0000000087a00000, 0x0000000087b00000, 0x0000000087b00000|100%| O|  |TAMS 0x0000000087b00000, 0x0000000087b00000| Untracked 
| 123|0x0000000087b00000, 0x0000000087c00000, 0x0000000087c00000|100%| O|  |TAMS 0x0000000087b00000, 0x0000000087c00000| Untracked 
| 124|0x0000000087c00000, 0x0000000087d00000, 0x0000000087d00000|100%| O|  |TAMS 0x0000000087c00000, 0x0000000087d00000| Untracked 
| 125|0x0000000087d00000, 0x0000000087e00000, 0x0000000087e00000|100%| O|  |TAMS 0x0000000087d00000, 0x0000000087e00000| Untracked 
| 126|0x0000000087e00000, 0x0000000087f00000, 0x0000000087f00000|100%| O|  |TAMS 0x0000000087e00000, 0x0000000087f00000| Untracked 
| 127|0x0000000087f00000, 0x0000000088000000, 0x0000000088000000|100%| O|  |TAMS 0x0000000087f00000, 0x0000000088000000| Untracked 
| 128|0x0000000088000000, 0x0000000088039000, 0x0000000088100000| 22%| O|  |TAMS 0x0000000088000000, 0x0000000088039000| Untracked 
| 129|0x0000000088100000, 0x0000000088100000, 0x0000000088200000|  0%| F|  |TAMS 0x0000000088100000, 0x0000000088100000| Untracked 
| 130|0x0000000088200000, 0x0000000088200000, 0x0000000088300000|  0%| F|  |TAMS 0x0000000088200000, 0x0000000088200000| Untracked 
| 131|0x0000000088300000, 0x0000000088300000, 0x0000000088400000|  0%| F|  |TAMS 0x0000000088300000, 0x0000000088300000| Untracked 
| 132|0x0000000088400000, 0x0000000088400000, 0x0000000088500000|  0%| F|  |TAMS 0x0000000088400000, 0x0000000088400000| Untracked 
| 133|0x0000000088500000, 0x0000000088600000, 0x0000000088600000|100%| O|  |TAMS 0x0000000088600000, 0x0000000088600000| Untracked 
| 134|0x0000000088600000, 0x0000000088600000, 0x0000000088700000|  0%| F|  |TAMS 0x0000000088600000, 0x0000000088600000| Untracked 
| 135|0x0000000088700000, 0x0000000088800000, 0x0000000088800000|100%| O|  |TAMS 0x0000000088800000, 0x0000000088800000| Untracked 
| 136|0x0000000088800000, 0x0000000088800000, 0x0000000088900000|  0%| F|  |TAMS 0x0000000088800000, 0x0000000088800000| Untracked 
| 137|0x0000000088900000, 0x0000000088900000, 0x0000000088a00000|  0%| F|  |TAMS 0x0000000088900000, 0x0000000088900000| Untracked 
| 138|0x0000000088a00000, 0x0000000088a00000, 0x0000000088b00000|  0%| F|  |TAMS 0x0000000088a00000, 0x0000000088a00000| Untracked 
| 139|0x0000000088b00000, 0x0000000088b00000, 0x0000000088c00000|  0%| F|  |TAMS 0x0000000088b00000, 0x0000000088b00000| Untracked 
| 140|0x0000000088c00000, 0x0000000088d00000, 0x0000000088d00000|100%| O|  |TAMS 0x0000000088d00000, 0x0000000088d00000| Untracked 
| 141|0x0000000088d00000, 0x0000000088e00000, 0x0000000088e00000|100%| O|  |TAMS 0x0000000088e00000, 0x0000000088e00000| Untracked 
| 142|0x0000000088e00000, 0x0000000088f00000, 0x0000000088f00000|100%| O|  |TAMS 0x0000000088f00000, 0x0000000088f00000| Untracked 
| 143|0x0000000088f00000, 0x0000000089000000, 0x0000000089000000|100%| O|  |TAMS 0x0000000089000000, 0x0000000089000000| Untracked 
| 144|0x0000000089000000, 0x0000000089100000, 0x0000000089100000|100%| O|  |TAMS 0x0000000089100000, 0x0000000089100000| Untracked 
| 145|0x0000000089100000, 0x0000000089100000, 0x0000000089200000|  0%| F|  |TAMS 0x0000000089100000, 0x0000000089100000| Untracked 
| 146|0x0000000089200000, 0x0000000089300000, 0x0000000089300000|100%| O|  |TAMS 0x0000000089300000, 0x0000000089300000| Untracked 
| 147|0x0000000089300000, 0x0000000089300000, 0x0000000089400000|  0%| F|  |TAMS 0x0000000089300000, 0x0000000089300000| Untracked 
| 148|0x0000000089400000, 0x0000000089400000, 0x0000000089500000|  0%| F|  |TAMS 0x0000000089400000, 0x0000000089400000| Untracked 
| 149|0x0000000089500000, 0x0000000089500000, 0x0000000089600000|  0%| F|  |TAMS 0x0000000089500000, 0x0000000089500000| Untracked 
| 150|0x0000000089600000, 0x0000000089600000, 0x0000000089700000|  0%| F|  |TAMS 0x0000000089600000, 0x0000000089600000| Untracked 
| 151|0x0000000089700000, 0x0000000089800000, 0x0000000089800000|100%| O|  |TAMS 0x0000000089800000, 0x0000000089800000| Untracked 
| 152|0x0000000089800000, 0x0000000089800000, 0x0000000089900000|  0%| F|  |TAMS 0x0000000089800000, 0x0000000089800000| Untracked 
| 153|0x0000000089900000, 0x0000000089900000, 0x0000000089a00000|  0%| F|  |TAMS 0x0000000089900000, 0x0000000089900000| Untracked 
| 154|0x0000000089a00000, 0x0000000089a00000, 0x0000000089b00000|  0%| F|  |TAMS 0x0000000089a00000, 0x0000000089a00000| Untracked 
| 155|0x0000000089b00000, 0x0000000089c00000, 0x0000000089c00000|100%| O|  |TAMS 0x0000000089b22400, 0x0000000089c00000| Untracked 
| 156|0x0000000089c00000, 0x0000000089c00000, 0x0000000089d00000|  0%| F|  |TAMS 0x0000000089c00000, 0x0000000089c00000| Untracked 
| 157|0x0000000089d00000, 0x0000000089d00000, 0x0000000089e00000|  0%| F|  |TAMS 0x0000000089d00000, 0x0000000089d00000| Untracked 
| 158|0x0000000089e00000, 0x0000000089e00000, 0x0000000089f00000|  0%| F|  |TAMS 0x0000000089e00000, 0x0000000089e00000| Untracked 
| 159|0x0000000089f00000, 0x0000000089f00000, 0x000000008a000000|  0%| F|  |TAMS 0x0000000089f00000, 0x0000000089f00000| Untracked 
| 160|0x000000008a000000, 0x000000008a000000, 0x000000008a100000|  0%| F|  |TAMS 0x000000008a000000, 0x000000008a000000| Untracked 
| 161|0x000000008a100000, 0x000000008a100000, 0x000000008a200000|  0%| F|  |TAMS 0x000000008a100000, 0x000000008a100000| Untracked 
| 162|0x000000008a200000, 0x000000008a200000, 0x000000008a300000|  0%| F|  |TAMS 0x000000008a200000, 0x000000008a200000| Untracked 
| 163|0x000000008a300000, 0x000000008a300000, 0x000000008a400000|  0%| F|  |TAMS 0x000000008a300000, 0x000000008a300000| Untracked 
| 164|0x000000008a400000, 0x000000008a400000, 0x000000008a500000|  0%| F|  |TAMS 0x000000008a400000, 0x000000008a400000| Untracked 
| 165|0x000000008a500000, 0x000000008a500000, 0x000000008a600000|  0%| F|  |TAMS 0x000000008a500000, 0x000000008a500000| Untracked 
| 166|0x000000008a600000, 0x000000008a600000, 0x000000008a700000|  0%| F|  |TAMS 0x000000008a600000, 0x000000008a600000| Untracked 
| 167|0x000000008a700000, 0x000000008a700000, 0x000000008a800000|  0%| F|  |TAMS 0x000000008a700000, 0x000000008a700000| Untracked 
| 168|0x000000008a800000, 0x000000008a800000, 0x000000008a900000|  0%| F|  |TAMS 0x000000008a800000, 0x000000008a800000| Untracked 
| 169|0x000000008a900000, 0x000000008a900000, 0x000000008aa00000|  0%| F|  |TAMS 0x000000008a900000, 0x000000008a900000| Untracked 
| 170|0x000000008aa00000, 0x000000008aa00000, 0x000000008ab00000|  0%| F|  |TAMS 0x000000008aa00000, 0x000000008aa00000| Untracked 
| 171|0x000000008ab00000, 0x000000008ab00000, 0x000000008ac00000|  0%| F|  |TAMS 0x000000008ab00000, 0x000000008ab00000| Untracked 
| 172|0x000000008ac00000, 0x000000008ac00000, 0x000000008ad00000|  0%| F|  |TAMS 0x000000008ac00000, 0x000000008ac00000| Untracked 
| 173|0x000000008ad00000, 0x000000008ad00000, 0x000000008ae00000|  0%| F|  |TAMS 0x000000008ad00000, 0x000000008ad00000| Untracked 
| 174|0x000000008ae00000, 0x000000008ae00000, 0x000000008af00000|  0%| F|  |TAMS 0x000000008ae00000, 0x000000008ae00000| Untracked 
| 175|0x000000008af00000, 0x000000008af00000, 0x000000008b000000|  0%| F|  |TAMS 0x000000008af00000, 0x000000008af00000| Untracked 
| 176|0x000000008b000000, 0x000000008b000000, 0x000000008b100000|  0%| F|  |TAMS 0x000000008b000000, 0x000000008b000000| Untracked 
| 177|0x000000008b100000, 0x000000008b100000, 0x000000008b200000|  0%| F|  |TAMS 0x000000008b100000, 0x000000008b100000| Untracked 
| 178|0x000000008b200000, 0x000000008b200000, 0x000000008b300000|  0%| F|  |TAMS 0x000000008b200000, 0x000000008b200000| Untracked 
| 179|0x000000008b300000, 0x000000008b300000, 0x000000008b400000|  0%| F|  |TAMS 0x000000008b300000, 0x000000008b300000| Untracked 
| 180|0x000000008b400000, 0x000000008b400000, 0x000000008b500000|  0%| F|  |TAMS 0x000000008b400000, 0x000000008b400000| Untracked 
| 181|0x000000008b500000, 0x000000008b500000, 0x000000008b600000|  0%| F|  |TAMS 0x000000008b500000, 0x000000008b500000| Untracked 
| 182|0x000000008b600000, 0x000000008b600000, 0x000000008b700000|  0%| F|  |TAMS 0x000000008b600000, 0x000000008b600000| Untracked 
| 183|0x000000008b700000, 0x000000008b700000, 0x000000008b800000|  0%| F|  |TAMS 0x000000008b700000, 0x000000008b700000| Untracked 
| 184|0x000000008b800000, 0x000000008b800000, 0x000000008b900000|  0%| F|  |TAMS 0x000000008b800000, 0x000000008b800000| Untracked 
| 185|0x000000008b900000, 0x000000008b900000, 0x000000008ba00000|  0%| F|  |TAMS 0x000000008b900000, 0x000000008b900000| Untracked 
| 186|0x000000008ba00000, 0x000000008ba00000, 0x000000008bb00000|  0%| F|  |TAMS 0x000000008ba00000, 0x000000008ba00000| Untracked 
| 187|0x000000008bb00000, 0x000000008bb00000, 0x000000008bc00000|  0%| F|  |TAMS 0x000000008bb00000, 0x000000008bb00000| Untracked 
| 188|0x000000008bc00000, 0x000000008bc00000, 0x000000008bd00000|  0%| F|  |TAMS 0x000000008bc00000, 0x000000008bc00000| Untracked 
| 189|0x000000008bd00000, 0x000000008bd00000, 0x000000008be00000|  0%| F|  |TAMS 0x000000008bd00000, 0x000000008bd00000| Untracked 
| 190|0x000000008be00000, 0x000000008be00000, 0x000000008bf00000|  0%| F|  |TAMS 0x000000008be00000, 0x000000008be00000| Untracked 
| 191|0x000000008bf00000, 0x000000008bf00000, 0x000000008c000000|  0%| F|  |TAMS 0x000000008bf00000, 0x000000008bf00000| Untracked 
| 192|0x000000008c000000, 0x000000008c000000, 0x000000008c100000|  0%| F|  |TAMS 0x000000008c000000, 0x000000008c000000| Untracked 
| 193|0x000000008c100000, 0x000000008c100000, 0x000000008c200000|  0%| F|  |TAMS 0x000000008c100000, 0x000000008c100000| Untracked 
| 194|0x000000008c200000, 0x000000008c200000, 0x000000008c300000|  0%| F|  |TAMS 0x000000008c200000, 0x000000008c200000| Untracked 
| 195|0x000000008c300000, 0x000000008c300000, 0x000000008c400000|  0%| F|  |TAMS 0x000000008c300000, 0x000000008c300000| Untracked 
| 196|0x000000008c400000, 0x000000008c400000, 0x000000008c500000|  0%| F|  |TAMS 0x000000008c400000, 0x000000008c400000| Untracked 
| 197|0x000000008c500000, 0x000000008c500000, 0x000000008c600000|  0%| F|  |TAMS 0x000000008c500000, 0x000000008c500000| Untracked 
| 198|0x000000008c600000, 0x000000008c600000, 0x000000008c700000|  0%| F|  |TAMS 0x000000008c600000, 0x000000008c600000| Untracked 
| 199|0x000000008c700000, 0x000000008c700000, 0x000000008c800000|  0%| F|  |TAMS 0x000000008c700000, 0x000000008c700000| Untracked 
| 200|0x000000008c800000, 0x000000008c800000, 0x000000008c900000|  0%| F|  |TAMS 0x000000008c800000, 0x000000008c800000| Untracked 
| 201|0x000000008c900000, 0x000000008c900000, 0x000000008ca00000|  0%| F|  |TAMS 0x000000008c900000, 0x000000008c900000| Untracked 
| 202|0x000000008ca00000, 0x000000008ca00000, 0x000000008cb00000|  0%| F|  |TAMS 0x000000008ca00000, 0x000000008ca00000| Untracked 
| 203|0x000000008cb00000, 0x000000008cb00000, 0x000000008cc00000|  0%| F|  |TAMS 0x000000008cb00000, 0x000000008cb00000| Untracked 
| 204|0x000000008cc00000, 0x000000008cc00000, 0x000000008cd00000|  0%| F|  |TAMS 0x000000008cc00000, 0x000000008cc00000| Untracked 
| 205|0x000000008cd00000, 0x000000008cd00000, 0x000000008ce00000|  0%| F|  |TAMS 0x000000008cd00000, 0x000000008cd00000| Untracked 
| 206|0x000000008ce00000, 0x000000008ce00000, 0x000000008cf00000|  0%| F|  |TAMS 0x000000008ce00000, 0x000000008ce00000| Untracked 
| 207|0x000000008cf00000, 0x000000008cf00000, 0x000000008d000000|  0%| F|  |TAMS 0x000000008cf00000, 0x000000008cf00000| Untracked 
| 208|0x000000008d000000, 0x000000008d000000, 0x000000008d100000|  0%| F|  |TAMS 0x000000008d000000, 0x000000008d000000| Untracked 
| 209|0x000000008d100000, 0x000000008d100000, 0x000000008d200000|  0%| F|  |TAMS 0x000000008d100000, 0x000000008d100000| Untracked 
| 210|0x000000008d200000, 0x000000008d200000, 0x000000008d300000|  0%| F|  |TAMS 0x000000008d200000, 0x000000008d200000| Untracked 
| 211|0x000000008d300000, 0x000000008d300000, 0x000000008d400000|  0%| F|  |TAMS 0x000000008d300000, 0x000000008d300000| Untracked 
| 212|0x000000008d400000, 0x000000008d400000, 0x000000008d500000|  0%| F|  |TAMS 0x000000008d400000, 0x000000008d400000| Untracked 
| 213|0x000000008d500000, 0x000000008d500000, 0x000000008d600000|  0%| F|  |TAMS 0x000000008d500000, 0x000000008d500000| Untracked 
| 214|0x000000008d600000, 0x000000008d600000, 0x000000008d700000|  0%| F|  |TAMS 0x000000008d600000, 0x000000008d600000| Untracked 
| 215|0x000000008d700000, 0x000000008d700000, 0x000000008d800000|  0%| F|  |TAMS 0x000000008d700000, 0x000000008d700000| Untracked 
| 216|0x000000008d800000, 0x000000008d800000, 0x000000008d900000|  0%| F|  |TAMS 0x000000008d800000, 0x000000008d800000| Untracked 
| 217|0x000000008d900000, 0x000000008d900000, 0x000000008da00000|  0%| F|  |TAMS 0x000000008d900000, 0x000000008d900000| Untracked 
| 218|0x000000008da00000, 0x000000008da00000, 0x000000008db00000|  0%| F|  |TAMS 0x000000008da00000, 0x000000008da00000| Untracked 
| 219|0x000000008db00000, 0x000000008db00000, 0x000000008dc00000|  0%| F|  |TAMS 0x000000008db00000, 0x000000008db00000| Untracked 
| 220|0x000000008dc00000, 0x000000008dc93bf8, 0x000000008dd00000| 57%| S|CS|TAMS 0x000000008dc00000, 0x000000008dc00000| Complete 
| 221|0x000000008dd00000, 0x000000008de00000, 0x000000008de00000|100%| S|CS|TAMS 0x000000008dd00000, 0x000000008dd00000| Complete 
| 222|0x000000008de00000, 0x000000008df00000, 0x000000008df00000|100%| S|CS|TAMS 0x000000008de00000, 0x000000008de00000| Complete 
| 223|0x000000008df00000, 0x000000008e000000, 0x000000008e000000|100%| S|CS|TAMS 0x000000008df00000, 0x000000008df00000| Complete 
| 224|0x000000008e000000, 0x000000008e100000, 0x000000008e100000|100%| S|CS|TAMS 0x000000008e000000, 0x000000008e000000| Complete 
| 225|0x000000008e100000, 0x000000008e200000, 0x000000008e200000|100%| S|CS|TAMS 0x000000008e100000, 0x000000008e100000| Complete 
| 226|0x000000008e200000, 0x000000008e300000, 0x000000008e300000|100%| S|CS|TAMS 0x000000008e200000, 0x000000008e200000| Complete 
| 227|0x000000008e300000, 0x000000008e400000, 0x000000008e400000|100%| S|CS|TAMS 0x000000008e300000, 0x000000008e300000| Complete 
| 228|0x000000008e400000, 0x000000008e500000, 0x000000008e500000|100%| S|CS|TAMS 0x000000008e400000, 0x000000008e400000| Complete 
| 229|0x000000008e500000, 0x000000008e600000, 0x000000008e600000|100%| S|CS|TAMS 0x000000008e500000, 0x000000008e500000| Complete 
| 230|0x000000008e600000, 0x000000008e700000, 0x000000008e700000|100%| S|CS|TAMS 0x000000008e600000, 0x000000008e600000| Complete 
| 231|0x000000008e700000, 0x000000008e700000, 0x000000008e800000|  0%| F|  |TAMS 0x000000008e700000, 0x000000008e700000| Untracked 
| 232|0x000000008e800000, 0x000000008e800000, 0x000000008e900000|  0%| F|  |TAMS 0x000000008e800000, 0x000000008e800000| Untracked 
| 233|0x000000008e900000, 0x000000008e900000, 0x000000008ea00000|  0%| F|  |TAMS 0x000000008e900000, 0x000000008e900000| Untracked 
| 234|0x000000008ea00000, 0x000000008ea00000, 0x000000008eb00000|  0%| F|  |TAMS 0x000000008ea00000, 0x000000008ea00000| Untracked 
| 235|0x000000008eb00000, 0x000000008eb00000, 0x000000008ec00000|  0%| F|  |TAMS 0x000000008eb00000, 0x000000008eb00000| Untracked 
| 236|0x000000008ec00000, 0x000000008ec00000, 0x000000008ed00000|  0%| F|  |TAMS 0x000000008ec00000, 0x000000008ec00000| Untracked 
| 237|0x000000008ed00000, 0x000000008ed00000, 0x000000008ee00000|  0%| F|  |TAMS 0x000000008ed00000, 0x000000008ed00000| Untracked 
| 238|0x000000008ee00000, 0x000000008ee00000, 0x000000008ef00000|  0%| F|  |TAMS 0x000000008ee00000, 0x000000008ee00000| Untracked 
| 239|0x000000008ef00000, 0x000000008ef00000, 0x000000008f000000|  0%| F|  |TAMS 0x000000008ef00000, 0x000000008ef00000| Untracked 
| 240|0x000000008f000000, 0x000000008f000000, 0x000000008f100000|  0%| F|  |TAMS 0x000000008f000000, 0x000000008f000000| Untracked 
| 241|0x000000008f100000, 0x000000008f100000, 0x000000008f200000|  0%| F|  |TAMS 0x000000008f100000, 0x000000008f100000| Untracked 
| 242|0x000000008f200000, 0x000000008f200000, 0x000000008f300000|  0%| F|  |TAMS 0x000000008f200000, 0x000000008f200000| Untracked 
| 243|0x000000008f300000, 0x000000008f300000, 0x000000008f400000|  0%| F|  |TAMS 0x000000008f300000, 0x000000008f300000| Untracked 
| 244|0x000000008f400000, 0x000000008f400000, 0x000000008f500000|  0%| F|  |TAMS 0x000000008f400000, 0x000000008f400000| Untracked 
| 245|0x000000008f500000, 0x000000008f500000, 0x000000008f600000|  0%| F|  |TAMS 0x000000008f500000, 0x000000008f500000| Untracked 
| 246|0x000000008f600000, 0x000000008f600000, 0x000000008f700000|  0%| F|  |TAMS 0x000000008f600000, 0x000000008f600000| Untracked 
| 247|0x000000008f700000, 0x000000008f700000, 0x000000008f800000|  0%| F|  |TAMS 0x000000008f700000, 0x000000008f700000| Untracked 
| 248|0x000000008f800000, 0x000000008f800000, 0x000000008f900000|  0%| F|  |TAMS 0x000000008f800000, 0x000000008f800000| Untracked 
| 249|0x000000008f900000, 0x000000008f900000, 0x000000008fa00000|  0%| F|  |TAMS 0x000000008f900000, 0x000000008f900000| Untracked 
| 250|0x000000008fa00000, 0x000000008fa00000, 0x000000008fb00000|  0%| F|  |TAMS 0x000000008fa00000, 0x000000008fa00000| Untracked 
| 251|0x000000008fb00000, 0x000000008fb00000, 0x000000008fc00000|  0%| F|  |TAMS 0x000000008fb00000, 0x000000008fb00000| Untracked 
| 252|0x000000008fc00000, 0x000000008fc00000, 0x000000008fd00000|  0%| F|  |TAMS 0x000000008fc00000, 0x000000008fc00000| Untracked 
| 253|0x000000008fd00000, 0x000000008fd00000, 0x000000008fe00000|  0%| F|  |TAMS 0x000000008fd00000, 0x000000008fd00000| Untracked 
| 254|0x000000008fe00000, 0x000000008fe00000, 0x000000008ff00000|  0%| F|  |TAMS 0x000000008fe00000, 0x000000008fe00000| Untracked 
| 255|0x000000008ff00000, 0x000000008ff00000, 0x0000000090000000|  0%| F|  |TAMS 0x000000008ff00000, 0x000000008ff00000| Untracked 
| 256|0x0000000090000000, 0x0000000090000000, 0x0000000090100000|  0%| F|  |TAMS 0x0000000090000000, 0x0000000090000000| Untracked 
| 257|0x0000000090100000, 0x0000000090100000, 0x0000000090200000|  0%| F|  |TAMS 0x0000000090100000, 0x0000000090100000| Untracked 
| 258|0x0000000090200000, 0x0000000090200000, 0x0000000090300000|  0%| F|  |TAMS 0x0000000090200000, 0x0000000090200000| Untracked 
| 259|0x0000000090300000, 0x0000000090300000, 0x0000000090400000|  0%| F|  |TAMS 0x0000000090300000, 0x0000000090300000| Untracked 
| 260|0x0000000090400000, 0x0000000090400000, 0x0000000090500000|  0%| F|  |TAMS 0x0000000090400000, 0x0000000090400000| Untracked 
| 261|0x0000000090500000, 0x0000000090500000, 0x0000000090600000|  0%| F|  |TAMS 0x0000000090500000, 0x0000000090500000| Untracked 
| 262|0x0000000090600000, 0x0000000090600000, 0x0000000090700000|  0%| F|  |TAMS 0x0000000090600000, 0x0000000090600000| Untracked 
| 263|0x0000000090700000, 0x0000000090700000, 0x0000000090800000|  0%| F|  |TAMS 0x0000000090700000, 0x0000000090700000| Untracked 
| 264|0x0000000090800000, 0x0000000090800000, 0x0000000090900000|  0%| F|  |TAMS 0x0000000090800000, 0x0000000090800000| Untracked 
| 265|0x0000000090900000, 0x0000000090900000, 0x0000000090a00000|  0%| F|  |TAMS 0x0000000090900000, 0x0000000090900000| Untracked 
| 266|0x0000000090a00000, 0x0000000090a00000, 0x0000000090b00000|  0%| F|  |TAMS 0x0000000090a00000, 0x0000000090a00000| Untracked 
| 267|0x0000000090b00000, 0x0000000090b00000, 0x0000000090c00000|  0%| F|  |TAMS 0x0000000090b00000, 0x0000000090b00000| Untracked 
| 268|0x0000000090c00000, 0x0000000090c00000, 0x0000000090d00000|  0%| F|  |TAMS 0x0000000090c00000, 0x0000000090c00000| Untracked 
| 269|0x0000000090d00000, 0x0000000090d00000, 0x0000000090e00000|  0%| F|  |TAMS 0x0000000090d00000, 0x0000000090d00000| Untracked 
| 270|0x0000000090e00000, 0x0000000090e00000, 0x0000000090f00000|  0%| F|  |TAMS 0x0000000090e00000, 0x0000000090e00000| Untracked 
| 271|0x0000000090f00000, 0x0000000090f00000, 0x0000000091000000|  0%| F|  |TAMS 0x0000000090f00000, 0x0000000090f00000| Untracked 
| 272|0x0000000091000000, 0x0000000091000000, 0x0000000091100000|  0%| F|  |TAMS 0x0000000091000000, 0x0000000091000000| Untracked 
| 273|0x0000000091100000, 0x0000000091100000, 0x0000000091200000|  0%| F|  |TAMS 0x0000000091100000, 0x0000000091100000| Untracked 
| 274|0x0000000091200000, 0x0000000091200000, 0x0000000091300000|  0%| F|  |TAMS 0x0000000091200000, 0x0000000091200000| Untracked 
| 275|0x0000000091300000, 0x0000000091300000, 0x0000000091400000|  0%| F|  |TAMS 0x0000000091300000, 0x0000000091300000| Untracked 
| 276|0x0000000091400000, 0x0000000091400000, 0x0000000091500000|  0%| F|  |TAMS 0x0000000091400000, 0x0000000091400000| Untracked 
| 277|0x0000000091500000, 0x0000000091500000, 0x0000000091600000|  0%| F|  |TAMS 0x0000000091500000, 0x0000000091500000| Untracked 
| 278|0x0000000091600000, 0x0000000091600000, 0x0000000091700000|  0%| F|  |TAMS 0x0000000091600000, 0x0000000091600000| Untracked 
| 279|0x0000000091700000, 0x0000000091700000, 0x0000000091800000|  0%| F|  |TAMS 0x0000000091700000, 0x0000000091700000| Untracked 
| 280|0x0000000091800000, 0x0000000091800000, 0x0000000091900000|  0%| F|  |TAMS 0x0000000091800000, 0x0000000091800000| Untracked 
| 281|0x0000000091900000, 0x0000000091900000, 0x0000000091a00000|  0%| F|  |TAMS 0x0000000091900000, 0x0000000091900000| Untracked 
| 282|0x0000000091a00000, 0x0000000091a00000, 0x0000000091b00000|  0%| F|  |TAMS 0x0000000091a00000, 0x0000000091a00000| Untracked 
| 283|0x0000000091b00000, 0x0000000091b00000, 0x0000000091c00000|  0%| F|  |TAMS 0x0000000091b00000, 0x0000000091b00000| Untracked 
| 284|0x0000000091c00000, 0x0000000091c00000, 0x0000000091d00000|  0%| F|  |TAMS 0x0000000091c00000, 0x0000000091c00000| Untracked 
| 285|0x0000000091d00000, 0x0000000091d00000, 0x0000000091e00000|  0%| F|  |TAMS 0x0000000091d00000, 0x0000000091d00000| Untracked 
| 286|0x0000000091e00000, 0x0000000091e00000, 0x0000000091f00000|  0%| F|  |TAMS 0x0000000091e00000, 0x0000000091e00000| Untracked 
| 287|0x0000000091f00000, 0x0000000091f00000, 0x0000000092000000|  0%| F|  |TAMS 0x0000000091f00000, 0x0000000091f00000| Untracked 
| 288|0x0000000092000000, 0x0000000092000000, 0x0000000092100000|  0%| F|  |TAMS 0x0000000092000000, 0x0000000092000000| Untracked 
| 289|0x0000000092100000, 0x0000000092100000, 0x0000000092200000|  0%| F|  |TAMS 0x0000000092100000, 0x0000000092100000| Untracked 
| 290|0x0000000092200000, 0x0000000092200000, 0x0000000092300000|  0%| F|  |TAMS 0x0000000092200000, 0x0000000092200000| Untracked 
| 291|0x0000000092300000, 0x0000000092300000, 0x0000000092400000|  0%| F|  |TAMS 0x0000000092300000, 0x0000000092300000| Untracked 
| 292|0x0000000092400000, 0x0000000092400000, 0x0000000092500000|  0%| F|  |TAMS 0x0000000092400000, 0x0000000092400000| Untracked 
| 293|0x0000000092500000, 0x0000000092500000, 0x0000000092600000|  0%| F|  |TAMS 0x0000000092500000, 0x0000000092500000| Untracked 
| 294|0x0000000092600000, 0x0000000092600000, 0x0000000092700000|  0%| F|  |TAMS 0x0000000092600000, 0x0000000092600000| Untracked 
| 295|0x0000000092700000, 0x0000000092700000, 0x0000000092800000|  0%| F|  |TAMS 0x0000000092700000, 0x0000000092700000| Untracked 
| 296|0x0000000092800000, 0x0000000092800000, 0x0000000092900000|  0%| F|  |TAMS 0x0000000092800000, 0x0000000092800000| Untracked 
| 297|0x0000000092900000, 0x0000000092900000, 0x0000000092a00000|  0%| F|  |TAMS 0x0000000092900000, 0x0000000092900000| Untracked 
| 298|0x0000000092a00000, 0x0000000092a00000, 0x0000000092b00000|  0%| F|  |TAMS 0x0000000092a00000, 0x0000000092a00000| Untracked 
| 299|0x0000000092b00000, 0x0000000092b00000, 0x0000000092c00000|  0%| F|  |TAMS 0x0000000092b00000, 0x0000000092b00000| Untracked 
| 300|0x0000000092c00000, 0x0000000092c00000, 0x0000000092d00000|  0%| F|  |TAMS 0x0000000092c00000, 0x0000000092c00000| Untracked 
| 301|0x0000000092d00000, 0x0000000092d00000, 0x0000000092e00000|  0%| F|  |TAMS 0x0000000092d00000, 0x0000000092d00000| Untracked 
| 302|0x0000000092e00000, 0x0000000092e00000, 0x0000000092f00000|  0%| F|  |TAMS 0x0000000092e00000, 0x0000000092e00000| Untracked 
| 303|0x0000000092f00000, 0x0000000092f00000, 0x0000000093000000|  0%| F|  |TAMS 0x0000000092f00000, 0x0000000092f00000| Untracked 
| 304|0x0000000093000000, 0x0000000093000000, 0x0000000093100000|  0%| F|  |TAMS 0x0000000093000000, 0x0000000093000000| Untracked 
| 305|0x0000000093100000, 0x0000000093100000, 0x0000000093200000|  0%| F|  |TAMS 0x0000000093100000, 0x0000000093100000| Untracked 
| 306|0x0000000093200000, 0x0000000093200000, 0x0000000093300000|  0%| F|  |TAMS 0x0000000093200000, 0x0000000093200000| Untracked 
| 307|0x0000000093300000, 0x0000000093300000, 0x0000000093400000|  0%| F|  |TAMS 0x0000000093300000, 0x0000000093300000| Untracked 
| 308|0x0000000093400000, 0x0000000093400000, 0x0000000093500000|  0%| F|  |TAMS 0x0000000093400000, 0x0000000093400000| Untracked 
| 309|0x0000000093500000, 0x0000000093500000, 0x0000000093600000|  0%| F|  |TAMS 0x0000000093500000, 0x0000000093500000| Untracked 
| 310|0x0000000093600000, 0x0000000093600000, 0x0000000093700000|  0%| F|  |TAMS 0x0000000093600000, 0x0000000093600000| Untracked 
| 311|0x0000000093700000, 0x0000000093700000, 0x0000000093800000|  0%| F|  |TAMS 0x0000000093700000, 0x0000000093700000| Untracked 
| 312|0x0000000093800000, 0x0000000093800000, 0x0000000093900000|  0%| F|  |TAMS 0x0000000093800000, 0x0000000093800000| Untracked 
| 313|0x0000000093900000, 0x0000000093900000, 0x0000000093a00000|  0%| F|  |TAMS 0x0000000093900000, 0x0000000093900000| Untracked 
| 314|0x0000000093a00000, 0x0000000093a00000, 0x0000000093b00000|  0%| F|  |TAMS 0x0000000093a00000, 0x0000000093a00000| Untracked 
| 315|0x0000000093b00000, 0x0000000093b00000, 0x0000000093c00000|  0%| F|  |TAMS 0x0000000093b00000, 0x0000000093b00000| Untracked 
| 316|0x0000000093c00000, 0x0000000093c00000, 0x0000000093d00000|  0%| F|  |TAMS 0x0000000093c00000, 0x0000000093c00000| Untracked 
| 317|0x0000000093d00000, 0x0000000093d00000, 0x0000000093e00000|  0%| F|  |TAMS 0x0000000093d00000, 0x0000000093d00000| Untracked 
| 318|0x0000000093e00000, 0x0000000093e00000, 0x0000000093f00000|  0%| F|  |TAMS 0x0000000093e00000, 0x0000000093e00000| Untracked 
| 319|0x0000000093f00000, 0x0000000093f00000, 0x0000000094000000|  0%| F|  |TAMS 0x0000000093f00000, 0x0000000093f00000| Untracked 
| 320|0x0000000094000000, 0x0000000094000000, 0x0000000094100000|  0%| F|  |TAMS 0x0000000094000000, 0x0000000094000000| Untracked 
| 321|0x0000000094100000, 0x0000000094100000, 0x0000000094200000|  0%| F|  |TAMS 0x0000000094100000, 0x0000000094100000| Untracked 
| 322|0x0000000094200000, 0x0000000094200000, 0x0000000094300000|  0%| F|  |TAMS 0x0000000094200000, 0x0000000094200000| Untracked 
| 323|0x0000000094300000, 0x0000000094300000, 0x0000000094400000|  0%| F|  |TAMS 0x0000000094300000, 0x0000000094300000| Untracked 
| 324|0x0000000094400000, 0x0000000094400000, 0x0000000094500000|  0%| F|  |TAMS 0x0000000094400000, 0x0000000094400000| Untracked 
| 325|0x0000000094500000, 0x0000000094500000, 0x0000000094600000|  0%| F|  |TAMS 0x0000000094500000, 0x0000000094500000| Untracked 
| 326|0x0000000094600000, 0x0000000094600000, 0x0000000094700000|  0%| F|  |TAMS 0x0000000094600000, 0x0000000094600000| Untracked 
| 327|0x0000000094700000, 0x0000000094700000, 0x0000000094800000|  0%| F|  |TAMS 0x0000000094700000, 0x0000000094700000| Untracked 
| 328|0x0000000094800000, 0x0000000094800000, 0x0000000094900000|  0%| F|  |TAMS 0x0000000094800000, 0x0000000094800000| Untracked 

Card table byte_map: [0x000001ec216c0000,0x000001ec21ac0000] _byte_map_base: 0x000001ec212c0000

Marking Bits (Prev, Next): (CMBitMap*) 0x000001ec0c9e1c20, (CMBitMap*) 0x000001ec0c9e1be0
 Prev Bits: [0x000001ec23ec0000, 0x000001ec25ec0000)
 Next Bits: [0x000001ec21ec0000, 0x000001ec23ec0000)

Polling page: 0x000001ec0ca50000

Metaspace:

Usage:
  Non-class:    109.05 MB used.
      Class:     17.19 MB used.
       Both:    126.24 MB used.

Virtual space:
  Non-class space:      112.00 MB reserved,     109.81 MB ( 98%) committed,  14 nodes.
      Class space:        1.00 GB reserved,      17.88 MB (  2%) committed,  1 nodes.
             Both:        1.11 GB reserved,     127.69 MB ( 11%) committed. 

Chunk freelists:
   Non-Class:  1.86 MB
       Class:  2.18 MB
        Both:  4.04 MB

MaxMetaspaceSize: unlimited
CompressedClassSpaceSize: 1.00 GB
Initial GC threshold: 21.00 MB
Current GC threshold: 212.19 MB
CDS: off
MetaspaceReclaimPolicy: balanced
 - commit_granule_bytes: 65536.
 - commit_granule_words: 8192.
 - virtual_space_node_default_size: 1048576.
 - enlarge_chunks_in_place: 1.
 - new_chunks_are_fully_committed: 0.
 - uncommit_free_chunks: 1.
 - use_allocation_guard: 0.
 - handle_deallocations: 1.


Internal statistics:

num_allocs_failed_limit: 6.
num_arena_births: 2604.
num_arena_deaths: 34.
num_vsnodes_births: 15.
num_vsnodes_deaths: 0.
num_space_committed: 2042.
num_space_uncommitted: 0.
num_chunks_returned_to_freelist: 52.
num_chunks_taken_from_freelist: 7866.
num_chunk_merges: 26.
num_chunk_splits: 4876.
num_chunks_enlarged: 2831.
num_purges: 4.
num_inconsistent_stats: 0.

CodeHeap 'non-profiled nmethods': size=120000Kb used=14496Kb max_used=14496Kb free=105503Kb
 bounds [0x000001ec19110000, 0x000001ec19f40000, 0x000001ec20640000]
CodeHeap 'profiled nmethods': size=120000Kb used=33635Kb max_used=33635Kb free=86364Kb
 bounds [0x000001ec11640000, 0x000001ec13720000, 0x000001ec18b70000]
CodeHeap 'non-nmethods': size=5760Kb used=2479Kb max_used=2528Kb free=3280Kb
 bounds [0x000001ec18b70000, 0x000001ec18df0000, 0x000001ec19110000]
 total_blobs=18617 nmethods=17596 adapters=932
 compilation: enabled
              stopped_count=0, restarted_count=0
 full_count=0

Compilation events (20 events):
Event: 1679.889 Thread 0x000001ec298ae420 21537       3       org.gradle.tooling.internal.provider.runner.OperationDependenciesResolver$$Lambda$1029/0x0000000100cc24d8::get (8 bytes)
Event: 1679.889 Thread 0x000001ec298ae420 nmethod 21537 0x000001ec1370b190 code [0x000001ec1370b360, 0x000001ec1370b568]
Event: 1679.889 Thread 0x000001ec298ae420 21538       3       org.gradle.internal.build.event.types.DefaultTaskDescriptor::<init> (44 bytes)
Event: 1679.890 Thread 0x000001ec298ae420 nmethod 21538 0x000001ec1370b690 code [0x000001ec1370b840, 0x000001ec1370bc38]
Event: 1679.890 Thread 0x000001ec298ae420 21531       3       java.util.TreeSet::spliterator (8 bytes)
Event: 1679.891 Thread 0x000001ec298ae420 nmethod 21531 0x000001ec1370bd10 code [0x000001ec1370bea0, 0x000001ec1370bfe8]
Event: 1679.891 Thread 0x000001ec298ae420 21539   !   3       org.gradle.execution.plan.DefaultFinalizedExecutionPlan::finishedExecuting (174 bytes)
Event: 1679.898 Thread 0x000001ec298ae420 nmethod 21539 0x000001ec1370c090 code [0x000001ec1370c5e0, 0x000001ec1370f588]
Event: 1679.898 Thread 0x000001ec298ae420 21524       3       org.gradle.execution.plan.ResolveMutationsNode$ResolveTaskMutationsDetails::<init> (10 bytes)
Event: 1679.898 Thread 0x000001ec298ae420 nmethod 21524 0x000001ec13710810 code [0x000001ec137109a0, 0x000001ec13710b58]
Event: 1679.899 Thread 0x000001ec298ae420 21525   !   3       org.gradle.execution.plan.ResolveMutationsNode$1::run (43 bytes)
Event: 1679.900 Thread 0x000001ec298ae420 nmethod 21525 0x000001ec13710c10 code [0x000001ec13710e00, 0x000001ec137112e8]
Event: 1679.900 Thread 0x000001ec298ae420 21527       3       org.gradle.execution.plan.ResolveMutationsNode::doResolveMutations (69 bytes)
Event: 1679.901 Thread 0x000001ec298ae420 nmethod 21527 0x000001ec13711590 code [0x000001ec13711780, 0x000001ec13711bf8]
Event: 1679.901 Thread 0x000001ec298ae420 21526       3       org.gradle.execution.plan.ResolveMutationsNode::access$000 (5 bytes)
Event: 1679.901 Thread 0x000001ec298ae420 nmethod 21526 0x000001ec13711e10 code [0x000001ec13711fa0, 0x000001ec137120c8]
Event: 1679.901 Thread 0x000001ec298ae420 21528   !   3       org.gradle.execution.plan.LocalTaskNode::resolveMutations (281 bytes)
Event: 1679.912 Thread 0x000001ec298ae420 nmethod 21528 0x000001ec13712190 code [0x000001ec13712960, 0x000001ec137172d8]
Event: 1679.912 Thread 0x000001ec298ae420 21541       1       com.google.common.collect.ImmutableMapEntry::getNextInValueBucket (2 bytes)
Event: 1679.913 Thread 0x000001ec298ae420 nmethod 21541 0x000001ec19f38090 code [0x000001ec19f38220, 0x000001ec19f382f8]

GC Heap History (20 events):
Event: 1291.188 GC heap after
{Heap after GC invocations=58 (full 0):
 garbage-first heap   total 336896K, used 134766K [0x0000000080000000, 0x0000000100000000)
  region size 1024K, 2 young (2048K), 2 survivors (2048K)
 Metaspace       used 113520K, committed 114560K, reserved 1155072K
  class space    used 15263K, committed 15744K, reserved 1048576K
}
Event: 1293.599 GC heap before
{Heap before GC invocations=58 (full 0):
 garbage-first heap   total 336896K, used 173678K [0x0000000080000000, 0x0000000100000000)
  region size 1024K, 41 young (41984K), 2 survivors (2048K)
 Metaspace       used 122195K, committed 123264K, reserved 1163264K
  class space    used 16724K, committed 17216K, reserved 1048576K
}
Event: 1293.608 GC heap after
{Heap after GC invocations=59 (full 0):
 garbage-first heap   total 336896K, used 135709K [0x0000000080000000, 0x0000000100000000)
  region size 1024K, 3 young (3072K), 3 survivors (3072K)
 Metaspace       used 122195K, committed 123264K, reserved 1163264K
  class space    used 16724K, committed 17216K, reserved 1048576K
}
Event: 1375.312 GC heap before
{Heap before GC invocations=60 (full 0):
 garbage-first heap   total 336896K, used 279069K [0x0000000080000000, 0x0000000100000000)
  region size 1024K, 122 young (124928K), 3 survivors (3072K)
 Metaspace       used 125184K, committed 126336K, reserved 1163264K
  class space    used 17119K, committed 17664K, reserved 1048576K
}
Event: 1375.351 GC heap after
{Heap after GC invocations=61 (full 0):
 garbage-first heap   total 336896K, used 162789K [0x0000000080000000, 0x0000000100000000)
  region size 1024K, 16 young (16384K), 16 survivors (16384K)
 Metaspace       used 125184K, committed 126336K, reserved 1163264K
  class space    used 17119K, committed 17664K, reserved 1048576K
}
Event: 1375.373 GC heap before
{Heap before GC invocations=61 (full 0):
 garbage-first heap   total 336896K, used 163813K [0x0000000080000000, 0x0000000100000000)
  region size 1024K, 17 young (17408K), 16 survivors (16384K)
 Metaspace       used 125185K, committed 126336K, reserved 1163264K
  class space    used 17119K, committed 17664K, reserved 1048576K
}
Event: 1375.405 GC heap after
{Heap after GC invocations=62 (full 0):
 garbage-first heap   total 336896K, used 154410K [0x0000000080000000, 0x0000000100000000)
  region size 1024K, 2 young (2048K), 2 survivors (2048K)
 Metaspace       used 125185K, committed 126336K, reserved 1163264K
  class space    used 17119K, committed 17664K, reserved 1048576K
}
Event: 1375.848 GC heap before
{Heap before GC invocations=62 (full 0):
 garbage-first heap   total 336896K, used 168746K [0x0000000080000000, 0x0000000100000000)
  region size 1024K, 17 young (17408K), 2 survivors (2048K)
 Metaspace       used 125376K, committed 126464K, reserved 1163264K
  class space    used 17130K, committed 17664K, reserved 1048576K
}
Event: 1375.857 GC heap after
{Heap after GC invocations=63 (full 0):
 garbage-first heap   total 336896K, used 163791K [0x0000000080000000, 0x0000000100000000)
  region size 1024K, 12 young (12288K), 12 survivors (12288K)
 Metaspace       used 125376K, committed 126464K, reserved 1163264K
  class space    used 17130K, committed 17664K, reserved 1048576K
}
Event: 1380.310 GC heap before
{Heap before GC invocations=64 (full 0):
 garbage-first heap   total 336896K, used 251855K [0x0000000080000000, 0x0000000100000000)
  region size 1024K, 71 young (72704K), 12 survivors (12288K)
 Metaspace       used 128594K, committed 129856K, reserved 1163264K
  class space    used 17516K, committed 18112K, reserved 1048576K
}
Event: 1380.321 GC heap after
{Heap after GC invocations=65 (full 0):
 garbage-first heap   total 336896K, used 164168K [0x0000000080000000, 0x0000000100000000)
  region size 1024K, 8 young (8192K), 8 survivors (8192K)
 Metaspace       used 128594K, committed 129856K, reserved 1163264K
  class space    used 17516K, committed 18112K, reserved 1048576K
}
Event: 1380.441 GC heap before
{Heap before GC invocations=65 (full 0):
 garbage-first heap   total 336896K, used 171336K [0x0000000080000000, 0x0000000100000000)
  region size 1024K, 16 young (16384K), 8 survivors (8192K)
 Metaspace       used 128709K, committed 129984K, reserved 1163264K
  class space    used 17520K, committed 18112K, reserved 1048576K
}
Event: 1380.455 GC heap after
{Heap after GC invocations=66 (full 0):
 garbage-first heap   total 336896K, used 153162K [0x0000000080000000, 0x0000000100000000)
  region size 1024K, 2 young (2048K), 2 survivors (2048K)
 Metaspace       used 128709K, committed 129984K, reserved 1163264K
  class space    used 17520K, committed 18112K, reserved 1048576K
}
Event: 1380.925 GC heap before
{Heap before GC invocations=66 (full 0):
 garbage-first heap   total 336896K, used 167498K [0x0000000080000000, 0x0000000100000000)
  region size 1024K, 17 young (17408K), 2 survivors (2048K)
 Metaspace       used 128952K, committed 130368K, reserved 1163264K
  class space    used 17583K, committed 18240K, reserved 1048576K
}
Event: 1380.931 GC heap after
{Heap after GC invocations=67 (full 0):
 garbage-first heap   total 336896K, used 153450K [0x0000000080000000, 0x0000000100000000)
  region size 1024K, 2 young (2048K), 2 survivors (2048K)
 Metaspace       used 128952K, committed 130368K, reserved 1163264K
  class space    used 17583K, committed 18240K, reserved 1048576K
}
Event: 1553.316 GC heap before
{Heap before GC invocations=68 (full 0):
 garbage-first heap   total 336896K, used 244586K [0x0000000080000000, 0x0000000100000000)
  region size 1024K, 82 young (83968K), 2 survivors (2048K)
 Metaspace       used 129115K, committed 130560K, reserved 1163264K
  class space    used 17594K, committed 18304K, reserved 1048576K
}
Event: 1553.333 GC heap after
{Heap after GC invocations=69 (full 0):
 garbage-first heap   total 336896K, used 151556K [0x0000000080000000, 0x0000000100000000)
  region size 1024K, 9 young (9216K), 9 survivors (9216K)
 Metaspace       used 129115K, committed 130560K, reserved 1163264K
  class space    used 17594K, committed 18304K, reserved 1048576K
}
Event: 1553.523 GC heap before
{Heap before GC invocations=69 (full 0):
 garbage-first heap   total 336896K, used 158724K [0x0000000080000000, 0x0000000100000000)
  region size 1024K, 16 young (16384K), 9 survivors (9216K)
 Metaspace       used 129125K, committed 130560K, reserved 1163264K
  class space    used 17594K, committed 18304K, reserved 1048576K
}
Event: 1553.541 GC heap after
{Heap after GC invocations=70 (full 0):
 garbage-first heap   total 336896K, used 138002K [0x0000000080000000, 0x0000000100000000)
  region size 1024K, 2 young (2048K), 2 survivors (2048K)
 Metaspace       used 129125K, committed 130560K, reserved 1163264K
  class space    used 17594K, committed 18304K, reserved 1048576K
}
Event: 1679.955 GC heap before
{Heap before GC invocations=70 (full 0):
 garbage-first heap   total 336896K, used 235282K [0x0000000080000000, 0x0000000100000000)
  region size 1024K, 98 young (100352K), 2 survivors (2048K)
 Metaspace       used 129266K, committed 130752K, reserved 1163264K
  class space    used 17598K, committed 18304K, reserved 1048576K
}

Dll operation events (2 events):
Event: 0.010 Loaded shared library C:\Program Files\Android\Android Studio\jbr\bin\java.dll
Event: 0.399 Loaded shared library C:\Program Files\Android\Android Studio\jbr\bin\verify.dll

Deoptimization events (20 events):
Event: 1575.418 Thread 0x000001ec2dc28f70 Uncommon trap: trap_request=0xffffff45 fr.pc=0x000001ec19bdde5c relative=0x00000000000003fc
Event: 1575.419 Thread 0x000001ec2dc28f70 Uncommon trap: reason=unstable_if action=reinterpret pc=0x000001ec19bdde5c method=java.util.concurrent.FutureTask.run()V @ 4 c2
Event: 1575.419 Thread 0x000001ec2dc28f70 DEOPT PACKING pc=0x000001ec19bdde5c sp=0x0000003a0a4ff5a0
Event: 1575.419 Thread 0x000001ec2dc28f70 DEOPT UNPACKING pc=0x000001ec18bc69a3 sp=0x0000003a0a4ff538 mode 2
Event: 1679.110 Thread 0x000001ec2adfe200 Uncommon trap: trap_request=0xffffff45 fr.pc=0x000001ec1917b158 relative=0x0000000000001ed8
Event: 1679.110 Thread 0x000001ec2adfe200 Uncommon trap: reason=unstable_if action=reinterpret pc=0x000001ec1917b158 method=java.util.concurrent.locks.AbstractQueuedSynchronizer.hasQueuedPredecessors()Z @ 33 c2
Event: 1679.110 Thread 0x000001ec2adfe200 DEOPT PACKING pc=0x000001ec1917b158 sp=0x0000003a7f4fe940
Event: 1679.110 Thread 0x000001ec2adfe200 DEOPT UNPACKING pc=0x000001ec18bc69a3 sp=0x0000003a7f4fe820 mode 2
Event: 1679.404 Thread 0x000001ec2eec03f0 Uncommon trap: trap_request=0xffffffbe fr.pc=0x000001ec19e4dc70 relative=0x0000000000000fb0
Event: 1679.404 Thread 0x000001ec2eec03f0 Uncommon trap: reason=profile_predicate action=maybe_recompile pc=0x000001ec19e4dc70 method=com.google.common.base.Splitter$SplittingIterator.computeNext()Ljava/lang/String; @ 106 c2
Event: 1679.404 Thread 0x000001ec2eec03f0 DEOPT PACKING pc=0x000001ec19e4dc70 sp=0x0000003a009fa320
Event: 1679.404 Thread 0x000001ec2eec03f0 DEOPT UNPACKING pc=0x000001ec18bc69a3 sp=0x0000003a009fa1d0 mode 2
Event: 1679.433 Thread 0x000001ec2eec03f0 DEOPT PACKING pc=0x000001ec135b86ae sp=0x0000003a009f9e60
Event: 1679.433 Thread 0x000001ec2eec03f0 DEOPT UNPACKING pc=0x000001ec18bc7143 sp=0x0000003a009f9300 mode 0
Event: 1679.434 Thread 0x000001ec2eec03f0 DEOPT PACKING pc=0x000001ec135b86ae sp=0x0000003a009f9dd0
Event: 1679.434 Thread 0x000001ec2eec03f0 DEOPT UNPACKING pc=0x000001ec18bc7143 sp=0x0000003a009f9270 mode 0
Event: 1679.451 Thread 0x000001ec2eec03f0 DEOPT PACKING pc=0x000001ec135b86ae sp=0x0000003a009f9db0
Event: 1679.451 Thread 0x000001ec2eec03f0 DEOPT UNPACKING pc=0x000001ec18bc7143 sp=0x0000003a009f9250 mode 0
Event: 1679.451 Thread 0x000001ec2eec03f0 DEOPT PACKING pc=0x000001ec135b86ae sp=0x0000003a009f9d20
Event: 1679.451 Thread 0x000001ec2eec03f0 DEOPT UNPACKING pc=0x000001ec18bc7143 sp=0x0000003a009f91c0 mode 0

Classes unloaded (17 events):
Event: 21.411 Thread 0x000001ec29857db0 Unloading class 0x0000000100cfec00 'java/lang/invoke/LambdaForm$DMH+0x0000000100cfec00'
Event: 21.411 Thread 0x000001ec29857db0 Unloading class 0x0000000100cfe800 'java/lang/invoke/LambdaForm$DMH+0x0000000100cfe800'
Event: 21.411 Thread 0x000001ec29857db0 Unloading class 0x0000000100cfe400 'java/lang/invoke/LambdaForm$DMH+0x0000000100cfe400'
Event: 21.411 Thread 0x000001ec29857db0 Unloading class 0x0000000100cfe000 'java/lang/invoke/LambdaForm$DMH+0x0000000100cfe000'
Event: 21.411 Thread 0x000001ec29857db0 Unloading class 0x0000000100cfdc00 'java/lang/invoke/LambdaForm$DMH+0x0000000100cfdc00'
Event: 21.411 Thread 0x000001ec29857db0 Unloading class 0x0000000100cfd800 'java/lang/invoke/LambdaForm$DMH+0x0000000100cfd800'
Event: 21.411 Thread 0x000001ec29857db0 Unloading class 0x0000000100cfd400 'java/lang/invoke/LambdaForm$DMH+0x0000000100cfd400'
Event: 21.411 Thread 0x000001ec29857db0 Unloading class 0x0000000100cfc800 'java/lang/invoke/LambdaForm$DMH+0x0000000100cfc800'
Event: 21.411 Thread 0x000001ec29857db0 Unloading class 0x0000000100cfcc00 'java/lang/invoke/LambdaForm$DMH+0x0000000100cfcc00'
Event: 21.411 Thread 0x000001ec29857db0 Unloading class 0x0000000100cfd000 'java/lang/invoke/LambdaForm$DMH+0x0000000100cfd000'
Event: 21.411 Thread 0x000001ec29857db0 Unloading class 0x0000000100cfc400 'java/lang/invoke/LambdaForm$DMH+0x0000000100cfc400'
Event: 1293.789 Thread 0x000001ec29857db0 Unloading class 0x0000000100ecdc00 'jdk/internal/reflect/GeneratedSerializationConstructorAccessor160'
Event: 1293.790 Thread 0x000001ec29857db0 Unloading class 0x0000000100ecd800 'jdk/internal/reflect/GeneratedSerializationConstructorAccessor162'
Event: 1293.790 Thread 0x000001ec29857db0 Unloading class 0x0000000100ecd400 'jdk/internal/reflect/GeneratedSerializationConstructorAccessor163'
Event: 1293.790 Thread 0x000001ec29857db0 Unloading class 0x0000000100ecd000 'jdk/internal/reflect/GeneratedSerializationConstructorAccessor161'
Event: 1293.790 Thread 0x000001ec29857db0 Unloading class 0x0000000100eccc00 'jdk/internal/reflect/GeneratedSerializationConstructorAccessor159'
Event: 1293.790 Thread 0x000001ec29857db0 Unloading class 0x0000000100ecc800 'jdk/internal/reflect/GeneratedSerializationConstructorAccessor158'

Classes redefined (0 events):
No events

Internal exceptions (20 events):
Event: 1552.483 Thread 0x000001ec2dc268f0 Exception <a 'sun/nio/fs/WindowsException'{0x000000009099c928}> (0x000000009099c928) 
thrown [s\src\hotspot\share\prims\jni.cpp, line 517]
Event: 1552.484 Thread 0x000001ec2dc268f0 Exception <a 'sun/nio/fs/WindowsException'{0x000000009099dec8}> (0x000000009099dec8) 
thrown [s\src\hotspot\share\prims\jni.cpp, line 517]
Event: 1552.484 Thread 0x000001ec2dc268f0 Exception <a 'sun/nio/fs/WindowsException'{0x000000009099f1b0}> (0x000000009099f1b0) 
thrown [s\src\hotspot\share\prims\jni.cpp, line 517]
Event: 1552.624 Thread 0x000001ec2eebe710 Exception <a 'sun/nio/fs/WindowsException'{0x000000009041df88}> (0x000000009041df88) 
thrown [s\src\hotspot\share\prims\jni.cpp, line 517]
Event: 1553.786 Thread 0x000001ec2eebca30 Exception <a 'sun/nio/fs/WindowsException'{0x00000000942962f8}> (0x00000000942962f8) 
thrown [s\src\hotspot\share\prims\jni.cpp, line 517]
Event: 1553.787 Thread 0x000001ec2eebca30 Exception <a 'sun/nio/fs/WindowsException'{0x00000000942983f8}> (0x00000000942983f8) 
thrown [s\src\hotspot\share\prims\jni.cpp, line 517]
Event: 1553.788 Thread 0x000001ec2eebca30 Exception <a 'sun/nio/fs/WindowsException'{0x000000009429a378}> (0x000000009429a378) 
thrown [s\src\hotspot\share\prims\jni.cpp, line 517]
Event: 1553.801 Thread 0x000001ec2eec0d90 Exception <a 'sun/nio/fs/WindowsException'{0x00000000944119c8}> (0x00000000944119c8) 
thrown [s\src\hotspot\share\prims\jni.cpp, line 517]
Event: 1554.053 Thread 0x000001ec2eebcf00 Exception <a 'sun/nio/fs/WindowsException'{0x0000000093829378}> (0x0000000093829378) 
thrown [s\src\hotspot\share\prims\jni.cpp, line 517]
Event: 1554.073 Thread 0x000001ec2eebe240 Exception <a 'sun/nio/fs/WindowsException'{0x0000000093713768}> (0x0000000093713768) 
thrown [s\src\hotspot\share\prims\jni.cpp, line 517]
Event: 1554.130 Thread 0x000001ec2dc268f0 Exception <a 'sun/nio/fs/WindowsException'{0x00000000937b10d0}> (0x00000000937b10d0) 
thrown [s\src\hotspot\share\prims\jni.cpp, line 517]
Event: 1554.130 Thread 0x000001ec2dc268f0 Exception <a 'sun/nio/fs/WindowsException'{0x00000000937b15b0}> (0x00000000937b15b0) 
thrown [s\src\hotspot\share\prims\jni.cpp, line 517]
Event: 1554.131 Thread 0x000001ec2dc268f0 Exception <a 'sun/nio/fs/WindowsException'{0x00000000937b3598}> (0x00000000937b3598) 
thrown [s\src\hotspot\share\prims\jni.cpp, line 517]
Event: 1679.189 Thread 0x000001ec2eec03f0 Exception <a 'sun/nio/fs/WindowsException'{0x0000000090b6d700}> (0x0000000090b6d700) 
thrown [s\src\hotspot\share\prims\jni.cpp, line 517]
Event: 1679.428 Thread 0x000001ec2eec03f0 Exception <a 'sun/nio/fs/WindowsException'{0x000000008fd2f9b8}> (0x000000008fd2f9b8) 
thrown [s\src\hotspot\share\prims\jni.cpp, line 517]
Event: 1679.442 Thread 0x000001ec2eec03f0 Exception <a 'sun/nio/fs/WindowsException'{0x000000008fdcd9b0}> (0x000000008fdcd9b0) 
thrown [s\src\hotspot\share\prims\jni.cpp, line 517]
Event: 1679.442 Thread 0x000001ec2eec03f0 Exception <a 'sun/nio/fs/WindowsException'{0x000000008fdcec48}> (0x000000008fdcec48) 
thrown [s\src\hotspot\share\prims\jni.cpp, line 517]
Event: 1679.443 Thread 0x000001ec2eec03f0 Exception <a 'sun/nio/fs/WindowsException'{0x000000008fdcff30}> (0x000000008fdcff30) 
thrown [s\src\hotspot\share\prims\jni.cpp, line 517]
Event: 1679.443 Thread 0x000001ec2eec03f0 Exception <a 'sun/nio/fs/WindowsException'{0x000000008fdd1218}> (0x000000008fdd1218) 
thrown [s\src\hotspot\share\prims\jni.cpp, line 517]
Event: 1679.548 Thread 0x000001ec2dc29440 Exception <a 'sun/nio/fs/WindowsException'{0x000000008f8df260}> (0x000000008f8df260) 
thrown [s\src\hotspot\share\prims\jni.cpp, line 517]

VM Operations (20 events):
Event: 1547.746 Executing VM operation: Cleanup done
Event: 1551.786 Executing VM operation: Cleanup
Event: 1551.801 Executing VM operation: Cleanup done
Event: 1552.811 Executing VM operation: Cleanup
Event: 1552.811 Executing VM operation: Cleanup done
Event: 1553.315 Executing VM operation: G1CollectForAllocation
Event: 1553.333 Executing VM operation: G1CollectForAllocation done
Event: 1553.523 Executing VM operation: G1CollectForAllocation
Event: 1553.542 Executing VM operation: G1CollectForAllocation done
Event: 1554.556 Executing VM operation: Cleanup
Event: 1554.556 Executing VM operation: Cleanup done
Event: 1571.729 Executing VM operation: Cleanup
Event: 1571.729 Executing VM operation: Cleanup done
Event: 1674.748 Executing VM operation: Cleanup
Event: 1674.749 Executing VM operation: Cleanup done
Event: 1678.799 Executing VM operation: Cleanup
Event: 1678.800 Executing VM operation: Cleanup done
Event: 1679.805 Executing VM operation: Cleanup
Event: 1679.805 Executing VM operation: Cleanup done
Event: 1679.955 Executing VM operation: G1CollectForAllocation

Events (20 events):
Event: 1679.007 Thread 0x000001ec2aa0b2f0 Thread added: 0x000001ec2aa0b2f0
Event: 1679.008 Thread 0x000001ec2aa07e00 Thread added: 0x000001ec2aa07e00
Event: 1679.008 Thread 0x000001ec2aa0bc90 Thread added: 0x000001ec2aa0bc90
Event: 1679.009 Thread 0x000001ec2aa082d0 Thread added: 0x000001ec2aa082d0
Event: 1679.009 Thread 0x000001ec2aa087a0 Thread added: 0x000001ec2aa087a0
Event: 1679.009 Thread 0x000001ec2aa0c630 Thread added: 0x000001ec2aa0c630
Event: 1679.149 Thread 0x000001ec2aa08c70 Thread added: 0x000001ec2aa08c70
Event: 1679.522 Thread 0x000001ec2aa0cfd0 Thread added: 0x000001ec2aa0cfd0
Event: 1679.524 Thread 0x000001ec2aa0e310 Thread added: 0x000001ec2aa0e310
Event: 1679.524 Thread 0x000001ec2aa0de40 Thread added: 0x000001ec2aa0de40
Event: 1679.524 Thread 0x000001ec2aa0d4a0 Thread added: 0x000001ec2aa0d4a0
Event: 1679.525 Thread 0x000001ec2aa0d970 Thread added: 0x000001ec2aa0d970
Event: 1679.525 Thread 0x000001ec2dc255b0 Thread added: 0x000001ec2dc255b0
Event: 1679.525 Thread 0x000001ec2dc29440 Thread added: 0x000001ec2dc29440
Event: 1679.525 Thread 0x000001ec2dc28100 Thread added: 0x000001ec2dc28100
Event: 1679.525 Thread 0x000001ec2dc27290 Thread added: 0x000001ec2dc27290
Event: 1679.526 Thread 0x000001ec2dc2a2b0 Thread added: 0x000001ec2dc2a2b0
Event: 1679.526 Thread 0x000001ec2dc29910 Thread added: 0x000001ec2dc29910
Event: 1679.527 Thread 0x000001ec2dc29de0 Thread added: 0x000001ec2dc29de0
Event: 1679.532 Thread 0x000001ec2dc268f0 Thread added: 0x000001ec2dc268f0


Dynamic libraries:
0x00007ff7d87f0000 - 0x00007ff7d87fa000 	C:\Program Files\Android\Android Studio\jbr\bin\java.exe
0x00007ff96f020000 - 0x00007ff96f287000 	C:\WINDOWS\SYSTEM32\ntdll.dll
0x00007ff96d5f0000 - 0x00007ff96d6b9000 	C:\WINDOWS\System32\KERNEL32.DLL
0x00007ff96bb10000 - 0x00007ff96bf04000 	C:\WINDOWS\System32\KERNELBASE.dll
0x00007ff96bfa0000 - 0x00007ff96c0eb000 	C:\WINDOWS\System32\ucrtbase.dll
0x00007ff94bcf0000 - 0x00007ff94bd07000 	C:\Program Files\Android\Android Studio\jbr\bin\jli.dll
0x00007ff9364a0000 - 0x00007ff9364bb000 	C:\Program Files\Android\Android Studio\jbr\bin\VCRUNTIME140.dll
0x00007ff96ebe0000 - 0x00007ff96eda5000 	C:\WINDOWS\System32\USER32.dll
0x00007ff96cd80000 - 0x00007ff96cda7000 	C:\WINDOWS\System32\win32u.dll
0x00007ff96de30000 - 0x00007ff96de5b000 	C:\WINDOWS\System32\GDI32.dll
0x00007ff96c1a0000 - 0x00007ff96c2cb000 	C:\WINDOWS\System32\gdi32full.dll
0x00007ff94dc60000 - 0x00007ff94def3000 	C:\WINDOWS\WinSxS\amd64_microsoft.windows.common-controls_6595b64144ccf1df_6.0.26100.8115_none_3e075c82e3354f9c\COMCTL32.dll
0x00007ff96ba60000 - 0x00007ff96bb03000 	C:\WINDOWS\System32\msvcp_win.dll
0x00007ff96ce20000 - 0x00007ff96cec9000 	C:\WINDOWS\System32\msvcrt.dll
0x00007ff96ced0000 - 0x00007ff96cf02000 	C:\WINDOWS\System32\IMM32.DLL
0x00007ff93f9c0000 - 0x00007ff93f9cc000 	C:\Program Files\Android\Android Studio\jbr\bin\vcruntime140_1.dll
0x00007ff90db70000 - 0x00007ff90dbfd000 	C:\Program Files\Android\Android Studio\jbr\bin\msvcp140.dll
0x00007ff8c7220000 - 0x00007ff8c7e8e000 	C:\Program Files\Android\Android Studio\jbr\bin\server\jvm.dll
0x00007ff96d530000 - 0x00007ff96d5e6000 	C:\WINDOWS\System32\ADVAPI32.dll
0x00007ff96d260000 - 0x00007ff96d307000 	C:\WINDOWS\System32\sechost.dll
0x00007ff96e410000 - 0x00007ff96e528000 	C:\WINDOWS\System32\RPCRT4.dll
0x00007ff958430000 - 0x00007ff95843b000 	C:\WINDOWS\SYSTEM32\VERSION.dll
0x00007ff9423c0000 - 0x00007ff9423ca000 	C:\WINDOWS\SYSTEM32\WSOCK32.dll
0x00007ff969860000 - 0x00007ff969896000 	C:\WINDOWS\SYSTEM32\WINMM.dll
0x00007ff96edb0000 - 0x00007ff96ee30000 	C:\WINDOWS\System32\WS2_32.dll
0x00007ff96a620000 - 0x00007ff96a63b000 	C:\WINDOWS\SYSTEM32\kernel.appcore.dll
0x00007ff957fe0000 - 0x00007ff957fea000 	C:\Program Files\Android\Android Studio\jbr\bin\jimage.dll
0x00007ff969570000 - 0x00007ff9697b2000 	C:\WINDOWS\SYSTEM32\DBGHELP.DLL
0x00007ff96e570000 - 0x00007ff96e8f2000 	C:\WINDOWS\System32\combase.dll
0x00007ff96e330000 - 0x00007ff96e408000 	C:\WINDOWS\System32\OLEAUT32.dll
0x00007ff969820000 - 0x00007ff96985b000 	C:\WINDOWS\SYSTEM32\dbgcore.DLL
0x00007ff96c0f0000 - 0x00007ff96c195000 	C:\WINDOWS\System32\bcryptPrimitives.dll
0x00007ff94e910000 - 0x00007ff94e935000 	C:\Program Files\Android\Android Studio\jbr\bin\java.dll
0x00007ff957fc0000 - 0x00007ff957fd8000 	C:\Program Files\Android\Android Studio\jbr\bin\zip.dll
0x00007ff96d6c0000 - 0x00007ff96de27000 	C:\WINDOWS\System32\SHELL32.dll
0x00007ff96b8f0000 - 0x00007ff96ba5a000 	C:\WINDOWS\System32\wintypes.dll
0x00007ff96c510000 - 0x00007ff96cd78000 	C:\WINDOWS\System32\windows.storage.dll
0x00007ff96cf20000 - 0x00007ff96d018000 	C:\WINDOWS\System32\SHCORE.dll
0x00007ff96cdb0000 - 0x00007ff96ce16000 	C:\WINDOWS\System32\shlwapi.dll
0x00007ff96b810000 - 0x00007ff96b839000 	C:\WINDOWS\SYSTEM32\profapi.dll
0x00007ff94be00000 - 0x00007ff94be19000 	C:\Program Files\Android\Android Studio\jbr\bin\net.dll
0x00007ff964870000 - 0x00007ff96499d000 	C:\WINDOWS\SYSTEM32\WINHTTP.dll
0x00007ff96abf0000 - 0x00007ff96ac5c000 	C:\WINDOWS\system32\mswsock.dll
0x00007ff94bde0000 - 0x00007ff94bdf6000 	C:\Program Files\Android\Android Studio\jbr\bin\nio.dll
0x00007ff956da0000 - 0x00007ff956db0000 	C:\Program Files\Android\Android Studio\jbr\bin\verify.dll
0x00007ff92f100000 - 0x00007ff92f127000 	C:\Users\Ashley (etu-arakoto)\.gradle\native\68d5fa5c4cc2d200863cafc0d521ce42e7d3e7ee720ec0a83991735586a16f82\windows-amd64\native-platform.dll
0x00007ff900280000 - 0x00007ff9003c4000 	C:\Users\Ashley (etu-arakoto)\.gradle\native\e376f236ea51e6404a007f0833ffe2c6e607c4080706a723a18a27aeea778392\windows-amd64\native-platform-file-events.dll
0x00007ff9544b0000 - 0x00007ff9544b9000 	C:\Program Files\Android\Android Studio\jbr\bin\management.dll
0x00007ff9542f0000 - 0x00007ff9542fb000 	C:\Program Files\Android\Android Studio\jbr\bin\management_ext.dll
0x00007ff96e300000 - 0x00007ff96e308000 	C:\WINDOWS\System32\PSAPI.DLL
0x00007ff96aed0000 - 0x00007ff96aeeb000 	C:\WINDOWS\SYSTEM32\CRYPTSP.dll
0x00007ff96a5e0000 - 0x00007ff96a619000 	C:\WINDOWS\system32\rsaenh.dll
0x00007ff96aca0000 - 0x00007ff96acd3000 	C:\WINDOWS\SYSTEM32\USERENV.dll
0x00007ff96b7e0000 - 0x00007ff96b80a000 	C:\WINDOWS\SYSTEM32\bcrypt.dll
0x00007ff96aef0000 - 0x00007ff96aefc000 	C:\WINDOWS\SYSTEM32\CRYPTBASE.dll
0x00007ff96a030000 - 0x00007ff96a062000 	C:\WINDOWS\SYSTEM32\IPHLPAPI.DLL
0x00007ff96e2f0000 - 0x00007ff96e2fa000 	C:\WINDOWS\System32\NSI.dll
0x00007ff965180000 - 0x00007ff96519d000 	C:\WINDOWS\SYSTEM32\dhcpcsvc6.DLL
0x00007ff965150000 - 0x00007ff965175000 	C:\WINDOWS\SYSTEM32\dhcpcsvc.DLL
0x00007ff96a0c0000 - 0x00007ff96a1f2000 	C:\WINDOWS\SYSTEM32\DNSAPI.dll
0x00007ff92ec40000 - 0x00007ff92ec48000 	C:\WINDOWS\system32\wshunix.dll
0x00007ff9431b0000 - 0x00007ff9431c8000 	C:\WINDOWS\system32\napinsp.dll
0x00007ff943010000 - 0x00007ff943023000 	C:\WINDOWS\System32\winrnr.dll
0x00007ff942fe0000 - 0x00007ff943002000 	C:\WINDOWS\system32\nlansp_c.dll
0x00007ff942fc0000 - 0x00007ff942fd6000 	C:\WINDOWS\system32\wshbth.dll
0x00007ff964ba0000 - 0x00007ff964bab000 	C:\Windows\System32\rasadhlp.dll
0x00007ff965be0000 - 0x00007ff965c66000 	C:\WINDOWS\System32\fwpuclnt.dll
0x00007ff957ff0000 - 0x00007ff957ff7000 	C:\Program Files\Android\Android Studio\jbr\bin\rmi.dll
0x00007ff96a7a0000 - 0x00007ff96a7d6000 	C:\WINDOWS\SYSTEM32\ntmarta.dll

dbghelp: loaded successfully - version: 4.0.5 - missing functions: none
symbol engine: initialized successfully - sym options: 0x614 - pdb path: .;C:\Program Files\Android\Android Studio\jbr\bin;C:\WINDOWS\SYSTEM32;C:\WINDOWS\WinSxS\amd64_microsoft.windows.common-controls_6595b64144ccf1df_6.0.26100.8115_none_3e075c82e3354f9c;C:\Program Files\Android\Android Studio\jbr\bin\server;C:\Users\Ashley (etu-arakoto)\.gradle\native\68d5fa5c4cc2d200863cafc0d521ce42e7d3e7ee720ec0a83991735586a16f82\windows-amd64;C:\Users\Ashley (etu-arakoto)\.gradle\native\e376f236ea51e6404a007f0833ffe2c6e607c4080706a723a18a27aeea778392\windows-amd64

VM Arguments:
jvm_args: --add-opens=java.base/java.util=ALL-UNNAMED --add-opens=java.base/java.lang=ALL-UNNAMED --add-opens=java.base/java.lang.invoke=ALL-UNNAMED --add-opens=java.prefs/java.util.prefs=ALL-UNNAMED --add-opens=java.base/java.nio.charset=ALL-UNNAMED --add-opens=java.base/java.net=ALL-UNNAMED --add-opens=java.base/java.util.concurrent.atomic=ALL-UNNAMED -Xmx2048m -Dfile.encoding=UTF-8 -Duser.country=FR -Duser.language=fr -Duser.variant 
java_command: org.gradle.launcher.daemon.bootstrap.GradleDaemon 8.0
java_class_path (initial): C:\Users\Ashley (etu-arakoto)\.gradle\wrapper\dists\gradle-8.0-bin\ca5e32bp14vu59qr306oxotwh\gradle-8.0\lib\gradle-launcher-8.0.jar
Launcher Type: SUN_STANDARD

[Global flags]
     intx CICompilerCount                          = 4                                         {product} {ergonomic}
     uint ConcGCThreads                            = 3                                         {product} {ergonomic}
     uint G1ConcRefinementThreads                  = 10                                        {product} {ergonomic}
   size_t G1HeapRegionSize                         = 1048576                                   {product} {ergonomic}
    uintx GCDrainStackTargetSize                   = 64                                        {product} {ergonomic}
   size_t InitialHeapSize                          = 264241152                                 {product} {ergonomic}
   size_t MarkStackSize                            = 4194304                                   {product} {ergonomic}
   size_t MaxHeapSize                              = 2147483648                                {product} {command line}
   size_t MaxNewSize                               = 1287651328                                {product} {ergonomic}
   size_t MinHeapDeltaBytes                        = 1048576                                   {product} {ergonomic}
   size_t MinHeapSize                              = 8388608                                   {product} {ergonomic}
    uintx NonNMethodCodeHeapSize                   = 5839372                                {pd product} {ergonomic}
    uintx NonProfiledCodeHeapSize                  = 122909434                              {pd product} {ergonomic}
    uintx ProfiledCodeHeapSize                     = 122909434                              {pd product} {ergonomic}
    uintx ReservedCodeCacheSize                    = 251658240                              {pd product} {ergonomic}
     bool SegmentedCodeCache                       = true                                      {product} {ergonomic}
   size_t SoftMaxHeapSize                          = 2147483648                             {manageable} {ergonomic}
     bool UseCompressedClassPointers               = true                           {product lp64_product} {ergonomic}
     bool UseCompressedOops                        = true                           {product lp64_product} {ergonomic}
     bool UseG1GC                                  = true                                      {product} {ergonomic}
     bool UseLargePagesIndividualAllocation        = false                                  {pd product} {ergonomic}

Logging:
Log output configuration:
 #0: stdout all=warning uptime,level,tags
 #1: stderr all=off uptime,level,tags

Environment Variables:
PATH=C:\Program Files\Eclipse Adoptium\jdk-21.0.3.9-hotspot\bin;C:\Python312\Scripts\;C:\Python312\;C:\Program Files (x86)\Common Files\Oracle\Java\javapath;C:\WINDOWS\system32;C:\WINDOWS;C:\WINDOWS\System32\Wbem;C:\WINDOWS\System32\WindowsPowerShell\v1.0\;C:\WINDOWS\System32\OpenSSH\;C:\Program Files\dotnet\;C:\Program Files\Microsoft SQL Server\150\Tools\Binn\;C:\Program Files\Microsoft SQL Server\Client SDK\ODBC\170\Tools\Binn\;C:\Program Files\MongoDB\mongosh-2.0.1-win32-x64\bin;C:\ProgramData\chocolatey\bin;C:\Program Files\k6\;C:\Program Files\Git\cmd;C:\Program Files\PuTTY\;C:\composer;C:\xampp\mysql\bin\mysql.exe;C:\Program Files\Go\bin;C:\Program Files\Docker\Docker\resources\bin;C:\Users\Ashley (etu-arakoto)\AppData\Local\nvm;C:\nvm4w\nodejs;C:\Program Files (x86)\Microsoft SQL Server\160\Tools\Binn\;C:\Program Files\Microsoft SQL Server\160\Tools\Binn\;C:\Program Files\Microsoft SQL Server\160\DTS\Binn\;C:\Ruby33-x64\bin;C:\Users\Ashley (etu-arakoto)\.cargo\bin;C:\Users\Ashley (etu-arakoto)\AppData\Local\Microsoft\WindowsApps;C:\Users\Ashley (etu-arakoto)\AppData\Local\Programs\Microsoft VS Code\bin;C:\Users\Ashley (etu-arakoto)\.dotnet\tools;C:\Program Files\MongoDB\Server\7.0\bin;C:\Users\Ashley (etu-arakoto)\AppData\Roaming\npm;C:\dartsdk-windows-x64-release\dart-sdk\bin;C:\PHP;C:\Users\Ashley (etu-arakoto)\AppData\Roaming\Composer\vendor\bin;C:\composer;C:\xampp\mysql\bin;C:\Program Files (x86)\Java\jre-1.8\bin;C:\Users\Ashley (etu-arakoto)\AppData\Roaming\Programs\Zero Install;C:\Users\Ashley (etu-arakoto)\go\bin;C:\Program Files\Go\bin;C:\apache-maven-3.9.9-bin\apache-maven-3.9.9\bin;C:\spring-3.3.5\bin;C:\kotlinc\bin;C:\gradle-8.12\bin;C:\Program Files\PostgreSQL\16\bin;C:\Users\Ashley (etu-arakoto)\AppData\Local\Microsoft\WindowsApps;C:\Python312\Scripts;C:\sqlite3;C:\stripe_1.29.0_windows_x86_64;C:\flutter_windows_3.13.6-stable\flutter\bin;C:\Users\Ashley (etu-arakoto)\AppData\Local\nvm;C:\nvm4w\nodejs
USERNAME=Ashley (etu-arakoto)
OS=Windows_NT
PROCESSOR_IDENTIFIER=Intel64 Family 6 Model 186 Stepping 3, GenuineIntel
TMP=C:\Users\ASHLEY~1\AppData\Local\Temp
TEMP=C:\Users\ASHLEY~1\AppData\Local\Temp


JNI global refs:
JNI global refs: 26, weak refs: 3

JNI global refs memory usage: 843, weak refs: 841


---------------  S Y S T E M  ---------------

OS:
 Windows 11 , 64 bit Build 26100 (10.0.26100.8246)
OS uptime: 7 days 18:44 hours
Hyper-V role detected

CPU: total 12 (initial active 12) (6 cores per cpu, 2 threads per core) family 6 model 186 stepping 3 microcode 0x6134, cx8, cmov, fxsr, ht, mmx, 3dnowpref, sse, sse2, sse3, ssse3, sse4.1, sse4.2, popcnt, lzcnt, tsc, tscinvbit, avx, avx2, aes, erms, clmul, bmi1, bmi2, adx, sha, fma, vzeroupper, clflush, clflushopt, clwb, hv

Memory: 4k page, system-wide physical 16068M (893M free)
TotalPageFile size 65220M (AvailPageFile size 329M)
current process WorkingSet (physical memory assigned to process): 602M, peak: 611M
current process commit charge ("private bytes"): 712M, peak: 1281M

vm_info: OpenJDK 64-Bit Server VM (17.0.6+0-b2043.56-10027231) for windows-amd64 JRE (17.0.6+0-b2043.56-10027231), built on Apr 28 2023 00:43:19 by "androidbuild" with MS VC++ 16.10 / 16.11 (VS2019)

END.
